===============================================
Build Log — 2026-07-16 18:07:30
Device: R5CT34EH30F
===============================================

Selected device: R5CT34EH30F
Force clean: False
Force build: True

Gradle build started
Initialized native services in: C:\Users\hameed\.gradle\native
Initialized jansi services in: C:\Users\hameed\.gradle\native
Received JVM installation metadata from 'C:\Program Files\Android\Android Studio\jbr': {JAVA_HOME=C:\Program Files\Android\Android Studio\jbr, JAVA_VERSION=21.0.9, JAVA_VENDOR=JetBrains s.r.o., RUNTIME_NAME=OpenJDK Runtime Environment, RUNTIME_VERSION=21.0.9+-14787801-b1163.94, VM_NAME=OpenJDK 64-Bit Server VM, VM_VERSION=21.0.9+-14787801-b1163.94, VM_VENDOR=JetBrains s.r.o., OS_ARCH=amd64}
The client will now receive all logging from the daemon (pid: 16544). The daemon log file: C:\Users\hameed\.gradle\daemon\8.5\daemon-16544.out.log
Starting 7th build in daemon [uptime: 1 hrs 53 mins 18.245 secs, performance: 100%, GC rate: 0.00/s, heap usage: 3% of 2 GiB]
Using 4 worker leases.
Now considering [C:\Users\hameed\Documents\GitHub\owlen] as hierarchies to watch
Watching the file system is configured to be enabled if available
File system watching is active
Starting Build
Settings evaluated using settings file 'C:\Users\hameed\Documents\GitHub\owlen\settings.gradle.kts'.
Using local directory build cache for the root build (location = C:\Users\hameed\.gradle\caches\build-cache-1, removeUnusedEntriesAfter = 7 days).
Projects loaded. Root project using build file 'C:\Users\hameed\Documents\GitHub\owlen\build.gradle.kts'.
Included projects: [root project 'Owlen', project ':app']

> Configure project :
Evaluating root project 'Owlen' using build file 'C:\Users\hameed\Documents\GitHub\owlen\build.gradle.kts'.

> Configure project :app
Evaluating project ':app' using build file 'C:\Users\hameed\Documents\GitHub\owlen\app\build.gradle.kts'.
Using default execution profile
Using Kotlin Gradle Plugin gradle82 variant
Build cache key for Kotlin DSL accessors for project ':app' is 70a4ed15d494d3eca4692fc9fe68f23a
Skipping Kotlin DSL accessors for project ':app' as it is up-to-date.
All projects evaluated.
Task path ':app:installDebug' matched project ':app'
Task name matched 'installDebug'
Selected primary task 'installDebug' from project :app
Tasks to be executed: [task ':app:checkKotlinGradlePluginConfigurationErrors', task ':app:preBuild', task ':app:preDebugBuild', task ':app:checkDebugAarMetadata', task ':app:generateDebugResValues', task ':app:mapDebugSourceSetPaths', task ':app:generateDebugResources', task ':app:mergeDebugResources', task ':app:packageDebugResources', task ':app:parseDebugLocalResources', task ':app:createDebugCompatibleScreenManifests', task ':app:extractDeepLinksDebug', task ':app:processDebugMainManifest', task ':app:processDebugManifest', task ':app:processDebugManifestForPackage', task ':app:processDebugResources', task ':app:kaptGenerateStubsDebugKotlin', task ':app:kaptDebugKotlin', task ':app:compileDebugKotlin', task ':app:javaPreCompileDebug', task ':app:compileDebugJavaWithJavac', task ':app:mergeDebugShaders', task ':app:compileDebugShaders', task ':app:generateDebugAssets', task ':app:mergeDebugAssets', task ':app:compressDebugAssets', task ':app:hiltAggregateDepsDebug', task ':app:hiltJavaCompileDebug', task ':app:processDebugJavaRes', task ':app:mergeDebugJavaResource', task ':app:checkDebugDuplicateClasses', task ':app:desugarDebugFileDependencies', task ':app:mergeExtDexDebug', task ':app:mergeLibDexDebug', task ':app:transformDebugClassesWithAsm', task ':app:dexBuilderDebug', task ':app:mergeProjectDexDebug', task ':app:mergeDebugJniLibFolders', task ':app:mergeDebugNativeLibs', task ':app:stripDebugDebugSymbols', task ':app:validateSigningDebug', task ':app:writeDebugAppMetadata', task ':app:writeDebugSigningConfigVersions', task ':app:packageDebug', task ':app:createDebugApkListingFileRedirect', task ':app:installDebug']
Tasks that were excluded: []
Resolve mutations for :app:checkKotlinGradlePluginConfigurationErrors (Thread[#427,Execution worker,5,main]) started.
:app:checkKotlinGradlePluginConfigurationErrors (Thread[#427,Execution worker,5,main]) started.

> Task :app:checkKotlinGradlePluginConfigurationErrors
Caching disabled for task ':app:checkKotlinGradlePluginConfigurationErrors' because:
  This task renders reported diagnostics; caching this task will hide diagnostics and obscure issues in the build
Task ':app:checkKotlinGradlePluginConfigurationErrors' is not up-to-date because:
  Task has not declared any outputs despite executing actions.
Resolve mutations for :app:preBuild (Thread[#426,included builds,5,main]) started.
:app:preBuild (Thread[#426,included builds,5,main]) started.

> Task :app:preBuild UP-TO-DATE
Skipping task ':app:preBuild' as it has no actions.
Resolve mutations for :app:preDebugBuild (Thread[#426,included builds,5,main]) started.
:app:preDebugBuild (Thread[#427,Execution worker,5,main]) started.

> Task :app:preDebugBuild UP-TO-DATE
Skipping task ':app:preDebugBuild' as it has no actions.
Resolve mutations for :app:checkDebugAarMetadata (Thread[#427,Execution worker,5,main]) started.
:app:checkDebugAarMetadata (Thread[#427,Execution worker,5,main]) started.

> Task :app:checkDebugAarMetadata UP-TO-DATE
Transforming hilt-navigation-1.1.0.aar (androidx.hilt:hilt-navigation:1.1.0) with JetifyTransform
Transforming hilt-navigation-compose-1.1.0.aar (androidx.hilt:hilt-navigation-compose:1.1.0) with JetifyTransform
Transforming hilt-navigation-1.1.0.aar (androidx.hilt:hilt-navigation:1.1.0) with ExtractAarTransform
Transforming hilt-navigation-1.1.0.aar (androidx.hilt:hilt-navigation:1.1.0) with AarTransform
Transforming navigation-runtime-2.7.7.aar (androidx.navigation:navigation-runtime:2.7.7) with JetifyTransform
Transforming hilt-navigation-compose-1.1.0.aar (androidx.hilt:hilt-navigation-compose:1.1.0) with ExtractAarTransform
Transforming navigation-runtime-2.7.7.aar (androidx.navigation:navigation-runtime:2.7.7) with ExtractAarTransform
Transforming navigation-runtime-2.7.7.aar (androidx.navigation:navigation-runtime:2.7.7) with AarTransform
Transforming hilt-navigation-compose-1.1.0.aar (androidx.hilt:hilt-navigation-compose:1.1.0) with AarTransform
Transforming navigation-common-ktx-2.7.7.aar (androidx.navigation:navigation-common-ktx:2.7.7) with JetifyTransform
Transforming navigation-common-ktx-2.7.7.aar (androidx.navigation:navigation-common-ktx:2.7.7) with ExtractAarTransform
Transforming navigation-common-ktx-2.7.7.aar (androidx.navigation:navigation-common-ktx:2.7.7) with AarTransform
Transforming navigation-runtime-ktx-2.7.7.aar (androidx.navigation:navigation-runtime-ktx:2.7.7) with JetifyTransform
Transforming navigation-runtime-ktx-2.7.7.aar (androidx.navigation:navigation-runtime-ktx:2.7.7) with ExtractAarTransform
Transforming navigation-runtime-ktx-2.7.7.aar (androidx.navigation:navigation-runtime-ktx:2.7.7) with AarTransform
Transforming navigation-compose-2.7.7.aar (androidx.navigation:navigation-compose:2.7.7) with JetifyTransform
Transforming navigation-compose-2.7.7.aar (androidx.navigation:navigation-compose:2.7.7) with ExtractAarTransform
Transforming navigation-compose-2.7.7.aar (androidx.navigation:navigation-compose:2.7.7) with AarTransform
Transforming navigation-common-2.7.7.aar (androidx.navigation:navigation-common:2.7.7) with JetifyTransform
Transforming navigation-common-2.7.7.aar (androidx.navigation:navigation-common:2.7.7) with ExtractAarTransform
Transforming navigation-common-2.7.7.aar (androidx.navigation:navigation-common:2.7.7) with AarTransform
Transforming datastore-preferences-1.0.0.aar (androidx.datastore:datastore-preferences:1.0.0) with JetifyTransform
Transforming fragment-1.5.1.aar (androidx.fragment:fragment:1.5.1) with JetifyTransform
Transforming datastore-preferences-1.0.0.aar (androidx.datastore:datastore-preferences:1.0.0) with ExtractAarTransform
Transforming fragment-1.5.1.aar (androidx.fragment:fragment:1.5.1) with ExtractAarTransform
Transforming datastore-preferences-1.0.0.aar (androidx.datastore:datastore-preferences:1.0.0) with AarTransform
Transforming fragment-1.5.1.aar (androidx.fragment:fragment:1.5.1) with AarTransform
Transforming activity-ktx-1.8.1.aar (androidx.activity:activity-ktx:1.8.1) with JetifyTransform
Transforming activity-ktx-1.8.1.aar (androidx.activity:activity-ktx:1.8.1) with ExtractAarTransform
Transforming activity-ktx-1.8.1.aar (androidx.activity:activity-ktx:1.8.1) with AarTransform
Transforming material3-release.aar (androidx.compose.material3:material3-android:1.2.1) with JetifyTransform
Transforming material3-release.aar (androidx.compose.material3:material3-android:1.2.1) with ExtractAarTransform
Transforming material3-release.aar (androidx.compose.material3:material3-android:1.2.1) with AarTransform
Transforming hilt-android-2.48.aar (com.google.dagger:hilt-android:2.48) with JetifyTransform
Transforming hilt-android-2.48.aar (com.google.dagger:hilt-android:2.48) with ExtractAarTransform
Transforming hilt-android-2.48.aar (com.google.dagger:hilt-android:2.48) with AarTransform
Transforming activity-1.8.1.aar (androidx.activity:activity:1.8.1) with JetifyTransform
Transforming material-release.aar (androidx.compose.material:material-android:1.6.4) with JetifyTransform
Transforming material-release.aar (androidx.compose.material:material-android:1.6.4) with ExtractAarTransform
Transforming material-icons-extended-release.aar (androidx.compose.material:material-icons-extended-android:1.6.4) with JetifyTransform
Transforming material-release.aar (androidx.compose.material:material-android:1.6.4) with AarTransform
Transforming material-icons-extended-release.aar (androidx.compose.material:material-icons-extended-android:1.6.4) with ExtractAarTransform
Transforming material-icons-extended-release.aar (androidx.compose.material:material-icons-extended-android:1.6.4) with AarTransform
Transforming material-icons-core-release.aar (androidx.compose.material:material-icons-core-android:1.6.4) with JetifyTransform
Transforming material-icons-core-release.aar (androidx.compose.material:material-icons-core-android:1.6.4) with ExtractAarTransform
Transforming material-ripple-release.aar (androidx.compose.material:material-ripple-android:1.6.4) with JetifyTransform
Transforming material-icons-core-release.aar (androidx.compose.material:material-icons-core-android:1.6.4) with AarTransform
Transforming material-ripple-release.aar (androidx.compose.material:material-ripple-android:1.6.4) with ExtractAarTransform
Transforming material-ripple-release.aar (androidx.compose.material:material-ripple-android:1.6.4) with AarTransform
Transforming foundation-layout-release.aar (androidx.compose.foundation:foundation-layout-android:1.6.5) with JetifyTransform
Transforming foundation-layout-release.aar (androidx.compose.foundation:foundation-layout-android:1.6.5) with ExtractAarTransform
Transforming foundation-layout-release.aar (androidx.compose.foundation:foundation-layout-android:1.6.5) with AarTransform
Transforming ui-tooling-data-release.aar (androidx.compose.ui:ui-tooling-data-android:1.6.5) with JetifyTransform
Transforming ui-tooling-data-release.aar (androidx.compose.ui:ui-tooling-data-android:1.6.5) with ExtractAarTransform
Transforming ui-tooling-data-release.aar (androidx.compose.ui:ui-tooling-data-android:1.6.5) with AarTransform
Transforming activity-1.8.1.aar (androidx.activity:activity:1.8.1) with ExtractAarTransform
Transforming animation-core-release.aar (androidx.compose.animation:animation-core-android:1.6.5) with JetifyTransform
Transforming animation-core-release.aar (androidx.compose.animation:animation-core-android:1.6.5) with ExtractAarTransform
Transforming foundation-release.aar (androidx.compose.foundation:foundation-android:1.6.5) with JetifyTransform
Transforming animation-core-release.aar (androidx.compose.animation:animation-core-android:1.6.5) with AarTransform
Transforming foundation-release.aar (androidx.compose.foundation:foundation-android:1.6.5) with ExtractAarTransform
Transforming foundation-release.aar (androidx.compose.foundation:foundation-android:1.6.5) with AarTransform
Transforming ui-unit-release.aar (androidx.compose.ui:ui-unit-android:1.6.5) with JetifyTransform
Transforming ui-unit-release.aar (androidx.compose.ui:ui-unit-android:1.6.5) with ExtractAarTransform
Transforming ui-unit-release.aar (androidx.compose.ui:ui-unit-android:1.6.5) with AarTransform
Transforming ui-util-release.aar (androidx.compose.ui:ui-util-android:1.6.5) with JetifyTransform
Transforming ui-util-release.aar (androidx.compose.ui:ui-util-android:1.6.5) with ExtractAarTransform
Transforming ui-util-release.aar (androidx.compose.ui:ui-util-android:1.6.5) with AarTransform
Transforming ui-geometry-release.aar (androidx.compose.ui:ui-geometry-android:1.6.5) with JetifyTransform
Transforming ui-geometry-release.aar (androidx.compose.ui:ui-geometry-android:1.6.5) with ExtractAarTransform
Transforming ui-geometry-release.aar (androidx.compose.ui:ui-geometry-android:1.6.5) with AarTransform
Transforming ui-text-release.aar (androidx.compose.ui:ui-text-android:1.6.5) with JetifyTransform
Transforming ui-text-release.aar (androidx.compose.ui:ui-text-android:1.6.5) with ExtractAarTransform
Transforming ui-text-release.aar (androidx.compose.ui:ui-text-android:1.6.5) with AarTransform
Transforming ui-tooling-preview-release.aar (androidx.compose.ui:ui-tooling-preview-android:1.6.5) with JetifyTransform
Transforming ui-tooling-preview-release.aar (androidx.compose.ui:ui-tooling-preview-android:1.6.5) with ExtractAarTransform
Transforming ui-tooling-preview-release.aar (androidx.compose.ui:ui-tooling-preview-android:1.6.5) with AarTransform
Transforming ui-graphics-release.aar (androidx.compose.ui:ui-graphics-android:1.6.5) with JetifyTransform
Transforming ui-graphics-release.aar (androidx.compose.ui:ui-graphics-android:1.6.5) with ExtractAarTransform
Transforming ui-graphics-release.aar (androidx.compose.ui:ui-graphics-android:1.6.5) with AarTransform
Transforming ui-tooling-release.aar (androidx.compose.ui:ui-tooling-android:1.6.5) with JetifyTransform
Transforming ui-tooling-release.aar (androidx.compose.ui:ui-tooling-android:1.6.5) with ExtractAarTransform
Transforming ui-tooling-release.aar (androidx.compose.ui:ui-tooling-android:1.6.5) with AarTransform
Transforming activity-compose-1.8.1.aar (androidx.activity:activity-compose:1.8.1) with JetifyTransform
Transforming customview-poolingcontainer-1.0.0.aar (androidx.customview:customview-poolingcontainer:1.0.0) with JetifyTransform
Transforming activity-compose-1.8.1.aar (androidx.activity:activity-compose:1.8.1) with ExtractAarTransform
Transforming activity-compose-1.8.1.aar (androidx.activity:activity-compose:1.8.1) with AarTransform
Transforming core-ktx-1.12.0.aar (androidx.core:core-ktx:1.12.0) with JetifyTransform
Transforming core-ktx-1.12.0.aar (androidx.core:core-ktx:1.12.0) with ExtractAarTransform
Transforming core-ktx-1.12.0.aar (androidx.core:core-ktx:1.12.0) with AarTransform
Transforming loader-1.0.0.aar (androidx.loader:loader:1.0.0) with JetifyTransform
Transforming customview-poolingcontainer-1.0.0.aar (androidx.customview:customview-poolingcontainer:1.0.0) with ExtractAarTransform
Transforming loader-1.0.0.aar (androidx.loader:loader:1.0.0) with ExtractAarTransform
Transforming loader-1.0.0.aar (androidx.loader:loader:1.0.0) with AarTransform
Transforming customview-poolingcontainer-1.0.0.aar (androidx.customview:customview-poolingcontainer:1.0.0) with AarTransform
Transforming viewpager-1.0.0.aar (androidx.viewpager:viewpager:1.0.0) with JetifyTransform
Transforming viewpager-1.0.0.aar (androidx.viewpager:viewpager:1.0.0) with ExtractAarTransform
Transforming viewpager-1.0.0.aar (androidx.viewpager:viewpager:1.0.0) with AarTransform
Transforming customview-1.0.0.aar (androidx.customview:customview:1.0.0) with JetifyTransform
Transforming customview-1.0.0.aar (androidx.customview:customview:1.0.0) with ExtractAarTransform
Transforming customview-1.0.0.aar (androidx.customview:customview:1.0.0) with AarTransform
Transforming autofill-1.0.0.aar (androidx.autofill:autofill:1.0.0) with JetifyTransform
Transforming autofill-1.0.0.aar (androidx.autofill:autofill:1.0.0) with ExtractAarTransform
Transforming autofill-1.0.0.aar (androidx.autofill:autofill:1.0.0) with AarTransform
Transforming emoji2-1.3.0.aar (androidx.emoji2:emoji2:1.3.0) with JetifyTransform
Transforming emoji2-1.3.0.aar (androidx.emoji2:emoji2:1.3.0) with ExtractAarTransform
Transforming emoji2-1.3.0.aar (androidx.emoji2:emoji2:1.3.0) with AarTransform
Transforming core-1.12.0.aar (androidx.core:core:1.12.0) with JetifyTransform
Transforming core-1.12.0.aar (androidx.core:core:1.12.0) with JetifyTransform
Transforming core-1.12.0.aar (androidx.core:core:1.12.0) with ExtractAarTransform
Transforming core-1.12.0.aar (androidx.core:core:1.12.0) with AarTransform
Transforming lifecycle-process-2.7.0.aar (androidx.lifecycle:lifecycle-process:2.7.0) with JetifyTransform
Transforming lifecycle-process-2.7.0.aar (androidx.lifecycle:lifecycle-process:2.7.0) with ExtractAarTransform
Transforming lifecycle-process-2.7.0.aar (androidx.lifecycle:lifecycle-process:2.7.0) with AarTransform
Transforming core-1.12.0.aar (androidx.core:core:1.12.0) with ExtractAarTransform
Transforming core-1.12.0.aar (androidx.core:core:1.12.0) with AarTransform
Transforming lifecycle-livedata-core-ktx-2.7.0.aar (androidx.lifecycle:lifecycle-livedata-core-ktx:2.7.0) with JetifyTransform
Transforming lifecycle-livedata-core-ktx-2.7.0.aar (androidx.lifecycle:lifecycle-livedata-core-ktx:2.7.0) with ExtractAarTransform
Transforming lifecycle-livedata-core-ktx-2.7.0.aar (androidx.lifecycle:lifecycle-livedata-core-ktx:2.7.0) with AarTransform
Transforming lifecycle-livedata-2.7.0.aar (androidx.lifecycle:lifecycle-livedata:2.7.0) with JetifyTransform
Transforming lifecycle-livedata-2.7.0.aar (androidx.lifecycle:lifecycle-livedata:2.7.0) with ExtractAarTransform
Transforming lifecycle-livedata-2.7.0.aar (androidx.lifecycle:lifecycle-livedata:2.7.0) with AarTransform
Transforming lifecycle-viewmodel-ktx-2.7.0.aar (androidx.lifecycle:lifecycle-viewmodel-ktx:2.7.0) with JetifyTransform
Transforming lifecycle-viewmodel-ktx-2.7.0.aar (androidx.lifecycle:lifecycle-viewmodel-ktx:2.7.0) with ExtractAarTransform
Transforming lifecycle-viewmodel-ktx-2.7.0.aar (androidx.lifecycle:lifecycle-viewmodel-ktx:2.7.0) with AarTransform
Transforming lifecycle-livedata-core-2.7.0.aar (androidx.lifecycle:lifecycle-livedata-core:2.7.0) with JetifyTransform
Transforming lifecycle-livedata-core-2.7.0.aar (androidx.lifecycle:lifecycle-livedata-core:2.7.0) with ExtractAarTransform
Transforming lifecycle-livedata-core-2.7.0.aar (androidx.lifecycle:lifecycle-livedata-core:2.7.0) with AarTransform
Transforming lifecycle-viewmodel-savedstate-2.7.0.aar (androidx.lifecycle:lifecycle-viewmodel-savedstate:2.7.0) with JetifyTransform
Transforming lifecycle-viewmodel-savedstate-2.7.0.aar (androidx.lifecycle:lifecycle-viewmodel-savedstate:2.7.0) with ExtractAarTransform
Transforming lifecycle-viewmodel-savedstate-2.7.0.aar (androidx.lifecycle:lifecycle-viewmodel-savedstate:2.7.0) with AarTransform
Transforming lifecycle-viewmodel-2.7.0.aar (androidx.lifecycle:lifecycle-viewmodel:2.7.0) with JetifyTransform
Transforming lifecycle-viewmodel-2.7.0.aar (androidx.lifecycle:lifecycle-viewmodel:2.7.0) with ExtractAarTransform
Transforming lifecycle-viewmodel-2.7.0.aar (androidx.lifecycle:lifecycle-viewmodel:2.7.0) with AarTransform
Transforming lifecycle-runtime-2.7.0.aar (androidx.lifecycle:lifecycle-runtime:2.7.0) with JetifyTransform
Transforming lifecycle-runtime-2.7.0.aar (androidx.lifecycle:lifecycle-runtime:2.7.0) with ExtractAarTransform
Transforming lifecycle-runtime-2.7.0.aar (androidx.lifecycle:lifecycle-runtime:2.7.0) with AarTransform
Transforming lifecycle-viewmodel-2.7.0.aar (androidx.lifecycle:lifecycle-viewmodel:2.7.0) with JetifyTransform
Transforming lifecycle-viewmodel-2.7.0.aar (androidx.lifecycle:lifecycle-viewmodel:2.7.0) with ExtractAarTransform
Transforming savedstate-ktx-1.2.1.aar (androidx.savedstate:savedstate-ktx:1.2.1) with JetifyTransform
Transforming savedstate-ktx-1.2.1.aar (androidx.savedstate:savedstate-ktx:1.2.1) with ExtractAarTransform
Transforming lifecycle-viewmodel-2.7.0.aar (androidx.lifecycle:lifecycle-viewmodel:2.7.0) with AarTransform
Transforming savedstate-ktx-1.2.1.aar (androidx.savedstate:savedstate-ktx:1.2.1) with AarTransform
Transforming savedstate-1.2.1.aar (androidx.savedstate:savedstate:1.2.1) with JetifyTransform
Transforming savedstate-1.2.1.aar (androidx.savedstate:savedstate:1.2.1) with ExtractAarTransform
Transforming savedstate-1.2.1.aar (androidx.savedstate:savedstate:1.2.1) with AarTransform
Transforming lifecycle-viewmodel-compose-2.7.0.aar (androidx.lifecycle:lifecycle-viewmodel-compose:2.7.0) with JetifyTransform
Transforming lifecycle-viewmodel-compose-2.7.0.aar (androidx.lifecycle:lifecycle-viewmodel-compose:2.7.0) with ExtractAarTransform
Transforming lifecycle-viewmodel-compose-2.7.0.aar (androidx.lifecycle:lifecycle-viewmodel-compose:2.7.0) with AarTransform
Transforming lifecycle-runtime-ktx-2.7.0.aar (androidx.lifecycle:lifecycle-runtime-ktx:2.7.0) with JetifyTransform
Transforming lifecycle-runtime-ktx-2.7.0.aar (androidx.lifecycle:lifecycle-runtime-ktx:2.7.0) with ExtractAarTransform
Transforming lifecycle-runtime-ktx-2.7.0.aar (androidx.lifecycle:lifecycle-runtime-ktx:2.7.0) with AarTransform
Transforming ui-release.aar (androidx.compose.ui:ui-android:1.6.5) with JetifyTransform
Transforming ui-release.aar (androidx.compose.ui:ui-android:1.6.5) with ExtractAarTransform
Transforming ui-release.aar (androidx.compose.ui:ui-android:1.6.5) with AarTransform
Transforming ui-text-google-fonts-1.6.5.aar (androidx.compose.ui:ui-text-google-fonts:1.6.5) with JetifyTransform
Transforming ui-text-google-fonts-1.6.5.aar (androidx.compose.ui:ui-text-google-fonts:1.6.5) with ExtractAarTransform
Transforming ui-test-manifest-1.6.5.aar (androidx.compose.ui:ui-test-manifest:1.6.5) with JetifyTransform
Transforming ui-text-google-fonts-1.6.5.aar (androidx.compose.ui:ui-text-google-fonts:1.6.5) with AarTransform
Transforming ui-test-manifest-1.6.5.aar (androidx.compose.ui:ui-test-manifest:1.6.5) with ExtractAarTransform
Transforming ui-test-manifest-1.6.5.aar (androidx.compose.ui:ui-test-manifest:1.6.5) with AarTransform
Transforming animation-release.aar (androidx.compose.animation:animation-android:1.6.5) with JetifyTransform
Transforming runtime-saveable-release.aar (androidx.compose.runtime:runtime-saveable-android:1.6.5) with JetifyTransform
Transforming datastore-1.0.0.aar (androidx.datastore:datastore:1.0.0) with JetifyTransform
Transforming runtime-saveable-release.aar (androidx.compose.runtime:runtime-saveable-android:1.6.5) with ExtractAarTransform
Transforming datastore-1.0.0.aar (androidx.datastore:datastore:1.0.0) with ExtractAarTransform
Transforming runtime-saveable-release.aar (androidx.compose.runtime:runtime-saveable-android:1.6.5) with AarTransform
Transforming datastore-1.0.0.aar (androidx.datastore:datastore:1.0.0) with AarTransform
Transforming animation-release.aar (androidx.compose.animation:animation-android:1.6.5) with ExtractAarTransform
Transforming animation-release.aar (androidx.compose.animation:animation-android:1.6.5) with AarTransform
Transforming annotation-experimental-1.4.0.aar (androidx.annotation:annotation-experimental:1.4.0) with JetifyTransform
Transforming runtime-release.aar (androidx.compose.runtime:runtime-android:1.6.5) with JetifyTransform
Transforming annotation-experimental-1.4.0.aar (androidx.annotation:annotation-experimental:1.4.0) with ExtractAarTransform
Transforming runtime-release.aar (androidx.compose.runtime:runtime-android:1.6.5) with ExtractAarTransform
Transforming annotation-experimental-1.4.0.aar (androidx.annotation:annotation-experimental:1.4.0) with AarTransform
Transforming runtime-release.aar (androidx.compose.runtime:runtime-android:1.6.5) with AarTransform
Transforming versionedparcelable-1.1.1.aar (androidx.versionedparcelable:versionedparcelable:1.1.1) with JetifyTransform
Transforming interpolator-1.0.0.aar (androidx.interpolator:interpolator:1.0.0) with JetifyTransform
Transforming interpolator-1.0.0.aar (androidx.interpolator:interpolator:1.0.0) with ExtractAarTransform
Transforming interpolator-1.0.0.aar (androidx.interpolator:interpolator:1.0.0) with AarTransform
Transforming versionedparcelable-1.1.1.aar (androidx.versionedparcelable:versionedparcelable:1.1.1) with ExtractAarTransform
Transforming versionedparcelable-1.1.1.aar (androidx.versionedparcelable:versionedparcelable:1.1.1) with AarTransform
Transforming core-runtime-2.2.0.aar (androidx.arch.core:core-runtime:2.2.0) with JetifyTransform
Transforming core-runtime-2.2.0.aar (androidx.arch.core:core-runtime:2.2.0) with ExtractAarTransform
Transforming core-runtime-2.2.0.aar (androidx.arch.core:core-runtime:2.2.0) with AarTransform
Transforming startup-runtime-1.1.1.aar (androidx.startup:startup-runtime:1.1.1) with JetifyTransform
Transforming startup-runtime-1.1.1.aar (androidx.startup:startup-runtime:1.1.1) with ExtractAarTransform
Transforming startup-runtime-1.1.1.aar (androidx.startup:startup-runtime:1.1.1) with AarTransform
Transforming profileinstaller-1.3.0.aar (androidx.profileinstaller:profileinstaller:1.3.0) with JetifyTransform
Transforming profileinstaller-1.3.0.aar (androidx.profileinstaller:profileinstaller:1.3.0) with ExtractAarTransform
Transforming profileinstaller-1.3.0.aar (androidx.profileinstaller:profileinstaller:1.3.0) with AarTransform
Transforming tensorflow-lite-support-0.4.4.aar (org.tensorflow:tensorflow-lite-support:0.4.4) with JetifyTransform
Transforming tensorflow-lite-2.14.0.aar (org.tensorflow:tensorflow-lite:2.14.0) with JetifyTransform
Transforming tensorflow-lite-2.14.0.aar (org.tensorflow:tensorflow-lite:2.14.0) with ExtractAarTransform
Transforming tracing-1.0.0.aar (androidx.tracing:tracing:1.0.0) with JetifyTransform
Transforming tracing-1.0.0.aar (androidx.tracing:tracing:1.0.0) with ExtractAarTransform
Transforming tracing-1.0.0.aar (androidx.tracing:tracing:1.0.0) with AarTransform
Transforming tensorflow-lite-2.14.0.aar (org.tensorflow:tensorflow-lite:2.14.0) with AarTransform
Transforming tensorflow-lite-support-0.4.4.aar (org.tensorflow:tensorflow-lite-support:0.4.4) with ExtractAarTransform
Transforming tensorflow-lite-support-0.4.4.aar (org.tensorflow:tensorflow-lite-support:0.4.4) with AarTransform
Transforming dagger-lint-aar-2.48.aar (com.google.dagger:dagger-lint-aar:2.48) with JetifyTransform
Transforming dagger-lint-aar-2.48.aar (com.google.dagger:dagger-lint-aar:2.48) with ExtractAarTransform
Transforming tensorflow-lite-api-2.14.0.aar (org.tensorflow:tensorflow-lite-api:2.14.0) with JetifyTransform
Transforming dagger-lint-aar-2.48.aar (com.google.dagger:dagger-lint-aar:2.48) with AarTransform
Transforming tensorflow-lite-api-2.14.0.aar (org.tensorflow:tensorflow-lite-api:2.14.0) with ExtractAarTransform
Transforming tensorflow-lite-api-2.14.0.aar (org.tensorflow:tensorflow-lite-api:2.14.0) with AarTransform
Transforming image-1.0.0-beta1.aar (com.google.android.odml:image:1.0.0-beta1) with JetifyTransform
Transforming image-1.0.0-beta1.aar (com.google.android.odml:image:1.0.0-beta1) with ExtractAarTransform
Transforming image-1.0.0-beta1.aar (com.google.android.odml:image:1.0.0-beta1) with AarTransform
Transforming tensorflow-lite-support-api-0.4.4.aar (org.tensorflow:tensorflow-lite-support-api:0.4.4) with JetifyTransform
Transforming tensorflow-lite-support-api-0.4.4.aar (org.tensorflow:tensorflow-lite-support-api:0.4.4) with ExtractAarTransform
Transforming tensorflow-lite-support-api-0.4.4.aar (org.tensorflow:tensorflow-lite-support-api:0.4.4) with AarTransform
Transforming activity-1.8.1.aar (androidx.activity:activity:1.8.1) with AarTransform
Caching disabled for task ':app:checkDebugAarMetadata' because:
  Caching has been disabled for the task
Skipping task ':app:checkDebugAarMetadata' as it is up-to-date.
Resolve mutations for :app:generateDebugResValues (Thread[#427,Execution worker,5,main]) started.
:app:generateDebugResValues (Thread[#427,Execution worker,5,main]) started.

> Task :app:generateDebugResValues UP-TO-DATE
Build cache key for task ':app:generateDebugResValues' is 59a02f23197cf3a225d56d30ca61e398
Skipping task ':app:generateDebugResValues' as it is up-to-date.
Resolve mutations for :app:mapDebugSourceSetPaths (Thread[#427,Execution worker,5,main]) started.
:app:mapDebugSourceSetPaths (Thread[#427,Execution worker,5,main]) started.

> Task :app:mapDebugSourceSetPaths UP-TO-DATE
Transforming hilt-navigation-compose-1.1.0.aar (androidx.hilt:hilt-navigation-compose:1.1.0) with JetifyTransform
Transforming hilt-navigation-compose-1.1.0.aar (androidx.hilt:hilt-navigation-compose:1.1.0) with ExtractAarTransform
Transforming hilt-navigation-compose-1.1.0.aar (androidx.hilt:hilt-navigation-compose:1.1.0) with AarTransform
Transforming hilt-navigation-1.1.0.aar (androidx.hilt:hilt-navigation:1.1.0) with JetifyTransform
Transforming hilt-navigation-1.1.0.aar (androidx.hilt:hilt-navigation:1.1.0) with ExtractAarTransform
Transforming hilt-navigation-1.1.0.aar (androidx.hilt:hilt-navigation:1.1.0) with AarTransform
Transforming navigation-common-2.7.7.aar (androidx.navigation:navigation-common:2.7.7) with JetifyTransform
Transforming navigation-common-2.7.7.aar (androidx.navigation:navigation-common:2.7.7) with ExtractAarTransform
Transforming navigation-common-2.7.7.aar (androidx.navigation:navigation-common:2.7.7) with AarTransform
Transforming navigation-runtime-2.7.7.aar (androidx.navigation:navigation-runtime:2.7.7) with JetifyTransform
Transforming navigation-runtime-2.7.7.aar (androidx.navigation:navigation-runtime:2.7.7) with ExtractAarTransform
Transforming navigation-runtime-2.7.7.aar (androidx.navigation:navigation-runtime:2.7.7) with AarTransform
Transforming navigation-common-ktx-2.7.7.aar (androidx.navigation:navigation-common-ktx:2.7.7) with JetifyTransform
Transforming navigation-common-ktx-2.7.7.aar (androidx.navigation:navigation-common-ktx:2.7.7) with ExtractAarTransform
Transforming navigation-common-ktx-2.7.7.aar (androidx.navigation:navigation-common-ktx:2.7.7) with AarTransform
Transforming navigation-runtime-ktx-2.7.7.aar (androidx.navigation:navigation-runtime-ktx:2.7.7) with JetifyTransform
Transforming navigation-runtime-ktx-2.7.7.aar (androidx.navigation:navigation-runtime-ktx:2.7.7) with ExtractAarTransform
Transforming navigation-runtime-ktx-2.7.7.aar (androidx.navigation:navigation-runtime-ktx:2.7.7) with AarTransform
Transforming navigation-compose-2.7.7.aar (androidx.navigation:navigation-compose:2.7.7) with JetifyTransform
Transforming navigation-compose-2.7.7.aar (androidx.navigation:navigation-compose:2.7.7) with ExtractAarTransform
Transforming navigation-compose-2.7.7.aar (androidx.navigation:navigation-compose:2.7.7) with AarTransform
Transforming hilt-android-2.48.aar (com.google.dagger:hilt-android:2.48) with JetifyTransform
Transforming hilt-android-2.48.aar (com.google.dagger:hilt-android:2.48) with ExtractAarTransform
Transforming hilt-android-2.48.aar (com.google.dagger:hilt-android:2.48) with AarTransform
Transforming datastore-preferences-1.0.0.aar (androidx.datastore:datastore-preferences:1.0.0) with JetifyTransform
Transforming datastore-preferences-1.0.0.aar (androidx.datastore:datastore-preferences:1.0.0) with ExtractAarTransform
Transforming datastore-preferences-1.0.0.aar (androidx.datastore:datastore-preferences:1.0.0) with AarTransform
Transforming fragment-1.5.1.aar (androidx.fragment:fragment:1.5.1) with JetifyTransform
Transforming fragment-1.5.1.aar (androidx.fragment:fragment:1.5.1) with ExtractAarTransform
Transforming fragment-1.5.1.aar (androidx.fragment:fragment:1.5.1) with AarTransform
Transforming activity-ktx-1.8.1.aar (androidx.activity:activity-ktx:1.8.1) with JetifyTransform
Transforming activity-ktx-1.8.1.aar (androidx.activity:activity-ktx:1.8.1) with ExtractAarTransform
Transforming activity-ktx-1.8.1.aar (androidx.activity:activity-ktx:1.8.1) with AarTransform
Transforming activity-1.8.1.aar (androidx.activity:activity:1.8.1) with JetifyTransform
Transforming activity-1.8.1.aar (androidx.activity:activity:1.8.1) with ExtractAarTransform
Transforming activity-1.8.1.aar (androidx.activity:activity:1.8.1) with AarTransform
Transforming material3-release.aar (androidx.compose.material3:material3-android:1.2.1) with JetifyTransform
Transforming material3-release.aar (androidx.compose.material3:material3-android:1.2.1) with ExtractAarTransform
Transforming material3-release.aar (androidx.compose.material3:material3-android:1.2.1) with AarTransform
Transforming material-release.aar (androidx.compose.material:material-android:1.6.4) with JetifyTransform
Transforming material-release.aar (androidx.compose.material:material-android:1.6.4) with ExtractAarTransform
Transforming material-release.aar (androidx.compose.material:material-android:1.6.4) with AarTransform
Transforming material-icons-core-release.aar (androidx.compose.material:material-icons-core-android:1.6.4) with JetifyTransform
Transforming material-icons-core-release.aar (androidx.compose.material:material-icons-core-android:1.6.4) with ExtractAarTransform
Transforming material-icons-core-release.aar (androidx.compose.material:material-icons-core-android:1.6.4) with AarTransform
Transforming material-icons-extended-release.aar (androidx.compose.material:material-icons-extended-android:1.6.4) with JetifyTransform
Transforming material-icons-extended-release.aar (androidx.compose.material:material-icons-extended-android:1.6.4) with ExtractAarTransform
Transforming material-icons-extended-release.aar (androidx.compose.material:material-icons-extended-android:1.6.4) with AarTransform
Transforming material-ripple-release.aar (androidx.compose.material:material-ripple-android:1.6.4) with JetifyTransform
Transforming material-ripple-release.aar (androidx.compose.material:material-ripple-android:1.6.4) with ExtractAarTransform
Transforming material-ripple-release.aar (androidx.compose.material:material-ripple-android:1.6.4) with AarTransform
Transforming ui-tooling-data-release.aar (androidx.compose.ui:ui-tooling-data-android:1.6.5) with JetifyTransform
Transforming ui-tooling-data-release.aar (androidx.compose.ui:ui-tooling-data-android:1.6.5) with ExtractAarTransform
Transforming ui-tooling-data-release.aar (androidx.compose.ui:ui-tooling-data-android:1.6.5) with AarTransform
Transforming foundation-layout-release.aar (androidx.compose.foundation:foundation-layout-android:1.6.5) with JetifyTransform
Transforming foundation-layout-release.aar (androidx.compose.foundation:foundation-layout-android:1.6.5) with ExtractAarTransform
Transforming foundation-layout-release.aar (androidx.compose.foundation:foundation-layout-android:1.6.5) with AarTransform
Transforming foundation-release.aar (androidx.compose.foundation:foundation-android:1.6.5) with JetifyTransform
Transforming foundation-release.aar (androidx.compose.foundation:foundation-android:1.6.5) with ExtractAarTransform
Transforming foundation-release.aar (androidx.compose.foundation:foundation-android:1.6.5) with AarTransform
Transforming animation-release.aar (androidx.compose.animation:animation-android:1.6.5) with JetifyTransform
Transforming animation-release.aar (androidx.compose.animation:animation-android:1.6.5) with ExtractAarTransform
Transforming animation-release.aar (androidx.compose.animation:animation-android:1.6.5) with AarTransform
Transforming animation-core-release.aar (androidx.compose.animation:animation-core-android:1.6.5) with JetifyTransform
Transforming animation-core-release.aar (androidx.compose.animation:animation-core-android:1.6.5) with ExtractAarTransform
Transforming animation-core-release.aar (androidx.compose.animation:animation-core-android:1.6.5) with AarTransform
Transforming ui-unit-release.aar (androidx.compose.ui:ui-unit-android:1.6.5) with JetifyTransform
Transforming ui-unit-release.aar (androidx.compose.ui:ui-unit-android:1.6.5) with ExtractAarTransform
Transforming ui-unit-release.aar (androidx.compose.ui:ui-unit-android:1.6.5) with AarTransform
Transforming ui-geometry-release.aar (androidx.compose.ui:ui-geometry-android:1.6.5) with JetifyTransform
Transforming ui-geometry-release.aar (androidx.compose.ui:ui-geometry-android:1.6.5) with ExtractAarTransform
Transforming ui-geometry-release.aar (androidx.compose.ui:ui-geometry-android:1.6.5) with AarTransform
Transforming ui-util-release.aar (androidx.compose.ui:ui-util-android:1.6.5) with JetifyTransform
Transforming ui-util-release.aar (androidx.compose.ui:ui-util-android:1.6.5) with ExtractAarTransform
Transforming ui-util-release.aar (androidx.compose.ui:ui-util-android:1.6.5) with AarTransform
Transforming ui-text-release.aar (androidx.compose.ui:ui-text-android:1.6.5) with JetifyTransform
Transforming ui-text-release.aar (androidx.compose.ui:ui-text-android:1.6.5) with ExtractAarTransform
Transforming ui-text-release.aar (androidx.compose.ui:ui-text-android:1.6.5) with AarTransform
Transforming ui-tooling-preview-release.aar (androidx.compose.ui:ui-tooling-preview-android:1.6.5) with JetifyTransform
Transforming ui-tooling-preview-release.aar (androidx.compose.ui:ui-tooling-preview-android:1.6.5) with ExtractAarTransform
Transforming ui-tooling-preview-release.aar (androidx.compose.ui:ui-tooling-preview-android:1.6.5) with AarTransform
Transforming ui-graphics-release.aar (androidx.compose.ui:ui-graphics-android:1.6.5) with JetifyTransform
Transforming ui-graphics-release.aar (androidx.compose.ui:ui-graphics-android:1.6.5) with ExtractAarTransform
Transforming ui-graphics-release.aar (androidx.compose.ui:ui-graphics-android:1.6.5) with AarTransform
Transforming ui-tooling-release.aar (androidx.compose.ui:ui-tooling-android:1.6.5) with JetifyTransform
Transforming ui-tooling-release.aar (androidx.compose.ui:ui-tooling-android:1.6.5) with ExtractAarTransform
Transforming ui-tooling-release.aar (androidx.compose.ui:ui-tooling-android:1.6.5) with AarTransform
Transforming activity-compose-1.8.1.aar (androidx.activity:activity-compose:1.8.1) with JetifyTransform
Transforming activity-compose-1.8.1.aar (androidx.activity:activity-compose:1.8.1) with ExtractAarTransform
Transforming activity-compose-1.8.1.aar (androidx.activity:activity-compose:1.8.1) with AarTransform
Transforming customview-poolingcontainer-1.0.0.aar (androidx.customview:customview-poolingcontainer:1.0.0) with JetifyTransform
Transforming customview-poolingcontainer-1.0.0.aar (androidx.customview:customview-poolingcontainer:1.0.0) with ExtractAarTransform
Transforming customview-poolingcontainer-1.0.0.aar (androidx.customview:customview-poolingcontainer:1.0.0) with AarTransform
Transforming core-ktx-1.12.0.aar (androidx.core:core-ktx:1.12.0) with JetifyTransform
Transforming core-ktx-1.12.0.aar (androidx.core:core-ktx:1.12.0) with ExtractAarTransform
Transforming core-ktx-1.12.0.aar (androidx.core:core-ktx:1.12.0) with AarTransform
Transforming loader-1.0.0.aar (androidx.loader:loader:1.0.0) with JetifyTransform
Transforming loader-1.0.0.aar (androidx.loader:loader:1.0.0) with ExtractAarTransform
Transforming loader-1.0.0.aar (androidx.loader:loader:1.0.0) with AarTransform
Transforming viewpager-1.0.0.aar (androidx.viewpager:viewpager:1.0.0) with JetifyTransform
Transforming viewpager-1.0.0.aar (androidx.viewpager:viewpager:1.0.0) with ExtractAarTransform
Transforming viewpager-1.0.0.aar (androidx.viewpager:viewpager:1.0.0) with AarTransform
Transforming customview-1.0.0.aar (androidx.customview:customview:1.0.0) with JetifyTransform
Transforming customview-1.0.0.aar (androidx.customview:customview:1.0.0) with ExtractAarTransform
Transforming customview-1.0.0.aar (androidx.customview:customview:1.0.0) with AarTransform
Transforming autofill-1.0.0.aar (androidx.autofill:autofill:1.0.0) with JetifyTransform
Transforming autofill-1.0.0.aar (androidx.autofill:autofill:1.0.0) with ExtractAarTransform
Transforming autofill-1.0.0.aar (androidx.autofill:autofill:1.0.0) with AarTransform
Transforming emoji2-1.3.0.aar (androidx.emoji2:emoji2:1.3.0) with JetifyTransform
Transforming emoji2-1.3.0.aar (androidx.emoji2:emoji2:1.3.0) with ExtractAarTransform
Transforming emoji2-1.3.0.aar (androidx.emoji2:emoji2:1.3.0) with AarTransform
Transforming core-1.12.0.aar (androidx.core:core:1.12.0) with JetifyTransform
Transforming core-1.12.0.aar (androidx.core:core:1.12.0) with ExtractAarTransform
Transforming core-1.12.0.aar (androidx.core:core:1.12.0) with AarTransform
Transforming core-1.12.0.aar (androidx.core:core:1.12.0) with JetifyTransform
Transforming core-1.12.0.aar (androidx.core:core:1.12.0) with ExtractAarTransform
Transforming core-1.12.0.aar (androidx.core:core:1.12.0) with AarTransform
Transforming lifecycle-process-2.7.0.aar (androidx.lifecycle:lifecycle-process:2.7.0) with JetifyTransform
Transforming lifecycle-process-2.7.0.aar (androidx.lifecycle:lifecycle-process:2.7.0) with ExtractAarTransform
Transforming lifecycle-process-2.7.0.aar (androidx.lifecycle:lifecycle-process:2.7.0) with AarTransform
Transforming lifecycle-livedata-core-ktx-2.7.0.aar (androidx.lifecycle:lifecycle-livedata-core-ktx:2.7.0) with JetifyTransform
Transforming lifecycle-livedata-core-ktx-2.7.0.aar (androidx.lifecycle:lifecycle-livedata-core-ktx:2.7.0) with ExtractAarTransform
Transforming lifecycle-livedata-core-ktx-2.7.0.aar (androidx.lifecycle:lifecycle-livedata-core-ktx:2.7.0) with AarTransform
Transforming lifecycle-livedata-2.7.0.aar (androidx.lifecycle:lifecycle-livedata:2.7.0) with JetifyTransform
Transforming lifecycle-livedata-2.7.0.aar (androidx.lifecycle:lifecycle-livedata:2.7.0) with ExtractAarTransform
Transforming lifecycle-livedata-2.7.0.aar (androidx.lifecycle:lifecycle-livedata:2.7.0) with AarTransform
Transforming lifecycle-viewmodel-ktx-2.7.0.aar (androidx.lifecycle:lifecycle-viewmodel-ktx:2.7.0) with JetifyTransform
Transforming lifecycle-viewmodel-ktx-2.7.0.aar (androidx.lifecycle:lifecycle-viewmodel-ktx:2.7.0) with ExtractAarTransform
Transforming lifecycle-viewmodel-ktx-2.7.0.aar (androidx.lifecycle:lifecycle-viewmodel-ktx:2.7.0) with AarTransform
Transforming lifecycle-livedata-core-2.7.0.aar (androidx.lifecycle:lifecycle-livedata-core:2.7.0) with JetifyTransform
Transforming lifecycle-livedata-core-2.7.0.aar (androidx.lifecycle:lifecycle-livedata-core:2.7.0) with ExtractAarTransform
Transforming lifecycle-livedata-core-2.7.0.aar (androidx.lifecycle:lifecycle-livedata-core:2.7.0) with AarTransform
Transforming lifecycle-runtime-2.7.0.aar (androidx.lifecycle:lifecycle-runtime:2.7.0) with JetifyTransform
Transforming lifecycle-runtime-2.7.0.aar (androidx.lifecycle:lifecycle-runtime:2.7.0) with ExtractAarTransform
Transforming lifecycle-runtime-2.7.0.aar (androidx.lifecycle:lifecycle-runtime:2.7.0) with AarTransform
Transforming lifecycle-viewmodel-savedstate-2.7.0.aar (androidx.lifecycle:lifecycle-viewmodel-savedstate:2.7.0) with JetifyTransform
Transforming lifecycle-viewmodel-savedstate-2.7.0.aar (androidx.lifecycle:lifecycle-viewmodel-savedstate:2.7.0) with ExtractAarTransform
Transforming lifecycle-viewmodel-savedstate-2.7.0.aar (androidx.lifecycle:lifecycle-viewmodel-savedstate:2.7.0) with AarTransform
Transforming lifecycle-viewmodel-2.7.0.aar (androidx.lifecycle:lifecycle-viewmodel:2.7.0) with JetifyTransform
Transforming lifecycle-viewmodel-2.7.0.aar (androidx.lifecycle:lifecycle-viewmodel:2.7.0) with ExtractAarTransform
Transforming lifecycle-viewmodel-2.7.0.aar (androidx.lifecycle:lifecycle-viewmodel:2.7.0) with AarTransform
Transforming lifecycle-viewmodel-2.7.0.aar (androidx.lifecycle:lifecycle-viewmodel:2.7.0) with JetifyTransform
Transforming lifecycle-viewmodel-2.7.0.aar (androidx.lifecycle:lifecycle-viewmodel:2.7.0) with ExtractAarTransform
Transforming lifecycle-viewmodel-2.7.0.aar (androidx.lifecycle:lifecycle-viewmodel:2.7.0) with AarTransform
Transforming savedstate-ktx-1.2.1.aar (androidx.savedstate:savedstate-ktx:1.2.1) with JetifyTransform
Transforming savedstate-ktx-1.2.1.aar (androidx.savedstate:savedstate-ktx:1.2.1) with ExtractAarTransform
Transforming savedstate-ktx-1.2.1.aar (androidx.savedstate:savedstate-ktx:1.2.1) with AarTransform
Transforming savedstate-1.2.1.aar (androidx.savedstate:savedstate:1.2.1) with JetifyTransform
Transforming savedstate-1.2.1.aar (androidx.savedstate:savedstate:1.2.1) with ExtractAarTransform
Transforming savedstate-1.2.1.aar (androidx.savedstate:savedstate:1.2.1) with AarTransform
Transforming lifecycle-runtime-ktx-2.7.0.aar (androidx.lifecycle:lifecycle-runtime-ktx:2.7.0) with JetifyTransform
Transforming lifecycle-runtime-ktx-2.7.0.aar (androidx.lifecycle:lifecycle-runtime-ktx:2.7.0) with ExtractAarTransform
Transforming lifecycle-runtime-ktx-2.7.0.aar (androidx.lifecycle:lifecycle-runtime-ktx:2.7.0) with AarTransform
Transforming lifecycle-viewmodel-compose-2.7.0.aar (androidx.lifecycle:lifecycle-viewmodel-compose:2.7.0) with JetifyTransform
Transforming lifecycle-viewmodel-compose-2.7.0.aar (androidx.lifecycle:lifecycle-viewmodel-compose:2.7.0) with ExtractAarTransform
Transforming lifecycle-viewmodel-compose-2.7.0.aar (androidx.lifecycle:lifecycle-viewmodel-compose:2.7.0) with AarTransform
Transforming ui-release.aar (androidx.compose.ui:ui-android:1.6.5) with JetifyTransform
Transforming ui-release.aar (androidx.compose.ui:ui-android:1.6.5) with ExtractAarTransform
Transforming ui-release.aar (androidx.compose.ui:ui-android:1.6.5) with AarTransform
Transforming ui-test-manifest-1.6.5.aar (androidx.compose.ui:ui-test-manifest:1.6.5) with JetifyTransform
Transforming ui-test-manifest-1.6.5.aar (androidx.compose.ui:ui-test-manifest:1.6.5) with ExtractAarTransform
Transforming ui-test-manifest-1.6.5.aar (androidx.compose.ui:ui-test-manifest:1.6.5) with AarTransform
Transforming ui-text-google-fonts-1.6.5.aar (androidx.compose.ui:ui-text-google-fonts:1.6.5) with JetifyTransform
Transforming ui-text-google-fonts-1.6.5.aar (androidx.compose.ui:ui-text-google-fonts:1.6.5) with ExtractAarTransform
Transforming ui-text-google-fonts-1.6.5.aar (androidx.compose.ui:ui-text-google-fonts:1.6.5) with AarTransform
Transforming datastore-1.0.0.aar (androidx.datastore:datastore:1.0.0) with JetifyTransform
Transforming datastore-1.0.0.aar (androidx.datastore:datastore:1.0.0) with ExtractAarTransform
Transforming datastore-1.0.0.aar (androidx.datastore:datastore:1.0.0) with AarTransform
Transforming runtime-saveable-release.aar (androidx.compose.runtime:runtime-saveable-android:1.6.5) with JetifyTransform
Transforming runtime-saveable-release.aar (androidx.compose.runtime:runtime-saveable-android:1.6.5) with ExtractAarTransform
Transforming runtime-saveable-release.aar (androidx.compose.runtime:runtime-saveable-android:1.6.5) with AarTransform
Transforming runtime-release.aar (androidx.compose.runtime:runtime-android:1.6.5) with JetifyTransform
Transforming runtime-release.aar (androidx.compose.runtime:runtime-android:1.6.5) with ExtractAarTransform
Transforming runtime-release.aar (androidx.compose.runtime:runtime-android:1.6.5) with AarTransform
Transforming annotation-experimental-1.4.0.aar (androidx.annotation:annotation-experimental:1.4.0) with JetifyTransform
Transforming annotation-experimental-1.4.0.aar (androidx.annotation:annotation-experimental:1.4.0) with ExtractAarTransform
Transforming annotation-experimental-1.4.0.aar (androidx.annotation:annotation-experimental:1.4.0) with AarTransform
Transforming versionedparcelable-1.1.1.aar (androidx.versionedparcelable:versionedparcelable:1.1.1) with JetifyTransform
Transforming versionedparcelable-1.1.1.aar (androidx.versionedparcelable:versionedparcelable:1.1.1) with ExtractAarTransform
Transforming versionedparcelable-1.1.1.aar (androidx.versionedparcelable:versionedparcelable:1.1.1) with AarTransform
Transforming interpolator-1.0.0.aar (androidx.interpolator:interpolator:1.0.0) with JetifyTransform
Transforming interpolator-1.0.0.aar (androidx.interpolator:interpolator:1.0.0) with ExtractAarTransform
Transforming interpolator-1.0.0.aar (androidx.interpolator:interpolator:1.0.0) with AarTransform
Transforming core-runtime-2.2.0.aar (androidx.arch.core:core-runtime:2.2.0) with JetifyTransform
Transforming core-runtime-2.2.0.aar (androidx.arch.core:core-runtime:2.2.0) with ExtractAarTransform
Transforming core-runtime-2.2.0.aar (androidx.arch.core:core-runtime:2.2.0) with AarTransform
Transforming profileinstaller-1.3.0.aar (androidx.profileinstaller:profileinstaller:1.3.0) with JetifyTransform
Transforming profileinstaller-1.3.0.aar (androidx.profileinstaller:profileinstaller:1.3.0) with ExtractAarTransform
Transforming profileinstaller-1.3.0.aar (androidx.profileinstaller:profileinstaller:1.3.0) with AarTransform
Transforming startup-runtime-1.1.1.aar (androidx.startup:startup-runtime:1.1.1) with JetifyTransform
Transforming startup-runtime-1.1.1.aar (androidx.startup:startup-runtime:1.1.1) with ExtractAarTransform
Transforming startup-runtime-1.1.1.aar (androidx.startup:startup-runtime:1.1.1) with AarTransform
Transforming tracing-1.0.0.aar (androidx.tracing:tracing:1.0.0) with JetifyTransform
Transforming tracing-1.0.0.aar (androidx.tracing:tracing:1.0.0) with ExtractAarTransform
Transforming tracing-1.0.0.aar (androidx.tracing:tracing:1.0.0) with AarTransform
Transforming tensorflow-lite-support-0.4.4.aar (org.tensorflow:tensorflow-lite-support:0.4.4) with JetifyTransform
Transforming tensorflow-lite-support-0.4.4.aar (org.tensorflow:tensorflow-lite-support:0.4.4) with ExtractAarTransform
Transforming tensorflow-lite-support-0.4.4.aar (org.tensorflow:tensorflow-lite-support:0.4.4) with AarTransform
Transforming tensorflow-lite-2.14.0.aar (org.tensorflow:tensorflow-lite:2.14.0) with JetifyTransform
Transforming tensorflow-lite-2.14.0.aar (org.tensorflow:tensorflow-lite:2.14.0) with ExtractAarTransform
Transforming tensorflow-lite-2.14.0.aar (org.tensorflow:tensorflow-lite:2.14.0) with AarTransform
Transforming dagger-lint-aar-2.48.aar (com.google.dagger:dagger-lint-aar:2.48) with JetifyTransform
Transforming dagger-lint-aar-2.48.aar (com.google.dagger:dagger-lint-aar:2.48) with ExtractAarTransform
Transforming dagger-lint-aar-2.48.aar (com.google.dagger:dagger-lint-aar:2.48) with AarTransform
Transforming tensorflow-lite-support-api-0.4.4.aar (org.tensorflow:tensorflow-lite-support-api:0.4.4) with JetifyTransform
Transforming tensorflow-lite-support-api-0.4.4.aar (org.tensorflow:tensorflow-lite-support-api:0.4.4) with ExtractAarTransform
Transforming tensorflow-lite-support-api-0.4.4.aar (org.tensorflow:tensorflow-lite-support-api:0.4.4) with AarTransform
Transforming tensorflow-lite-api-2.14.0.aar (org.tensorflow:tensorflow-lite-api:2.14.0) with JetifyTransform
Transforming tensorflow-lite-api-2.14.0.aar (org.tensorflow:tensorflow-lite-api:2.14.0) with ExtractAarTransform
Transforming tensorflow-lite-api-2.14.0.aar (org.tensorflow:tensorflow-lite-api:2.14.0) with AarTransform
Transforming image-1.0.0-beta1.aar (com.google.android.odml:image:1.0.0-beta1) with JetifyTransform
Transforming image-1.0.0-beta1.aar (com.google.android.odml:image:1.0.0-beta1) with ExtractAarTransform
Transforming image-1.0.0-beta1.aar (com.google.android.odml:image:1.0.0-beta1) with AarTransform
Caching disabled for task ':app:mapDebugSourceSetPaths' because:
  Caching has been disabled for the task
Skipping task ':app:mapDebugSourceSetPaths' as it is up-to-date.
Resolve mutations for :app:generateDebugResources (Thread[#428,Execution worker Thread 2,5,main]) started.
:app:generateDebugResources (Thread[#428,Execution worker Thread 2,5,main]) started.

> Task :app:generateDebugResources UP-TO-DATE
Build cache key for task ':app:generateDebugResources' is b9dd08ac4293a772d1b93122af757a7d
Skipping task ':app:generateDebugResources' as it is up-to-date.
Resolve mutations for :app:mergeDebugResources (Thread[#428,Execution worker Thread 2,5,main]) started.
:app:mergeDebugResources (Thread[#428,Execution worker Thread 2,5,main]) started.

> Task :app:mergeDebugResources UP-TO-DATE
Build cache key for task ':app:mergeDebugResources' is 37e4aa78be092a3a337343622d512391
Skipping task ':app:mergeDebugResources' as it is up-to-date.
Resolve mutations for :app:packageDebugResources (Thread[#428,Execution worker Thread 2,5,main]) started.
:app:packageDebugResources (Thread[#428,Execution worker Thread 2,5,main]) started.

> Task :app:packageDebugResources UP-TO-DATE
Build cache key for task ':app:packageDebugResources' is 179f7acab6440433e4bcc9b576f0994f
Skipping task ':app:packageDebugResources' as it is up-to-date.
Resolve mutations for :app:parseDebugLocalResources (Thread[#428,Execution worker Thread 2,5,main]) started.
:app:parseDebugLocalResources (Thread[#428,Execution worker Thread 2,5,main]) started.

> Task :app:parseDebugLocalResources UP-TO-DATE
Transforming android.jar with PlatformAttrTransform
Transforming android.jar with PlatformAttrTransform
Build cache key for task ':app:parseDebugLocalResources' is 9e1b2c0e4714b314bf3ec75a75d9e0c9
Skipping task ':app:parseDebugLocalResources' as it is up-to-date.
Resolve mutations for :app:createDebugCompatibleScreenManifests (Thread[#428,Execution worker Thread 2,5,main]) started.
:app:createDebugCompatibleScreenManifests (Thread[#428,Execution worker Thread 2,5,main]) started.

> Task :app:createDebugCompatibleScreenManifests UP-TO-DATE
Caching disabled for task ':app:createDebugCompatibleScreenManifests' because:
  Caching has been disabled for the task
Skipping task ':app:createDebugCompatibleScreenManifests' as it is up-to-date.
Resolve mutations for :app:extractDeepLinksDebug (Thread[#428,Execution worker Thread 2,5,main]) started.
:app:extractDeepLinksDebug (Thread[#428,Execution worker Thread 2,5,main]) started.

> Task :app:extractDeepLinksDebug UP-TO-DATE
Build cache key for task ':app:extractDeepLinksDebug' is 3c6a1a4086f3d277deb3e3907712ac6e
Skipping task ':app:extractDeepLinksDebug' as it is up-to-date.
Resolve mutations for :app:processDebugMainManifest (Thread[#427,Execution worker,5,main]) started.
:app:processDebugMainManifest (Thread[#427,Execution worker,5,main]) started.

> Task :app:processDebugMainManifest UP-TO-DATE
Transforming hilt-navigation-compose-1.1.0.aar (androidx.hilt:hilt-navigation-compose:1.1.0) with JetifyTransform
Transforming hilt-navigation-compose-1.1.0.aar (androidx.hilt:hilt-navigation-compose:1.1.0) with ExtractAarTransform
Transforming hilt-navigation-compose-1.1.0.aar (androidx.hilt:hilt-navigation-compose:1.1.0) with AarTransform
Transforming hilt-navigation-1.1.0.aar (androidx.hilt:hilt-navigation:1.1.0) with JetifyTransform
Transforming hilt-navigation-1.1.0.aar (androidx.hilt:hilt-navigation:1.1.0) with ExtractAarTransform
Transforming hilt-navigation-1.1.0.aar (androidx.hilt:hilt-navigation:1.1.0) with AarTransform
Transforming navigation-common-2.7.7.aar (androidx.navigation:navigation-common:2.7.7) with JetifyTransform
Transforming navigation-common-2.7.7.aar (androidx.navigation:navigation-common:2.7.7) with ExtractAarTransform
Transforming navigation-common-2.7.7.aar (androidx.navigation:navigation-common:2.7.7) with AarTransform
Transforming navigation-runtime-2.7.7.aar (androidx.navigation:navigation-runtime:2.7.7) with JetifyTransform
Transforming navigation-runtime-2.7.7.aar (androidx.navigation:navigation-runtime:2.7.7) with ExtractAarTransform
Transforming navigation-runtime-2.7.7.aar (androidx.navigation:navigation-runtime:2.7.7) with AarTransform
Transforming navigation-common-ktx-2.7.7.aar (androidx.navigation:navigation-common-ktx:2.7.7) with JetifyTransform
Transforming navigation-common-ktx-2.7.7.aar (androidx.navigation:navigation-common-ktx:2.7.7) with ExtractAarTransform
Transforming navigation-common-ktx-2.7.7.aar (androidx.navigation:navigation-common-ktx:2.7.7) with AarTransform
Transforming navigation-runtime-ktx-2.7.7.aar (androidx.navigation:navigation-runtime-ktx:2.7.7) with JetifyTransform
Transforming navigation-runtime-ktx-2.7.7.aar (androidx.navigation:navigation-runtime-ktx:2.7.7) with ExtractAarTransform
Transforming navigation-runtime-ktx-2.7.7.aar (androidx.navigation:navigation-runtime-ktx:2.7.7) with AarTransform
Transforming navigation-compose-2.7.7.aar (androidx.navigation:navigation-compose:2.7.7) with JetifyTransform
Transforming navigation-compose-2.7.7.aar (androidx.navigation:navigation-compose:2.7.7) with ExtractAarTransform
Transforming navigation-compose-2.7.7.aar (androidx.navigation:navigation-compose:2.7.7) with AarTransform
Transforming hilt-android-2.48.aar (com.google.dagger:hilt-android:2.48) with JetifyTransform
Transforming hilt-android-2.48.aar (com.google.dagger:hilt-android:2.48) with ExtractAarTransform
Transforming hilt-android-2.48.aar (com.google.dagger:hilt-android:2.48) with AarTransform
Transforming datastore-preferences-1.0.0.aar (androidx.datastore:datastore-preferences:1.0.0) with JetifyTransform
Transforming datastore-preferences-1.0.0.aar (androidx.datastore:datastore-preferences:1.0.0) with ExtractAarTransform
Transforming datastore-preferences-1.0.0.aar (androidx.datastore:datastore-preferences:1.0.0) with AarTransform
Transforming fragment-1.5.1.aar (androidx.fragment:fragment:1.5.1) with JetifyTransform
Transforming fragment-1.5.1.aar (androidx.fragment:fragment:1.5.1) with ExtractAarTransform
Transforming fragment-1.5.1.aar (androidx.fragment:fragment:1.5.1) with AarTransform
Transforming activity-ktx-1.8.1.aar (androidx.activity:activity-ktx:1.8.1) with JetifyTransform
Transforming activity-ktx-1.8.1.aar (androidx.activity:activity-ktx:1.8.1) with ExtractAarTransform
Transforming activity-ktx-1.8.1.aar (androidx.activity:activity-ktx:1.8.1) with AarTransform
Transforming activity-1.8.1.aar (androidx.activity:activity:1.8.1) with JetifyTransform
Transforming activity-1.8.1.aar (androidx.activity:activity:1.8.1) with ExtractAarTransform
Transforming activity-1.8.1.aar (androidx.activity:activity:1.8.1) with AarTransform
Transforming material3-release.aar (androidx.compose.material3:material3-android:1.2.1) with JetifyTransform
Transforming material3-release.aar (androidx.compose.material3:material3-android:1.2.1) with ExtractAarTransform
Transforming material3-release.aar (androidx.compose.material3:material3-android:1.2.1) with AarTransform
Transforming material-release.aar (androidx.compose.material:material-android:1.6.4) with JetifyTransform
Transforming material-release.aar (androidx.compose.material:material-android:1.6.4) with ExtractAarTransform
Transforming material-release.aar (androidx.compose.material:material-android:1.6.4) with AarTransform
Transforming material-icons-core-release.aar (androidx.compose.material:material-icons-core-android:1.6.4) with JetifyTransform
Transforming material-icons-core-release.aar (androidx.compose.material:material-icons-core-android:1.6.4) with ExtractAarTransform
Transforming material-icons-core-release.aar (androidx.compose.material:material-icons-core-android:1.6.4) with AarTransform
Transforming material-icons-extended-release.aar (androidx.compose.material:material-icons-extended-android:1.6.4) with JetifyTransform
Transforming material-icons-extended-release.aar (androidx.compose.material:material-icons-extended-android:1.6.4) with ExtractAarTransform
Transforming material-icons-extended-release.aar (androidx.compose.material:material-icons-extended-android:1.6.4) with AarTransform
Transforming material-ripple-release.aar (androidx.compose.material:material-ripple-android:1.6.4) with JetifyTransform
Transforming material-ripple-release.aar (androidx.compose.material:material-ripple-android:1.6.4) with ExtractAarTransform
Transforming material-ripple-release.aar (androidx.compose.material:material-ripple-android:1.6.4) with AarTransform
Transforming ui-tooling-data-release.aar (androidx.compose.ui:ui-tooling-data-android:1.6.5) with JetifyTransform
Transforming ui-tooling-data-release.aar (androidx.compose.ui:ui-tooling-data-android:1.6.5) with ExtractAarTransform
Transforming ui-tooling-data-release.aar (androidx.compose.ui:ui-tooling-data-android:1.6.5) with AarTransform
Transforming foundation-layout-release.aar (androidx.compose.foundation:foundation-layout-android:1.6.5) with JetifyTransform
Transforming foundation-layout-release.aar (androidx.compose.foundation:foundation-layout-android:1.6.5) with ExtractAarTransform
Transforming foundation-layout-release.aar (androidx.compose.foundation:foundation-layout-android:1.6.5) with AarTransform
Transforming foundation-release.aar (androidx.compose.foundation:foundation-android:1.6.5) with JetifyTransform
Transforming foundation-release.aar (androidx.compose.foundation:foundation-android:1.6.5) with ExtractAarTransform
Transforming foundation-release.aar (androidx.compose.foundation:foundation-android:1.6.5) with AarTransform
Transforming animation-release.aar (androidx.compose.animation:animation-android:1.6.5) with JetifyTransform
Transforming animation-release.aar (androidx.compose.animation:animation-android:1.6.5) with ExtractAarTransform
Transforming animation-release.aar (androidx.compose.animation:animation-android:1.6.5) with AarTransform
Transforming animation-core-release.aar (androidx.compose.animation:animation-core-android:1.6.5) with JetifyTransform
Transforming animation-core-release.aar (androidx.compose.animation:animation-core-android:1.6.5) with ExtractAarTransform
Transforming animation-core-release.aar (androidx.compose.animation:animation-core-android:1.6.5) with AarTransform
Transforming ui-unit-release.aar (androidx.compose.ui:ui-unit-android:1.6.5) with JetifyTransform
Transforming ui-unit-release.aar (androidx.compose.ui:ui-unit-android:1.6.5) with ExtractAarTransform
Transforming ui-unit-release.aar (androidx.compose.ui:ui-unit-android:1.6.5) with AarTransform
Transforming ui-geometry-release.aar (androidx.compose.ui:ui-geometry-android:1.6.5) with JetifyTransform
Transforming ui-geometry-release.aar (androidx.compose.ui:ui-geometry-android:1.6.5) with ExtractAarTransform
Transforming ui-geometry-release.aar (androidx.compose.ui:ui-geometry-android:1.6.5) with AarTransform
Transforming ui-util-release.aar (androidx.compose.ui:ui-util-android:1.6.5) with JetifyTransform
Transforming ui-util-release.aar (androidx.compose.ui:ui-util-android:1.6.5) with ExtractAarTransform
Transforming ui-util-release.aar (androidx.compose.ui:ui-util-android:1.6.5) with AarTransform
Transforming ui-text-release.aar (androidx.compose.ui:ui-text-android:1.6.5) with JetifyTransform
Transforming ui-text-release.aar (androidx.compose.ui:ui-text-android:1.6.5) with ExtractAarTransform
Transforming ui-text-release.aar (androidx.compose.ui:ui-text-android:1.6.5) with AarTransform
Transforming ui-tooling-preview-release.aar (androidx.compose.ui:ui-tooling-preview-android:1.6.5) with JetifyTransform
Transforming ui-tooling-preview-release.aar (androidx.compose.ui:ui-tooling-preview-android:1.6.5) with ExtractAarTransform
Transforming ui-tooling-preview-release.aar (androidx.compose.ui:ui-tooling-preview-android:1.6.5) with AarTransform
Transforming ui-graphics-release.aar (androidx.compose.ui:ui-graphics-android:1.6.5) with JetifyTransform
Transforming ui-graphics-release.aar (androidx.compose.ui:ui-graphics-android:1.6.5) with ExtractAarTransform
Transforming ui-graphics-release.aar (androidx.compose.ui:ui-graphics-android:1.6.5) with AarTransform
Transforming ui-tooling-release.aar (androidx.compose.ui:ui-tooling-android:1.6.5) with JetifyTransform
Transforming ui-tooling-release.aar (androidx.compose.ui:ui-tooling-android:1.6.5) with ExtractAarTransform
Transforming ui-tooling-release.aar (androidx.compose.ui:ui-tooling-android:1.6.5) with AarTransform
Transforming activity-compose-1.8.1.aar (androidx.activity:activity-compose:1.8.1) with JetifyTransform
Transforming activity-compose-1.8.1.aar (androidx.activity:activity-compose:1.8.1) with ExtractAarTransform
Transforming activity-compose-1.8.1.aar (androidx.activity:activity-compose:1.8.1) with AarTransform
Transforming customview-poolingcontainer-1.0.0.aar (androidx.customview:customview-poolingcontainer:1.0.0) with JetifyTransform
Transforming customview-poolingcontainer-1.0.0.aar (androidx.customview:customview-poolingcontainer:1.0.0) with ExtractAarTransform
Transforming customview-poolingcontainer-1.0.0.aar (androidx.customview:customview-poolingcontainer:1.0.0) with AarTransform
Transforming core-ktx-1.12.0.aar (androidx.core:core-ktx:1.12.0) with JetifyTransform
Transforming core-ktx-1.12.0.aar (androidx.core:core-ktx:1.12.0) with ExtractAarTransform
Transforming core-ktx-1.12.0.aar (androidx.core:core-ktx:1.12.0) with AarTransform
Transforming loader-1.0.0.aar (androidx.loader:loader:1.0.0) with JetifyTransform
Transforming loader-1.0.0.aar (androidx.loader:loader:1.0.0) with ExtractAarTransform
Transforming loader-1.0.0.aar (androidx.loader:loader:1.0.0) with AarTransform
Transforming viewpager-1.0.0.aar (androidx.viewpager:viewpager:1.0.0) with JetifyTransform
Transforming viewpager-1.0.0.aar (androidx.viewpager:viewpager:1.0.0) with ExtractAarTransform
Transforming viewpager-1.0.0.aar (androidx.viewpager:viewpager:1.0.0) with AarTransform
Transforming customview-1.0.0.aar (androidx.customview:customview:1.0.0) with JetifyTransform
Transforming customview-1.0.0.aar (androidx.customview:customview:1.0.0) with ExtractAarTransform
Transforming customview-1.0.0.aar (androidx.customview:customview:1.0.0) with AarTransform
Transforming autofill-1.0.0.aar (androidx.autofill:autofill:1.0.0) with JetifyTransform
Transforming autofill-1.0.0.aar (androidx.autofill:autofill:1.0.0) with ExtractAarTransform
Transforming autofill-1.0.0.aar (androidx.autofill:autofill:1.0.0) with AarTransform
Transforming emoji2-1.3.0.aar (androidx.emoji2:emoji2:1.3.0) with JetifyTransform
Transforming emoji2-1.3.0.aar (androidx.emoji2:emoji2:1.3.0) with ExtractAarTransform
Transforming emoji2-1.3.0.aar (androidx.emoji2:emoji2:1.3.0) with AarTransform
Transforming core-1.12.0.aar (androidx.core:core:1.12.0) with JetifyTransform
Transforming core-1.12.0.aar (androidx.core:core:1.12.0) with ExtractAarTransform
Transforming core-1.12.0.aar (androidx.core:core:1.12.0) with AarTransform
Transforming core-1.12.0.aar (androidx.core:core:1.12.0) with JetifyTransform
Transforming core-1.12.0.aar (androidx.core:core:1.12.0) with ExtractAarTransform
Transforming core-1.12.0.aar (androidx.core:core:1.12.0) with AarTransform
Transforming lifecycle-process-2.7.0.aar (androidx.lifecycle:lifecycle-process:2.7.0) with JetifyTransform
Transforming lifecycle-process-2.7.0.aar (androidx.lifecycle:lifecycle-process:2.7.0) with ExtractAarTransform
Transforming lifecycle-process-2.7.0.aar (androidx.lifecycle:lifecycle-process:2.7.0) with AarTransform
Transforming lifecycle-livedata-core-ktx-2.7.0.aar (androidx.lifecycle:lifecycle-livedata-core-ktx:2.7.0) with JetifyTransform
Transforming lifecycle-livedata-core-ktx-2.7.0.aar (androidx.lifecycle:lifecycle-livedata-core-ktx:2.7.0) with ExtractAarTransform
Transforming lifecycle-livedata-core-ktx-2.7.0.aar (androidx.lifecycle:lifecycle-livedata-core-ktx:2.7.0) with AarTransform
Transforming lifecycle-livedata-2.7.0.aar (androidx.lifecycle:lifecycle-livedata:2.7.0) with JetifyTransform
Transforming lifecycle-livedata-2.7.0.aar (androidx.lifecycle:lifecycle-livedata:2.7.0) with ExtractAarTransform
Transforming lifecycle-livedata-2.7.0.aar (androidx.lifecycle:lifecycle-livedata:2.7.0) with AarTransform
Transforming lifecycle-viewmodel-ktx-2.7.0.aar (androidx.lifecycle:lifecycle-viewmodel-ktx:2.7.0) with JetifyTransform
Transforming lifecycle-viewmodel-ktx-2.7.0.aar (androidx.lifecycle:lifecycle-viewmodel-ktx:2.7.0) with ExtractAarTransform
Transforming lifecycle-viewmodel-ktx-2.7.0.aar (androidx.lifecycle:lifecycle-viewmodel-ktx:2.7.0) with AarTransform
Transforming lifecycle-livedata-core-2.7.0.aar (androidx.lifecycle:lifecycle-livedata-core:2.7.0) with JetifyTransform
Transforming lifecycle-livedata-core-2.7.0.aar (androidx.lifecycle:lifecycle-livedata-core:2.7.0) with ExtractAarTransform
Transforming lifecycle-livedata-core-2.7.0.aar (androidx.lifecycle:lifecycle-livedata-core:2.7.0) with AarTransform
Transforming lifecycle-runtime-2.7.0.aar (androidx.lifecycle:lifecycle-runtime:2.7.0) with JetifyTransform
Transforming lifecycle-runtime-2.7.0.aar (androidx.lifecycle:lifecycle-runtime:2.7.0) with ExtractAarTransform
Transforming lifecycle-runtime-2.7.0.aar (androidx.lifecycle:lifecycle-runtime:2.7.0) with AarTransform
Transforming lifecycle-viewmodel-savedstate-2.7.0.aar (androidx.lifecycle:lifecycle-viewmodel-savedstate:2.7.0) with JetifyTransform
Transforming lifecycle-viewmodel-savedstate-2.7.0.aar (androidx.lifecycle:lifecycle-viewmodel-savedstate:2.7.0) with ExtractAarTransform
Transforming lifecycle-viewmodel-savedstate-2.7.0.aar (androidx.lifecycle:lifecycle-viewmodel-savedstate:2.7.0) with AarTransform
Transforming lifecycle-viewmodel-2.7.0.aar (androidx.lifecycle:lifecycle-viewmodel:2.7.0) with JetifyTransform
Transforming lifecycle-viewmodel-2.7.0.aar (androidx.lifecycle:lifecycle-viewmodel:2.7.0) with ExtractAarTransform
Transforming lifecycle-viewmodel-2.7.0.aar (androidx.lifecycle:lifecycle-viewmodel:2.7.0) with AarTransform
Transforming lifecycle-viewmodel-2.7.0.aar (androidx.lifecycle:lifecycle-viewmodel:2.7.0) with JetifyTransform
Transforming lifecycle-viewmodel-2.7.0.aar (androidx.lifecycle:lifecycle-viewmodel:2.7.0) with ExtractAarTransform
Transforming lifecycle-viewmodel-2.7.0.aar (androidx.lifecycle:lifecycle-viewmodel:2.7.0) with AarTransform
Transforming savedstate-ktx-1.2.1.aar (androidx.savedstate:savedstate-ktx:1.2.1) with JetifyTransform
Transforming savedstate-ktx-1.2.1.aar (androidx.savedstate:savedstate-ktx:1.2.1) with ExtractAarTransform
Transforming savedstate-ktx-1.2.1.aar (androidx.savedstate:savedstate-ktx:1.2.1) with AarTransform
Transforming savedstate-1.2.1.aar (androidx.savedstate:savedstate:1.2.1) with JetifyTransform
Transforming savedstate-1.2.1.aar (androidx.savedstate:savedstate:1.2.1) with ExtractAarTransform
Transforming savedstate-1.2.1.aar (androidx.savedstate:savedstate:1.2.1) with AarTransform
Transforming lifecycle-runtime-ktx-2.7.0.aar (androidx.lifecycle:lifecycle-runtime-ktx:2.7.0) with JetifyTransform
Transforming lifecycle-runtime-ktx-2.7.0.aar (androidx.lifecycle:lifecycle-runtime-ktx:2.7.0) with ExtractAarTransform
Transforming lifecycle-runtime-ktx-2.7.0.aar (androidx.lifecycle:lifecycle-runtime-ktx:2.7.0) with AarTransform
Transforming lifecycle-viewmodel-compose-2.7.0.aar (androidx.lifecycle:lifecycle-viewmodel-compose:2.7.0) with JetifyTransform
Transforming lifecycle-viewmodel-compose-2.7.0.aar (androidx.lifecycle:lifecycle-viewmodel-compose:2.7.0) with ExtractAarTransform
Transforming lifecycle-viewmodel-compose-2.7.0.aar (androidx.lifecycle:lifecycle-viewmodel-compose:2.7.0) with AarTransform
Transforming ui-release.aar (androidx.compose.ui:ui-android:1.6.5) with JetifyTransform
Transforming ui-release.aar (androidx.compose.ui:ui-android:1.6.5) with ExtractAarTransform
Transforming ui-release.aar (androidx.compose.ui:ui-android:1.6.5) with AarTransform
Transforming ui-test-manifest-1.6.5.aar (androidx.compose.ui:ui-test-manifest:1.6.5) with JetifyTransform
Transforming ui-test-manifest-1.6.5.aar (androidx.compose.ui:ui-test-manifest:1.6.5) with ExtractAarTransform
Transforming ui-test-manifest-1.6.5.aar (androidx.compose.ui:ui-test-manifest:1.6.5) with AarTransform
Transforming ui-text-google-fonts-1.6.5.aar (androidx.compose.ui:ui-text-google-fonts:1.6.5) with JetifyTransform
Transforming ui-text-google-fonts-1.6.5.aar (androidx.compose.ui:ui-text-google-fonts:1.6.5) with ExtractAarTransform
Transforming ui-text-google-fonts-1.6.5.aar (androidx.compose.ui:ui-text-google-fonts:1.6.5) with AarTransform
Transforming datastore-1.0.0.aar (androidx.datastore:datastore:1.0.0) with JetifyTransform
Transforming datastore-1.0.0.aar (androidx.datastore:datastore:1.0.0) with ExtractAarTransform
Transforming datastore-1.0.0.aar (androidx.datastore:datastore:1.0.0) with AarTransform
Transforming runtime-saveable-release.aar (androidx.compose.runtime:runtime-saveable-android:1.6.5) with JetifyTransform
Transforming runtime-saveable-release.aar (androidx.compose.runtime:runtime-saveable-android:1.6.5) with ExtractAarTransform
Transforming runtime-saveable-release.aar (androidx.compose.runtime:runtime-saveable-android:1.6.5) with AarTransform
Transforming runtime-release.aar (androidx.compose.runtime:runtime-android:1.6.5) with JetifyTransform
Transforming runtime-release.aar (androidx.compose.runtime:runtime-android:1.6.5) with ExtractAarTransform
Transforming runtime-release.aar (androidx.compose.runtime:runtime-android:1.6.5) with AarTransform
Transforming annotation-experimental-1.4.0.aar (androidx.annotation:annotation-experimental:1.4.0) with JetifyTransform
Transforming annotation-experimental-1.4.0.aar (androidx.annotation:annotation-experimental:1.4.0) with ExtractAarTransform
Transforming annotation-experimental-1.4.0.aar (androidx.annotation:annotation-experimental:1.4.0) with AarTransform
Transforming versionedparcelable-1.1.1.aar (androidx.versionedparcelable:versionedparcelable:1.1.1) with JetifyTransform
Transforming versionedparcelable-1.1.1.aar (androidx.versionedparcelable:versionedparcelable:1.1.1) with ExtractAarTransform
Transforming versionedparcelable-1.1.1.aar (androidx.versionedparcelable:versionedparcelable:1.1.1) with AarTransform
Transforming interpolator-1.0.0.aar (androidx.interpolator:interpolator:1.0.0) with JetifyTransform
Transforming interpolator-1.0.0.aar (androidx.interpolator:interpolator:1.0.0) with ExtractAarTransform
Transforming interpolator-1.0.0.aar (androidx.interpolator:interpolator:1.0.0) with AarTransform
Transforming core-runtime-2.2.0.aar (androidx.arch.core:core-runtime:2.2.0) with JetifyTransform
Transforming core-runtime-2.2.0.aar (androidx.arch.core:core-runtime:2.2.0) with ExtractAarTransform
Transforming core-runtime-2.2.0.aar (androidx.arch.core:core-runtime:2.2.0) with AarTransform
Transforming profileinstaller-1.3.0.aar (androidx.profileinstaller:profileinstaller:1.3.0) with JetifyTransform
Transforming profileinstaller-1.3.0.aar (androidx.profileinstaller:profileinstaller:1.3.0) with ExtractAarTransform
Transforming profileinstaller-1.3.0.aar (androidx.profileinstaller:profileinstaller:1.3.0) with AarTransform
Transforming startup-runtime-1.1.1.aar (androidx.startup:startup-runtime:1.1.1) with JetifyTransform
Transforming startup-runtime-1.1.1.aar (androidx.startup:startup-runtime:1.1.1) with ExtractAarTransform
Transforming startup-runtime-1.1.1.aar (androidx.startup:startup-runtime:1.1.1) with AarTransform
Transforming tracing-1.0.0.aar (androidx.tracing:tracing:1.0.0) with JetifyTransform
Transforming tracing-1.0.0.aar (androidx.tracing:tracing:1.0.0) with ExtractAarTransform
Transforming tracing-1.0.0.aar (androidx.tracing:tracing:1.0.0) with AarTransform
Transforming tensorflow-lite-support-0.4.4.aar (org.tensorflow:tensorflow-lite-support:0.4.4) with JetifyTransform
Transforming tensorflow-lite-support-0.4.4.aar (org.tensorflow:tensorflow-lite-support:0.4.4) with ExtractAarTransform
Transforming tensorflow-lite-support-0.4.4.aar (org.tensorflow:tensorflow-lite-support:0.4.4) with AarTransform
Transforming tensorflow-lite-2.14.0.aar (org.tensorflow:tensorflow-lite:2.14.0) with JetifyTransform
Transforming tensorflow-lite-2.14.0.aar (org.tensorflow:tensorflow-lite:2.14.0) with ExtractAarTransform
Transforming tensorflow-lite-2.14.0.aar (org.tensorflow:tensorflow-lite:2.14.0) with AarTransform
Transforming dagger-lint-aar-2.48.aar (com.google.dagger:dagger-lint-aar:2.48) with JetifyTransform
Transforming dagger-lint-aar-2.48.aar (com.google.dagger:dagger-lint-aar:2.48) with ExtractAarTransform
Transforming dagger-lint-aar-2.48.aar (com.google.dagger:dagger-lint-aar:2.48) with AarTransform
Transforming tensorflow-lite-support-api-0.4.4.aar (org.tensorflow:tensorflow-lite-support-api:0.4.4) with JetifyTransform
Transforming tensorflow-lite-support-api-0.4.4.aar (org.tensorflow:tensorflow-lite-support-api:0.4.4) with ExtractAarTransform
Transforming tensorflow-lite-support-api-0.4.4.aar (org.tensorflow:tensorflow-lite-support-api:0.4.4) with AarTransform
Transforming tensorflow-lite-api-2.14.0.aar (org.tensorflow:tensorflow-lite-api:2.14.0) with JetifyTransform
Transforming tensorflow-lite-api-2.14.0.aar (org.tensorflow:tensorflow-lite-api:2.14.0) with ExtractAarTransform
Transforming tensorflow-lite-api-2.14.0.aar (org.tensorflow:tensorflow-lite-api:2.14.0) with AarTransform
Transforming image-1.0.0-beta1.aar (com.google.android.odml:image:1.0.0-beta1) with JetifyTransform
Transforming image-1.0.0-beta1.aar (com.google.android.odml:image:1.0.0-beta1) with ExtractAarTransform
Transforming image-1.0.0-beta1.aar (com.google.android.odml:image:1.0.0-beta1) with AarTransform
Transforming hilt-navigation-compose-1.1.0.aar (androidx.hilt:hilt-navigation-compose:1.1.0) with JetifyTransform
Transforming hilt-navigation-compose-1.1.0.aar (androidx.hilt:hilt-navigation-compose:1.1.0) with ExtractAarTransform
Transforming hilt-navigation-compose-1.1.0.aar (androidx.hilt:hilt-navigation-compose:1.1.0) with AarTransform
Transforming hilt-navigation-1.1.0.aar (androidx.hilt:hilt-navigation:1.1.0) with JetifyTransform
Transforming hilt-navigation-1.1.0.aar (androidx.hilt:hilt-navigation:1.1.0) with ExtractAarTransform
Transforming hilt-navigation-1.1.0.aar (androidx.hilt:hilt-navigation:1.1.0) with AarTransform
Transforming navigation-common-2.7.7.aar (androidx.navigation:navigation-common:2.7.7) with JetifyTransform
Transforming navigation-common-2.7.7.aar (androidx.navigation:navigation-common:2.7.7) with ExtractAarTransform
Transforming navigation-common-2.7.7.aar (androidx.navigation:navigation-common:2.7.7) with AarTransform
Transforming navigation-runtime-2.7.7.aar (androidx.navigation:navigation-runtime:2.7.7) with JetifyTransform
Transforming navigation-runtime-2.7.7.aar (androidx.navigation:navigation-runtime:2.7.7) with ExtractAarTransform
Transforming navigation-runtime-2.7.7.aar (androidx.navigation:navigation-runtime:2.7.7) with AarTransform
Transforming navigation-common-ktx-2.7.7.aar (androidx.navigation:navigation-common-ktx:2.7.7) with JetifyTransform
Transforming navigation-common-ktx-2.7.7.aar (androidx.navigation:navigation-common-ktx:2.7.7) with ExtractAarTransform
Transforming navigation-common-ktx-2.7.7.aar (androidx.navigation:navigation-common-ktx:2.7.7) with AarTransform
Transforming navigation-runtime-ktx-2.7.7.aar (androidx.navigation:navigation-runtime-ktx:2.7.7) with JetifyTransform
Transforming navigation-runtime-ktx-2.7.7.aar (androidx.navigation:navigation-runtime-ktx:2.7.7) with ExtractAarTransform
Transforming navigation-runtime-ktx-2.7.7.aar (androidx.navigation:navigation-runtime-ktx:2.7.7) with AarTransform
Transforming navigation-compose-2.7.7.aar (androidx.navigation:navigation-compose:2.7.7) with JetifyTransform
Transforming navigation-compose-2.7.7.aar (androidx.navigation:navigation-compose:2.7.7) with ExtractAarTransform
Transforming navigation-compose-2.7.7.aar (androidx.navigation:navigation-compose:2.7.7) with AarTransform
Transforming hilt-android-2.48.aar (com.google.dagger:hilt-android:2.48) with JetifyTransform
Transforming hilt-android-2.48.aar (com.google.dagger:hilt-android:2.48) with ExtractAarTransform
Transforming hilt-android-2.48.aar (com.google.dagger:hilt-android:2.48) with AarTransform
Transforming datastore-preferences-1.0.0.aar (androidx.datastore:datastore-preferences:1.0.0) with JetifyTransform
Transforming datastore-preferences-1.0.0.aar (androidx.datastore:datastore-preferences:1.0.0) with ExtractAarTransform
Transforming datastore-preferences-1.0.0.aar (androidx.datastore:datastore-preferences:1.0.0) with AarTransform
Transforming fragment-1.5.1.aar (androidx.fragment:fragment:1.5.1) with JetifyTransform
Transforming fragment-1.5.1.aar (androidx.fragment:fragment:1.5.1) with ExtractAarTransform
Transforming fragment-1.5.1.aar (androidx.fragment:fragment:1.5.1) with AarTransform
Transforming activity-ktx-1.8.1.aar (androidx.activity:activity-ktx:1.8.1) with JetifyTransform
Transforming activity-ktx-1.8.1.aar (androidx.activity:activity-ktx:1.8.1) with ExtractAarTransform
Transforming activity-ktx-1.8.1.aar (androidx.activity:activity-ktx:1.8.1) with AarTransform
Transforming activity-1.8.1.aar (androidx.activity:activity:1.8.1) with JetifyTransform
Transforming activity-1.8.1.aar (androidx.activity:activity:1.8.1) with ExtractAarTransform
Transforming activity-1.8.1.aar (androidx.activity:activity:1.8.1) with AarTransform
Transforming material3-release.aar (androidx.compose.material3:material3-android:1.2.1) with JetifyTransform
Transforming material3-release.aar (androidx.compose.material3:material3-android:1.2.1) with ExtractAarTransform
Transforming material3-release.aar (androidx.compose.material3:material3-android:1.2.1) with AarTransform
Transforming material-release.aar (androidx.compose.material:material-android:1.6.4) with JetifyTransform
Transforming material-release.aar (androidx.compose.material:material-android:1.6.4) with ExtractAarTransform
Transforming material-release.aar (androidx.compose.material:material-android:1.6.4) with AarTransform
Transforming material-icons-core-release.aar (androidx.compose.material:material-icons-core-android:1.6.4) with JetifyTransform
Transforming material-icons-core-release.aar (androidx.compose.material:material-icons-core-android:1.6.4) with ExtractAarTransform
Transforming material-icons-core-release.aar (androidx.compose.material:material-icons-core-android:1.6.4) with AarTransform
Transforming material-icons-extended-release.aar (androidx.compose.material:material-icons-extended-android:1.6.4) with JetifyTransform
Transforming material-icons-extended-release.aar (androidx.compose.material:material-icons-extended-android:1.6.4) with ExtractAarTransform
Transforming material-icons-extended-release.aar (androidx.compose.material:material-icons-extended-android:1.6.4) with AarTransform
Transforming material-ripple-release.aar (androidx.compose.material:material-ripple-android:1.6.4) with JetifyTransform
Transforming material-ripple-release.aar (androidx.compose.material:material-ripple-android:1.6.4) with ExtractAarTransform
Transforming material-ripple-release.aar (androidx.compose.material:material-ripple-android:1.6.4) with AarTransform
Transforming ui-tooling-data-release.aar (androidx.compose.ui:ui-tooling-data-android:1.6.5) with JetifyTransform
Transforming ui-tooling-data-release.aar (androidx.compose.ui:ui-tooling-data-android:1.6.5) with ExtractAarTransform
Transforming ui-tooling-data-release.aar (androidx.compose.ui:ui-tooling-data-android:1.6.5) with AarTransform
Transforming foundation-layout-release.aar (androidx.compose.foundation:foundation-layout-android:1.6.5) with JetifyTransform
Transforming foundation-layout-release.aar (androidx.compose.foundation:foundation-layout-android:1.6.5) with ExtractAarTransform
Transforming foundation-layout-release.aar (androidx.compose.foundation:foundation-layout-android:1.6.5) with AarTransform
Transforming foundation-release.aar (androidx.compose.foundation:foundation-android:1.6.5) with JetifyTransform
Transforming foundation-release.aar (androidx.compose.foundation:foundation-android:1.6.5) with ExtractAarTransform
Transforming foundation-release.aar (androidx.compose.foundation:foundation-android:1.6.5) with AarTransform
Transforming animation-release.aar (androidx.compose.animation:animation-android:1.6.5) with JetifyTransform
Transforming animation-release.aar (androidx.compose.animation:animation-android:1.6.5) with ExtractAarTransform
Transforming animation-release.aar (androidx.compose.animation:animation-android:1.6.5) with AarTransform
Transforming animation-core-release.aar (androidx.compose.animation:animation-core-android:1.6.5) with JetifyTransform
Transforming animation-core-release.aar (androidx.compose.animation:animation-core-android:1.6.5) with ExtractAarTransform
Transforming animation-core-release.aar (androidx.compose.animation:animation-core-android:1.6.5) with AarTransform
Transforming ui-unit-release.aar (androidx.compose.ui:ui-unit-android:1.6.5) with JetifyTransform
Transforming ui-unit-release.aar (androidx.compose.ui:ui-unit-android:1.6.5) with ExtractAarTransform
Transforming ui-unit-release.aar (androidx.compose.ui:ui-unit-android:1.6.5) with AarTransform
Transforming ui-geometry-release.aar (androidx.compose.ui:ui-geometry-android:1.6.5) with JetifyTransform
Transforming ui-geometry-release.aar (androidx.compose.ui:ui-geometry-android:1.6.5) with ExtractAarTransform
Transforming ui-geometry-release.aar (androidx.compose.ui:ui-geometry-android:1.6.5) with AarTransform
Transforming ui-util-release.aar (androidx.compose.ui:ui-util-android:1.6.5) with JetifyTransform
Transforming ui-util-release.aar (androidx.compose.ui:ui-util-android:1.6.5) with ExtractAarTransform
Transforming ui-util-release.aar (androidx.compose.ui:ui-util-android:1.6.5) with AarTransform
Transforming ui-text-release.aar (androidx.compose.ui:ui-text-android:1.6.5) with JetifyTransform
Transforming ui-text-release.aar (androidx.compose.ui:ui-text-android:1.6.5) with ExtractAarTransform
Transforming ui-text-release.aar (androidx.compose.ui:ui-text-android:1.6.5) with AarTransform
Transforming ui-tooling-preview-release.aar (androidx.compose.ui:ui-tooling-preview-android:1.6.5) with JetifyTransform
Transforming ui-tooling-preview-release.aar (androidx.compose.ui:ui-tooling-preview-android:1.6.5) with ExtractAarTransform
Transforming ui-tooling-preview-release.aar (androidx.compose.ui:ui-tooling-preview-android:1.6.5) with AarTransform
Transforming ui-graphics-release.aar (androidx.compose.ui:ui-graphics-android:1.6.5) with JetifyTransform
Transforming ui-graphics-release.aar (androidx.compose.ui:ui-graphics-android:1.6.5) with ExtractAarTransform
Transforming ui-graphics-release.aar (androidx.compose.ui:ui-graphics-android:1.6.5) with AarTransform
Transforming ui-tooling-release.aar (androidx.compose.ui:ui-tooling-android:1.6.5) with JetifyTransform
Transforming ui-tooling-release.aar (androidx.compose.ui:ui-tooling-android:1.6.5) with ExtractAarTransform
Transforming ui-tooling-release.aar (androidx.compose.ui:ui-tooling-android:1.6.5) with AarTransform
Transforming activity-compose-1.8.1.aar (androidx.activity:activity-compose:1.8.1) with JetifyTransform
Transforming activity-compose-1.8.1.aar (androidx.activity:activity-compose:1.8.1) with ExtractAarTransform
Transforming activity-compose-1.8.1.aar (androidx.activity:activity-compose:1.8.1) with AarTransform
Transforming customview-poolingcontainer-1.0.0.aar (androidx.customview:customview-poolingcontainer:1.0.0) with JetifyTransform
Transforming customview-poolingcontainer-1.0.0.aar (androidx.customview:customview-poolingcontainer:1.0.0) with ExtractAarTransform
Transforming customview-poolingcontainer-1.0.0.aar (androidx.customview:customview-poolingcontainer:1.0.0) with AarTransform
Transforming core-ktx-1.12.0.aar (androidx.core:core-ktx:1.12.0) with JetifyTransform
Transforming core-ktx-1.12.0.aar (androidx.core:core-ktx:1.12.0) with ExtractAarTransform
Transforming core-ktx-1.12.0.aar (androidx.core:core-ktx:1.12.0) with AarTransform
Transforming loader-1.0.0.aar (androidx.loader:loader:1.0.0) with JetifyTransform
Transforming loader-1.0.0.aar (androidx.loader:loader:1.0.0) with ExtractAarTransform
Transforming loader-1.0.0.aar (androidx.loader:loader:1.0.0) with AarTransform
Transforming viewpager-1.0.0.aar (androidx.viewpager:viewpager:1.0.0) with JetifyTransform
Transforming viewpager-1.0.0.aar (androidx.viewpager:viewpager:1.0.0) with ExtractAarTransform
Transforming viewpager-1.0.0.aar (androidx.viewpager:viewpager:1.0.0) with AarTransform
Transforming customview-1.0.0.aar (androidx.customview:customview:1.0.0) with JetifyTransform
Transforming customview-1.0.0.aar (androidx.customview:customview:1.0.0) with ExtractAarTransform
Transforming customview-1.0.0.aar (androidx.customview:customview:1.0.0) with AarTransform
Transforming autofill-1.0.0.aar (androidx.autofill:autofill:1.0.0) with JetifyTransform
Transforming autofill-1.0.0.aar (androidx.autofill:autofill:1.0.0) with ExtractAarTransform
Transforming autofill-1.0.0.aar (androidx.autofill:autofill:1.0.0) with AarTransform
Transforming emoji2-1.3.0.aar (androidx.emoji2:emoji2:1.3.0) with JetifyTransform
Transforming emoji2-1.3.0.aar (androidx.emoji2:emoji2:1.3.0) with ExtractAarTransform
Transforming emoji2-1.3.0.aar (androidx.emoji2:emoji2:1.3.0) with AarTransform
Transforming core-1.12.0.aar (androidx.core:core:1.12.0) with JetifyTransform
Transforming core-1.12.0.aar (androidx.core:core:1.12.0) with ExtractAarTransform
Transforming core-1.12.0.aar (androidx.core:core:1.12.0) with AarTransform
Transforming core-1.12.0.aar (androidx.core:core:1.12.0) with JetifyTransform
Transforming core-1.12.0.aar (androidx.core:core:1.12.0) with ExtractAarTransform
Transforming core-1.12.0.aar (androidx.core:core:1.12.0) with AarTransform
Transforming lifecycle-process-2.7.0.aar (androidx.lifecycle:lifecycle-process:2.7.0) with JetifyTransform
Transforming lifecycle-process-2.7.0.aar (androidx.lifecycle:lifecycle-process:2.7.0) with ExtractAarTransform
Transforming lifecycle-process-2.7.0.aar (androidx.lifecycle:lifecycle-process:2.7.0) with AarTransform
Transforming lifecycle-livedata-core-ktx-2.7.0.aar (androidx.lifecycle:lifecycle-livedata-core-ktx:2.7.0) with JetifyTransform
Transforming lifecycle-livedata-core-ktx-2.7.0.aar (androidx.lifecycle:lifecycle-livedata-core-ktx:2.7.0) with ExtractAarTransform
Transforming lifecycle-livedata-core-ktx-2.7.0.aar (androidx.lifecycle:lifecycle-livedata-core-ktx:2.7.0) with AarTransform
Transforming lifecycle-livedata-2.7.0.aar (androidx.lifecycle:lifecycle-livedata:2.7.0) with JetifyTransform
Transforming lifecycle-livedata-2.7.0.aar (androidx.lifecycle:lifecycle-livedata:2.7.0) with ExtractAarTransform
Transforming lifecycle-livedata-2.7.0.aar (androidx.lifecycle:lifecycle-livedata:2.7.0) with AarTransform
Transforming lifecycle-viewmodel-ktx-2.7.0.aar (androidx.lifecycle:lifecycle-viewmodel-ktx:2.7.0) with JetifyTransform
Transforming lifecycle-viewmodel-ktx-2.7.0.aar (androidx.lifecycle:lifecycle-viewmodel-ktx:2.7.0) with ExtractAarTransform
Transforming lifecycle-viewmodel-ktx-2.7.0.aar (androidx.lifecycle:lifecycle-viewmodel-ktx:2.7.0) with AarTransform
Transforming lifecycle-livedata-core-2.7.0.aar (androidx.lifecycle:lifecycle-livedata-core:2.7.0) with JetifyTransform
Transforming lifecycle-livedata-core-2.7.0.aar (androidx.lifecycle:lifecycle-livedata-core:2.7.0) with ExtractAarTransform
Transforming lifecycle-livedata-core-2.7.0.aar (androidx.lifecycle:lifecycle-livedata-core:2.7.0) with AarTransform
Transforming lifecycle-runtime-2.7.0.aar (androidx.lifecycle:lifecycle-runtime:2.7.0) with JetifyTransform
Transforming lifecycle-runtime-2.7.0.aar (androidx.lifecycle:lifecycle-runtime:2.7.0) with ExtractAarTransform
Transforming lifecycle-runtime-2.7.0.aar (androidx.lifecycle:lifecycle-runtime:2.7.0) with AarTransform
Transforming lifecycle-viewmodel-savedstate-2.7.0.aar (androidx.lifecycle:lifecycle-viewmodel-savedstate:2.7.0) with JetifyTransform
Transforming lifecycle-viewmodel-savedstate-2.7.0.aar (androidx.lifecycle:lifecycle-viewmodel-savedstate:2.7.0) with ExtractAarTransform
Transforming lifecycle-viewmodel-savedstate-2.7.0.aar (androidx.lifecycle:lifecycle-viewmodel-savedstate:2.7.0) with AarTransform
Transforming lifecycle-viewmodel-2.7.0.aar (androidx.lifecycle:lifecycle-viewmodel:2.7.0) with JetifyTransform
Transforming lifecycle-viewmodel-2.7.0.aar (androidx.lifecycle:lifecycle-viewmodel:2.7.0) with ExtractAarTransform
Transforming lifecycle-viewmodel-2.7.0.aar (androidx.lifecycle:lifecycle-viewmodel:2.7.0) with AarTransform
Transforming lifecycle-viewmodel-2.7.0.aar (androidx.lifecycle:lifecycle-viewmodel:2.7.0) with JetifyTransform
Transforming lifecycle-viewmodel-2.7.0.aar (androidx.lifecycle:lifecycle-viewmodel:2.7.0) with ExtractAarTransform
Transforming lifecycle-viewmodel-2.7.0.aar (androidx.lifecycle:lifecycle-viewmodel:2.7.0) with AarTransform
Transforming savedstate-ktx-1.2.1.aar (androidx.savedstate:savedstate-ktx:1.2.1) with JetifyTransform
Transforming savedstate-ktx-1.2.1.aar (androidx.savedstate:savedstate-ktx:1.2.1) with ExtractAarTransform
Transforming savedstate-ktx-1.2.1.aar (androidx.savedstate:savedstate-ktx:1.2.1) with AarTransform
Transforming savedstate-1.2.1.aar (androidx.savedstate:savedstate:1.2.1) with JetifyTransform
Transforming savedstate-1.2.1.aar (androidx.savedstate:savedstate:1.2.1) with ExtractAarTransform
Transforming savedstate-1.2.1.aar (androidx.savedstate:savedstate:1.2.1) with AarTransform
Transforming lifecycle-runtime-ktx-2.7.0.aar (androidx.lifecycle:lifecycle-runtime-ktx:2.7.0) with JetifyTransform
Transforming lifecycle-runtime-ktx-2.7.0.aar (androidx.lifecycle:lifecycle-runtime-ktx:2.7.0) with ExtractAarTransform
Transforming lifecycle-runtime-ktx-2.7.0.aar (androidx.lifecycle:lifecycle-runtime-ktx:2.7.0) with AarTransform
Transforming lifecycle-viewmodel-compose-2.7.0.aar (androidx.lifecycle:lifecycle-viewmodel-compose:2.7.0) with JetifyTransform
Transforming lifecycle-viewmodel-compose-2.7.0.aar (androidx.lifecycle:lifecycle-viewmodel-compose:2.7.0) with ExtractAarTransform
Transforming lifecycle-viewmodel-compose-2.7.0.aar (androidx.lifecycle:lifecycle-viewmodel-compose:2.7.0) with AarTransform
Transforming ui-release.aar (androidx.compose.ui:ui-android:1.6.5) with JetifyTransform
Transforming ui-release.aar (androidx.compose.ui:ui-android:1.6.5) with ExtractAarTransform
Transforming ui-release.aar (androidx.compose.ui:ui-android:1.6.5) with AarTransform
Transforming ui-test-manifest-1.6.5.aar (androidx.compose.ui:ui-test-manifest:1.6.5) with JetifyTransform
Transforming ui-test-manifest-1.6.5.aar (androidx.compose.ui:ui-test-manifest:1.6.5) with ExtractAarTransform
Transforming ui-test-manifest-1.6.5.aar (androidx.compose.ui:ui-test-manifest:1.6.5) with AarTransform
Transforming ui-text-google-fonts-1.6.5.aar (androidx.compose.ui:ui-text-google-fonts:1.6.5) with JetifyTransform
Transforming ui-text-google-fonts-1.6.5.aar (androidx.compose.ui:ui-text-google-fonts:1.6.5) with ExtractAarTransform
Transforming ui-text-google-fonts-1.6.5.aar (androidx.compose.ui:ui-text-google-fonts:1.6.5) with AarTransform
Transforming datastore-1.0.0.aar (androidx.datastore:datastore:1.0.0) with JetifyTransform
Transforming datastore-1.0.0.aar (androidx.datastore:datastore:1.0.0) with ExtractAarTransform
Transforming datastore-1.0.0.aar (androidx.datastore:datastore:1.0.0) with AarTransform
Transforming runtime-saveable-release.aar (androidx.compose.runtime:runtime-saveable-android:1.6.5) with JetifyTransform
Transforming runtime-saveable-release.aar (androidx.compose.runtime:runtime-saveable-android:1.6.5) with ExtractAarTransform
Transforming runtime-saveable-release.aar (androidx.compose.runtime:runtime-saveable-android:1.6.5) with AarTransform
Transforming runtime-release.aar (androidx.compose.runtime:runtime-android:1.6.5) with JetifyTransform
Transforming runtime-release.aar (androidx.compose.runtime:runtime-android:1.6.5) with ExtractAarTransform
Transforming runtime-release.aar (androidx.compose.runtime:runtime-android:1.6.5) with AarTransform
Transforming annotation-experimental-1.4.0.aar (androidx.annotation:annotation-experimental:1.4.0) with JetifyTransform
Transforming annotation-experimental-1.4.0.aar (androidx.annotation:annotation-experimental:1.4.0) with ExtractAarTransform
Transforming annotation-experimental-1.4.0.aar (androidx.annotation:annotation-experimental:1.4.0) with AarTransform
Transforming versionedparcelable-1.1.1.aar (androidx.versionedparcelable:versionedparcelable:1.1.1) with JetifyTransform
Transforming versionedparcelable-1.1.1.aar (androidx.versionedparcelable:versionedparcelable:1.1.1) with ExtractAarTransform
Transforming versionedparcelable-1.1.1.aar (androidx.versionedparcelable:versionedparcelable:1.1.1) with AarTransform
Transforming interpolator-1.0.0.aar (androidx.interpolator:interpolator:1.0.0) with JetifyTransform
Transforming interpolator-1.0.0.aar (androidx.interpolator:interpolator:1.0.0) with ExtractAarTransform
Transforming interpolator-1.0.0.aar (androidx.interpolator:interpolator:1.0.0) with AarTransform
Transforming core-runtime-2.2.0.aar (androidx.arch.core:core-runtime:2.2.0) with JetifyTransform
Transforming core-runtime-2.2.0.aar (androidx.arch.core:core-runtime:2.2.0) with ExtractAarTransform
Transforming core-runtime-2.2.0.aar (androidx.arch.core:core-runtime:2.2.0) with AarTransform
Transforming profileinstaller-1.3.0.aar (androidx.profileinstaller:profileinstaller:1.3.0) with JetifyTransform
Transforming profileinstaller-1.3.0.aar (androidx.profileinstaller:profileinstaller:1.3.0) with ExtractAarTransform
Transforming profileinstaller-1.3.0.aar (androidx.profileinstaller:profileinstaller:1.3.0) with AarTransform
Transforming startup-runtime-1.1.1.aar (androidx.startup:startup-runtime:1.1.1) with JetifyTransform
Transforming startup-runtime-1.1.1.aar (androidx.startup:startup-runtime:1.1.1) with ExtractAarTransform
Transforming startup-runtime-1.1.1.aar (androidx.startup:startup-runtime:1.1.1) with AarTransform
Transforming tracing-1.0.0.aar (androidx.tracing:tracing:1.0.0) with JetifyTransform
Transforming tracing-1.0.0.aar (androidx.tracing:tracing:1.0.0) with ExtractAarTransform
Transforming tracing-1.0.0.aar (androidx.tracing:tracing:1.0.0) with AarTransform
Transforming tensorflow-lite-support-0.4.4.aar (org.tensorflow:tensorflow-lite-support:0.4.4) with JetifyTransform
Transforming tensorflow-lite-support-0.4.4.aar (org.tensorflow:tensorflow-lite-support:0.4.4) with ExtractAarTransform
Transforming tensorflow-lite-support-0.4.4.aar (org.tensorflow:tensorflow-lite-support:0.4.4) with AarTransform
Transforming tensorflow-lite-2.14.0.aar (org.tensorflow:tensorflow-lite:2.14.0) with JetifyTransform
Transforming tensorflow-lite-2.14.0.aar (org.tensorflow:tensorflow-lite:2.14.0) with ExtractAarTransform
Transforming tensorflow-lite-2.14.0.aar (org.tensorflow:tensorflow-lite:2.14.0) with AarTransform
Transforming dagger-lint-aar-2.48.aar (com.google.dagger:dagger-lint-aar:2.48) with JetifyTransform
Transforming dagger-lint-aar-2.48.aar (com.google.dagger:dagger-lint-aar:2.48) with ExtractAarTransform
Transforming dagger-lint-aar-2.48.aar (com.google.dagger:dagger-lint-aar:2.48) with AarTransform
Transforming tensorflow-lite-support-api-0.4.4.aar (org.tensorflow:tensorflow-lite-support-api:0.4.4) with JetifyTransform
Transforming tensorflow-lite-support-api-0.4.4.aar (org.tensorflow:tensorflow-lite-support-api:0.4.4) with ExtractAarTransform
Transforming tensorflow-lite-support-api-0.4.4.aar (org.tensorflow:tensorflow-lite-support-api:0.4.4) with AarTransform
Transforming tensorflow-lite-api-2.14.0.aar (org.tensorflow:tensorflow-lite-api:2.14.0) with JetifyTransform
Transforming tensorflow-lite-api-2.14.0.aar (org.tensorflow:tensorflow-lite-api:2.14.0) with ExtractAarTransform
Transforming tensorflow-lite-api-2.14.0.aar (org.tensorflow:tensorflow-lite-api:2.14.0) with AarTransform
Transforming image-1.0.0-beta1.aar (com.google.android.odml:image:1.0.0-beta1) with JetifyTransform
Transforming image-1.0.0-beta1.aar (com.google.android.odml:image:1.0.0-beta1) with ExtractAarTransform
Transforming image-1.0.0-beta1.aar (com.google.android.odml:image:1.0.0-beta1) with AarTransform
Build cache key for task ':app:processDebugMainManifest' is 47c1fa0795694544fe975ab08dfa0dc5
Skipping task ':app:processDebugMainManifest' as it is up-to-date.
Resolve mutations for :app:processDebugManifest (Thread[#428,Execution worker Thread 2,5,main]) started.
:app:processDebugManifest (Thread[#428,Execution worker Thread 2,5,main]) started.

> Task :app:processDebugManifest UP-TO-DATE
Build cache key for task ':app:processDebugManifest' is 242109e1c97fb2b309dfae44a8644f45
Skipping task ':app:processDebugManifest' as it is up-to-date.
Resolve mutations for :app:processDebugManifestForPackage (Thread[#428,Execution worker Thread 2,5,main]) started.
:app:processDebugManifestForPackage (Thread[#428,Execution worker Thread 2,5,main]) started.

> Task :app:processDebugManifestForPackage UP-TO-DATE
Custom actions are attached to task ':app:processDebugManifestForPackage'.
Build cache key for task ':app:processDebugManifestForPackage' is be9821865f750f8503f2bc42a14a4860
Skipping task ':app:processDebugManifestForPackage' as it is up-to-date.
Resolve mutations for :app:processDebugResources (Thread[#428,Execution worker Thread 2,5,main]) started.
:app:processDebugResources (Thread[#428,Execution worker Thread 2,5,main]) started.

> Task :app:processDebugResources UP-TO-DATE
Transforming aapt2-8.3.0-10880808-windows.jar (com.android.tools.build:aapt2:8.3.0-10880808) with Aapt2Extractor
Transforming hilt-navigation-compose-1.1.0.aar (androidx.hilt:hilt-navigation-compose:1.1.0) with JetifyTransform
Transforming hilt-navigation-compose-1.1.0.aar (androidx.hilt:hilt-navigation-compose:1.1.0) with ExtractAarTransform
Transforming hilt-navigation-compose-1.1.0.aar (androidx.hilt:hilt-navigation-compose:1.1.0) with AarResourcesCompilerTransform
Transforming hilt-navigation-1.1.0.aar (androidx.hilt:hilt-navigation:1.1.0) with JetifyTransform
Transforming hilt-navigation-1.1.0.aar (androidx.hilt:hilt-navigation:1.1.0) with ExtractAarTransform
Transforming hilt-navigation-1.1.0.aar (androidx.hilt:hilt-navigation:1.1.0) with AarResourcesCompilerTransform
Transforming navigation-common-2.7.7.aar (androidx.navigation:navigation-common:2.7.7) with JetifyTransform
Transforming navigation-common-2.7.7.aar (androidx.navigation:navigation-common:2.7.7) with ExtractAarTransform
Transforming navigation-common-2.7.7.aar (androidx.navigation:navigation-common:2.7.7) with AarResourcesCompilerTransform
Transforming navigation-runtime-2.7.7.aar (androidx.navigation:navigation-runtime:2.7.7) with JetifyTransform
Transforming navigation-runtime-2.7.7.aar (androidx.navigation:navigation-runtime:2.7.7) with ExtractAarTransform
Transforming navigation-runtime-2.7.7.aar (androidx.navigation:navigation-runtime:2.7.7) with AarResourcesCompilerTransform
Transforming navigation-common-ktx-2.7.7.aar (androidx.navigation:navigation-common-ktx:2.7.7) with JetifyTransform
Transforming navigation-common-ktx-2.7.7.aar (androidx.navigation:navigation-common-ktx:2.7.7) with ExtractAarTransform
Transforming navigation-common-ktx-2.7.7.aar (androidx.navigation:navigation-common-ktx:2.7.7) with AarResourcesCompilerTransform
Transforming navigation-runtime-ktx-2.7.7.aar (androidx.navigation:navigation-runtime-ktx:2.7.7) with JetifyTransform
Transforming navigation-runtime-ktx-2.7.7.aar (androidx.navigation:navigation-runtime-ktx:2.7.7) with ExtractAarTransform
Transforming navigation-runtime-ktx-2.7.7.aar (androidx.navigation:navigation-runtime-ktx:2.7.7) with AarResourcesCompilerTransform
Transforming navigation-compose-2.7.7.aar (androidx.navigation:navigation-compose:2.7.7) with JetifyTransform
Transforming navigation-compose-2.7.7.aar (androidx.navigation:navigation-compose:2.7.7) with ExtractAarTransform
Transforming navigation-compose-2.7.7.aar (androidx.navigation:navigation-compose:2.7.7) with AarResourcesCompilerTransform
Transforming hilt-android-2.48.aar (com.google.dagger:hilt-android:2.48) with JetifyTransform
Transforming hilt-android-2.48.aar (com.google.dagger:hilt-android:2.48) with ExtractAarTransform
Transforming hilt-android-2.48.aar (com.google.dagger:hilt-android:2.48) with AarResourcesCompilerTransform
Transforming datastore-preferences-1.0.0.aar (androidx.datastore:datastore-preferences:1.0.0) with JetifyTransform
Transforming datastore-preferences-1.0.0.aar (androidx.datastore:datastore-preferences:1.0.0) with ExtractAarTransform
Transforming datastore-preferences-1.0.0.aar (androidx.datastore:datastore-preferences:1.0.0) with AarResourcesCompilerTransform
Transforming fragment-1.5.1.aar (androidx.fragment:fragment:1.5.1) with JetifyTransform
Transforming fragment-1.5.1.aar (androidx.fragment:fragment:1.5.1) with ExtractAarTransform
Transforming fragment-1.5.1.aar (androidx.fragment:fragment:1.5.1) with AarResourcesCompilerTransform
Transforming activity-ktx-1.8.1.aar (androidx.activity:activity-ktx:1.8.1) with JetifyTransform
Transforming activity-ktx-1.8.1.aar (androidx.activity:activity-ktx:1.8.1) with ExtractAarTransform
Transforming activity-ktx-1.8.1.aar (androidx.activity:activity-ktx:1.8.1) with AarResourcesCompilerTransform
Transforming activity-1.8.1.aar (androidx.activity:activity:1.8.1) with JetifyTransform
Transforming activity-1.8.1.aar (androidx.activity:activity:1.8.1) with ExtractAarTransform
Transforming activity-1.8.1.aar (androidx.activity:activity:1.8.1) with AarResourcesCompilerTransform
Transforming material3-release.aar (androidx.compose.material3:material3-android:1.2.1) with JetifyTransform
Transforming material3-release.aar (androidx.compose.material3:material3-android:1.2.1) with ExtractAarTransform
Transforming material3-release.aar (androidx.compose.material3:material3-android:1.2.1) with AarResourcesCompilerTransform
Transforming material-release.aar (androidx.compose.material:material-android:1.6.4) with JetifyTransform
Transforming material-release.aar (androidx.compose.material:material-android:1.6.4) with ExtractAarTransform
Transforming material-release.aar (androidx.compose.material:material-android:1.6.4) with AarResourcesCompilerTransform
Transforming material-icons-core-release.aar (androidx.compose.material:material-icons-core-android:1.6.4) with JetifyTransform
Transforming material-icons-core-release.aar (androidx.compose.material:material-icons-core-android:1.6.4) with ExtractAarTransform
Transforming material-icons-core-release.aar (androidx.compose.material:material-icons-core-android:1.6.4) with AarResourcesCompilerTransform
Transforming material-icons-extended-release.aar (androidx.compose.material:material-icons-extended-android:1.6.4) with JetifyTransform
Transforming material-icons-extended-release.aar (androidx.compose.material:material-icons-extended-android:1.6.4) with ExtractAarTransform
Transforming material-icons-extended-release.aar (androidx.compose.material:material-icons-extended-android:1.6.4) with AarResourcesCompilerTransform
Transforming material-ripple-release.aar (androidx.compose.material:material-ripple-android:1.6.4) with JetifyTransform
Transforming material-ripple-release.aar (androidx.compose.material:material-ripple-android:1.6.4) with ExtractAarTransform
Transforming material-ripple-release.aar (androidx.compose.material:material-ripple-android:1.6.4) with AarResourcesCompilerTransform
Transforming ui-tooling-data-release.aar (androidx.compose.ui:ui-tooling-data-android:1.6.5) with JetifyTransform
Transforming ui-tooling-data-release.aar (androidx.compose.ui:ui-tooling-data-android:1.6.5) with ExtractAarTransform
Transforming ui-tooling-data-release.aar (androidx.compose.ui:ui-tooling-data-android:1.6.5) with AarResourcesCompilerTransform
Transforming foundation-layout-release.aar (androidx.compose.foundation:foundation-layout-android:1.6.5) with JetifyTransform
Transforming foundation-layout-release.aar (androidx.compose.foundation:foundation-layout-android:1.6.5) with ExtractAarTransform
Transforming foundation-layout-release.aar (androidx.compose.foundation:foundation-layout-android:1.6.5) with AarResourcesCompilerTransform
Transforming foundation-release.aar (androidx.compose.foundation:foundation-android:1.6.5) with JetifyTransform
Transforming foundation-release.aar (androidx.compose.foundation:foundation-android:1.6.5) with ExtractAarTransform
Transforming foundation-release.aar (androidx.compose.foundation:foundation-android:1.6.5) with AarResourcesCompilerTransform
Transforming animation-release.aar (androidx.compose.animation:animation-android:1.6.5) with JetifyTransform
Transforming animation-release.aar (androidx.compose.animation:animation-android:1.6.5) with ExtractAarTransform
Transforming animation-release.aar (androidx.compose.animation:animation-android:1.6.5) with AarResourcesCompilerTransform
Transforming animation-core-release.aar (androidx.compose.animation:animation-core-android:1.6.5) with JetifyTransform
Transforming animation-core-release.aar (androidx.compose.animation:animation-core-android:1.6.5) with ExtractAarTransform
Transforming animation-core-release.aar (androidx.compose.animation:animation-core-android:1.6.5) with AarResourcesCompilerTransform
Transforming ui-unit-release.aar (androidx.compose.ui:ui-unit-android:1.6.5) with JetifyTransform
Transforming ui-unit-release.aar (androidx.compose.ui:ui-unit-android:1.6.5) with ExtractAarTransform
Transforming ui-unit-release.aar (androidx.compose.ui:ui-unit-android:1.6.5) with AarResourcesCompilerTransform
Transforming ui-geometry-release.aar (androidx.compose.ui:ui-geometry-android:1.6.5) with JetifyTransform
Transforming ui-geometry-release.aar (androidx.compose.ui:ui-geometry-android:1.6.5) with ExtractAarTransform
Transforming ui-geometry-release.aar (androidx.compose.ui:ui-geometry-android:1.6.5) with AarResourcesCompilerTransform
Transforming ui-util-release.aar (androidx.compose.ui:ui-util-android:1.6.5) with JetifyTransform
Transforming ui-util-release.aar (androidx.compose.ui:ui-util-android:1.6.5) with ExtractAarTransform
Transforming ui-util-release.aar (androidx.compose.ui:ui-util-android:1.6.5) with AarResourcesCompilerTransform
Transforming ui-text-release.aar (androidx.compose.ui:ui-text-android:1.6.5) with JetifyTransform
Transforming ui-text-release.aar (androidx.compose.ui:ui-text-android:1.6.5) with ExtractAarTransform
Transforming ui-text-release.aar (androidx.compose.ui:ui-text-android:1.6.5) with AarResourcesCompilerTransform
Transforming ui-tooling-preview-release.aar (androidx.compose.ui:ui-tooling-preview-android:1.6.5) with JetifyTransform
Transforming ui-tooling-preview-release.aar (androidx.compose.ui:ui-tooling-preview-android:1.6.5) with ExtractAarTransform
Transforming ui-tooling-preview-release.aar (androidx.compose.ui:ui-tooling-preview-android:1.6.5) with AarResourcesCompilerTransform
Transforming ui-graphics-release.aar (androidx.compose.ui:ui-graphics-android:1.6.5) with JetifyTransform
Transforming ui-graphics-release.aar (androidx.compose.ui:ui-graphics-android:1.6.5) with ExtractAarTransform
Transforming ui-graphics-release.aar (androidx.compose.ui:ui-graphics-android:1.6.5) with AarResourcesCompilerTransform
Transforming ui-tooling-release.aar (androidx.compose.ui:ui-tooling-android:1.6.5) with JetifyTransform
Transforming ui-tooling-release.aar (androidx.compose.ui:ui-tooling-android:1.6.5) with ExtractAarTransform
Transforming ui-tooling-release.aar (androidx.compose.ui:ui-tooling-android:1.6.5) with AarResourcesCompilerTransform
Transforming activity-compose-1.8.1.aar (androidx.activity:activity-compose:1.8.1) with JetifyTransform
Transforming activity-compose-1.8.1.aar (androidx.activity:activity-compose:1.8.1) with ExtractAarTransform
Transforming activity-compose-1.8.1.aar (androidx.activity:activity-compose:1.8.1) with AarResourcesCompilerTransform
Transforming customview-poolingcontainer-1.0.0.aar (androidx.customview:customview-poolingcontainer:1.0.0) with JetifyTransform
Transforming customview-poolingcontainer-1.0.0.aar (androidx.customview:customview-poolingcontainer:1.0.0) with ExtractAarTransform
Transforming customview-poolingcontainer-1.0.0.aar (androidx.customview:customview-poolingcontainer:1.0.0) with AarResourcesCompilerTransform
Transforming core-ktx-1.12.0.aar (androidx.core:core-ktx:1.12.0) with JetifyTransform
Transforming core-ktx-1.12.0.aar (androidx.core:core-ktx:1.12.0) with ExtractAarTransform
Transforming core-ktx-1.12.0.aar (androidx.core:core-ktx:1.12.0) with AarResourcesCompilerTransform
Transforming loader-1.0.0.aar (androidx.loader:loader:1.0.0) with JetifyTransform
Transforming loader-1.0.0.aar (androidx.loader:loader:1.0.0) with ExtractAarTransform
Transforming loader-1.0.0.aar (androidx.loader:loader:1.0.0) with AarResourcesCompilerTransform
Transforming viewpager-1.0.0.aar (androidx.viewpager:viewpager:1.0.0) with JetifyTransform
Transforming viewpager-1.0.0.aar (androidx.viewpager:viewpager:1.0.0) with ExtractAarTransform
Transforming viewpager-1.0.0.aar (androidx.viewpager:viewpager:1.0.0) with AarResourcesCompilerTransform
Transforming customview-1.0.0.aar (androidx.customview:customview:1.0.0) with JetifyTransform
Transforming customview-1.0.0.aar (androidx.customview:customview:1.0.0) with ExtractAarTransform
Transforming customview-1.0.0.aar (androidx.customview:customview:1.0.0) with AarResourcesCompilerTransform
Transforming autofill-1.0.0.aar (androidx.autofill:autofill:1.0.0) with JetifyTransform
Transforming autofill-1.0.0.aar (androidx.autofill:autofill:1.0.0) with ExtractAarTransform
Transforming autofill-1.0.0.aar (androidx.autofill:autofill:1.0.0) with AarResourcesCompilerTransform
Transforming emoji2-1.3.0.aar (androidx.emoji2:emoji2:1.3.0) with JetifyTransform
Transforming emoji2-1.3.0.aar (androidx.emoji2:emoji2:1.3.0) with ExtractAarTransform
Transforming emoji2-1.3.0.aar (androidx.emoji2:emoji2:1.3.0) with AarResourcesCompilerTransform
Transforming core-1.12.0.aar (androidx.core:core:1.12.0) with JetifyTransform
Transforming core-1.12.0.aar (androidx.core:core:1.12.0) with ExtractAarTransform
Transforming core-1.12.0.aar (androidx.core:core:1.12.0) with AarResourcesCompilerTransform
Transforming core-1.12.0.aar (androidx.core:core:1.12.0) with JetifyTransform
Transforming core-1.12.0.aar (androidx.core:core:1.12.0) with ExtractAarTransform
Transforming core-1.12.0.aar (androidx.core:core:1.12.0) with AarResourcesCompilerTransform
Transforming lifecycle-process-2.7.0.aar (androidx.lifecycle:lifecycle-process:2.7.0) with JetifyTransform
Transforming lifecycle-process-2.7.0.aar (androidx.lifecycle:lifecycle-process:2.7.0) with ExtractAarTransform
Transforming lifecycle-process-2.7.0.aar (androidx.lifecycle:lifecycle-process:2.7.0) with AarResourcesCompilerTransform
Transforming lifecycle-livedata-core-ktx-2.7.0.aar (androidx.lifecycle:lifecycle-livedata-core-ktx:2.7.0) with JetifyTransform
Transforming lifecycle-livedata-core-ktx-2.7.0.aar (androidx.lifecycle:lifecycle-livedata-core-ktx:2.7.0) with ExtractAarTransform
Transforming lifecycle-livedata-core-ktx-2.7.0.aar (androidx.lifecycle:lifecycle-livedata-core-ktx:2.7.0) with AarResourcesCompilerTransform
Transforming lifecycle-livedata-2.7.0.aar (androidx.lifecycle:lifecycle-livedata:2.7.0) with JetifyTransform
Transforming lifecycle-livedata-2.7.0.aar (androidx.lifecycle:lifecycle-livedata:2.7.0) with ExtractAarTransform
Transforming lifecycle-livedata-2.7.0.aar (androidx.lifecycle:lifecycle-livedata:2.7.0) with AarResourcesCompilerTransform
Transforming lifecycle-viewmodel-ktx-2.7.0.aar (androidx.lifecycle:lifecycle-viewmodel-ktx:2.7.0) with JetifyTransform
Transforming lifecycle-viewmodel-ktx-2.7.0.aar (androidx.lifecycle:lifecycle-viewmodel-ktx:2.7.0) with ExtractAarTransform
Transforming lifecycle-viewmodel-ktx-2.7.0.aar (androidx.lifecycle:lifecycle-viewmodel-ktx:2.7.0) with AarResourcesCompilerTransform
Transforming lifecycle-livedata-core-2.7.0.aar (androidx.lifecycle:lifecycle-livedata-core:2.7.0) with JetifyTransform
Transforming lifecycle-livedata-core-2.7.0.aar (androidx.lifecycle:lifecycle-livedata-core:2.7.0) with ExtractAarTransform
Transforming lifecycle-livedata-core-2.7.0.aar (androidx.lifecycle:lifecycle-livedata-core:2.7.0) with AarResourcesCompilerTransform
Transforming lifecycle-runtime-2.7.0.aar (androidx.lifecycle:lifecycle-runtime:2.7.0) with JetifyTransform
Transforming lifecycle-runtime-2.7.0.aar (androidx.lifecycle:lifecycle-runtime:2.7.0) with ExtractAarTransform
Transforming lifecycle-runtime-2.7.0.aar (androidx.lifecycle:lifecycle-runtime:2.7.0) with AarResourcesCompilerTransform
Transforming lifecycle-viewmodel-savedstate-2.7.0.aar (androidx.lifecycle:lifecycle-viewmodel-savedstate:2.7.0) with JetifyTransform
Transforming lifecycle-viewmodel-savedstate-2.7.0.aar (androidx.lifecycle:lifecycle-viewmodel-savedstate:2.7.0) with ExtractAarTransform
Transforming lifecycle-viewmodel-savedstate-2.7.0.aar (androidx.lifecycle:lifecycle-viewmodel-savedstate:2.7.0) with AarResourcesCompilerTransform
Transforming lifecycle-viewmodel-2.7.0.aar (androidx.lifecycle:lifecycle-viewmodel:2.7.0) with JetifyTransform
Transforming lifecycle-viewmodel-2.7.0.aar (androidx.lifecycle:lifecycle-viewmodel:2.7.0) with ExtractAarTransform
Transforming lifecycle-viewmodel-2.7.0.aar (androidx.lifecycle:lifecycle-viewmodel:2.7.0) with AarResourcesCompilerTransform
Transforming lifecycle-viewmodel-2.7.0.aar (androidx.lifecycle:lifecycle-viewmodel:2.7.0) with JetifyTransform
Transforming lifecycle-viewmodel-2.7.0.aar (androidx.lifecycle:lifecycle-viewmodel:2.7.0) with ExtractAarTransform
Transforming lifecycle-viewmodel-2.7.0.aar (androidx.lifecycle:lifecycle-viewmodel:2.7.0) with AarResourcesCompilerTransform
Transforming savedstate-ktx-1.2.1.aar (androidx.savedstate:savedstate-ktx:1.2.1) with JetifyTransform
Transforming savedstate-ktx-1.2.1.aar (androidx.savedstate:savedstate-ktx:1.2.1) with ExtractAarTransform
Transforming savedstate-ktx-1.2.1.aar (androidx.savedstate:savedstate-ktx:1.2.1) with AarResourcesCompilerTransform
Transforming savedstate-1.2.1.aar (androidx.savedstate:savedstate:1.2.1) with JetifyTransform
Transforming savedstate-1.2.1.aar (androidx.savedstate:savedstate:1.2.1) with ExtractAarTransform
Transforming savedstate-1.2.1.aar (androidx.savedstate:savedstate:1.2.1) with AarResourcesCompilerTransform
Transforming lifecycle-runtime-ktx-2.7.0.aar (androidx.lifecycle:lifecycle-runtime-ktx:2.7.0) with JetifyTransform
Transforming lifecycle-runtime-ktx-2.7.0.aar (androidx.lifecycle:lifecycle-runtime-ktx:2.7.0) with ExtractAarTransform
Transforming lifecycle-runtime-ktx-2.7.0.aar (androidx.lifecycle:lifecycle-runtime-ktx:2.7.0) with AarResourcesCompilerTransform
Transforming lifecycle-viewmodel-compose-2.7.0.aar (androidx.lifecycle:lifecycle-viewmodel-compose:2.7.0) with JetifyTransform
Transforming lifecycle-viewmodel-compose-2.7.0.aar (androidx.lifecycle:lifecycle-viewmodel-compose:2.7.0) with ExtractAarTransform
Transforming lifecycle-viewmodel-compose-2.7.0.aar (androidx.lifecycle:lifecycle-viewmodel-compose:2.7.0) with AarResourcesCompilerTransform
Transforming ui-release.aar (androidx.compose.ui:ui-android:1.6.5) with JetifyTransform
Transforming ui-release.aar (androidx.compose.ui:ui-android:1.6.5) with ExtractAarTransform
Transforming ui-release.aar (androidx.compose.ui:ui-android:1.6.5) with AarResourcesCompilerTransform
Transforming ui-test-manifest-1.6.5.aar (androidx.compose.ui:ui-test-manifest:1.6.5) with JetifyTransform
Transforming ui-test-manifest-1.6.5.aar (androidx.compose.ui:ui-test-manifest:1.6.5) with ExtractAarTransform
Transforming ui-test-manifest-1.6.5.aar (androidx.compose.ui:ui-test-manifest:1.6.5) with AarResourcesCompilerTransform
Transforming ui-text-google-fonts-1.6.5.aar (androidx.compose.ui:ui-text-google-fonts:1.6.5) with JetifyTransform
Transforming ui-text-google-fonts-1.6.5.aar (androidx.compose.ui:ui-text-google-fonts:1.6.5) with ExtractAarTransform
Transforming ui-text-google-fonts-1.6.5.aar (androidx.compose.ui:ui-text-google-fonts:1.6.5) with AarResourcesCompilerTransform
Transforming datastore-1.0.0.aar (androidx.datastore:datastore:1.0.0) with JetifyTransform
Transforming datastore-1.0.0.aar (androidx.datastore:datastore:1.0.0) with ExtractAarTransform
Transforming datastore-1.0.0.aar (androidx.datastore:datastore:1.0.0) with AarResourcesCompilerTransform
Transforming runtime-saveable-release.aar (androidx.compose.runtime:runtime-saveable-android:1.6.5) with JetifyTransform
Transforming runtime-saveable-release.aar (androidx.compose.runtime:runtime-saveable-android:1.6.5) with ExtractAarTransform
Transforming runtime-saveable-release.aar (androidx.compose.runtime:runtime-saveable-android:1.6.5) with AarResourcesCompilerTransform
Transforming runtime-release.aar (androidx.compose.runtime:runtime-android:1.6.5) with JetifyTransform
Transforming runtime-release.aar (androidx.compose.runtime:runtime-android:1.6.5) with ExtractAarTransform
Transforming runtime-release.aar (androidx.compose.runtime:runtime-android:1.6.5) with AarResourcesCompilerTransform
Transforming annotation-experimental-1.4.0.aar (androidx.annotation:annotation-experimental:1.4.0) with JetifyTransform
Transforming annotation-experimental-1.4.0.aar (androidx.annotation:annotation-experimental:1.4.0) with ExtractAarTransform
Transforming annotation-experimental-1.4.0.aar (androidx.annotation:annotation-experimental:1.4.0) with AarResourcesCompilerTransform
Transforming versionedparcelable-1.1.1.aar (androidx.versionedparcelable:versionedparcelable:1.1.1) with JetifyTransform
Transforming versionedparcelable-1.1.1.aar (androidx.versionedparcelable:versionedparcelable:1.1.1) with ExtractAarTransform
Transforming versionedparcelable-1.1.1.aar (androidx.versionedparcelable:versionedparcelable:1.1.1) with AarResourcesCompilerTransform
Transforming interpolator-1.0.0.aar (androidx.interpolator:interpolator:1.0.0) with JetifyTransform
Transforming interpolator-1.0.0.aar (androidx.interpolator:interpolator:1.0.0) with ExtractAarTransform
Transforming interpolator-1.0.0.aar (androidx.interpolator:interpolator:1.0.0) with AarResourcesCompilerTransform
Transforming core-runtime-2.2.0.aar (androidx.arch.core:core-runtime:2.2.0) with JetifyTransform
Transforming core-runtime-2.2.0.aar (androidx.arch.core:core-runtime:2.2.0) with ExtractAarTransform
Transforming core-runtime-2.2.0.aar (androidx.arch.core:core-runtime:2.2.0) with AarResourcesCompilerTransform
Transforming profileinstaller-1.3.0.aar (androidx.profileinstaller:profileinstaller:1.3.0) with JetifyTransform
Transforming profileinstaller-1.3.0.aar (androidx.profileinstaller:profileinstaller:1.3.0) with ExtractAarTransform
Transforming profileinstaller-1.3.0.aar (androidx.profileinstaller:profileinstaller:1.3.0) with AarResourcesCompilerTransform
Transforming startup-runtime-1.1.1.aar (androidx.startup:startup-runtime:1.1.1) with JetifyTransform
Transforming startup-runtime-1.1.1.aar (androidx.startup:startup-runtime:1.1.1) with ExtractAarTransform
Transforming startup-runtime-1.1.1.aar (androidx.startup:startup-runtime:1.1.1) with AarResourcesCompilerTransform
Transforming tracing-1.0.0.aar (androidx.tracing:tracing:1.0.0) with JetifyTransform
Transforming tracing-1.0.0.aar (androidx.tracing:tracing:1.0.0) with ExtractAarTransform
Transforming tracing-1.0.0.aar (androidx.tracing:tracing:1.0.0) with AarResourcesCompilerTransform
Transforming tensorflow-lite-support-0.4.4.aar (org.tensorflow:tensorflow-lite-support:0.4.4) with JetifyTransform
Transforming tensorflow-lite-support-0.4.4.aar (org.tensorflow:tensorflow-lite-support:0.4.4) with ExtractAarTransform
Transforming tensorflow-lite-support-0.4.4.aar (org.tensorflow:tensorflow-lite-support:0.4.4) with AarResourcesCompilerTransform
Transforming tensorflow-lite-2.14.0.aar (org.tensorflow:tensorflow-lite:2.14.0) with JetifyTransform
Transforming tensorflow-lite-2.14.0.aar (org.tensorflow:tensorflow-lite:2.14.0) with ExtractAarTransform
Transforming tensorflow-lite-2.14.0.aar (org.tensorflow:tensorflow-lite:2.14.0) with AarResourcesCompilerTransform
Transforming dagger-lint-aar-2.48.aar (com.google.dagger:dagger-lint-aar:2.48) with JetifyTransform
Transforming dagger-lint-aar-2.48.aar (com.google.dagger:dagger-lint-aar:2.48) with ExtractAarTransform
Transforming dagger-lint-aar-2.48.aar (com.google.dagger:dagger-lint-aar:2.48) with AarResourcesCompilerTransform
Transforming tensorflow-lite-support-api-0.4.4.aar (org.tensorflow:tensorflow-lite-support-api:0.4.4) with JetifyTransform
Transforming tensorflow-lite-support-api-0.4.4.aar (org.tensorflow:tensorflow-lite-support-api:0.4.4) with ExtractAarTransform
Transforming tensorflow-lite-support-api-0.4.4.aar (org.tensorflow:tensorflow-lite-support-api:0.4.4) with AarResourcesCompilerTransform
Transforming tensorflow-lite-api-2.14.0.aar (org.tensorflow:tensorflow-lite-api:2.14.0) with JetifyTransform
Transforming tensorflow-lite-api-2.14.0.aar (org.tensorflow:tensorflow-lite-api:2.14.0) with ExtractAarTransform
Transforming tensorflow-lite-api-2.14.0.aar (org.tensorflow:tensorflow-lite-api:2.14.0) with AarResourcesCompilerTransform
Transforming image-1.0.0-beta1.aar (com.google.android.odml:image:1.0.0-beta1) with JetifyTransform
Transforming image-1.0.0-beta1.aar (com.google.android.odml:image:1.0.0-beta1) with ExtractAarTransform
Transforming image-1.0.0-beta1.aar (com.google.android.odml:image:1.0.0-beta1) with AarResourcesCompilerTransform
Transforming hilt-navigation-compose-1.1.0.aar (androidx.hilt:hilt-navigation-compose:1.1.0) with JetifyTransform
Transforming hilt-navigation-compose-1.1.0.aar (androidx.hilt:hilt-navigation-compose:1.1.0) with ExtractAarTransform
Transforming hilt-navigation-compose-1.1.0.aar (androidx.hilt:hilt-navigation-compose:1.1.0) with LibrarySymbolTableTransform
Transforming hilt-navigation-1.1.0.aar (androidx.hilt:hilt-navigation:1.1.0) with JetifyTransform
Transforming hilt-navigation-1.1.0.aar (androidx.hilt:hilt-navigation:1.1.0) with ExtractAarTransform
Transforming hilt-navigation-1.1.0.aar (androidx.hilt:hilt-navigation:1.1.0) with LibrarySymbolTableTransform
Transforming navigation-common-2.7.7.aar (androidx.navigation:navigation-common:2.7.7) with JetifyTransform
Transforming navigation-common-2.7.7.aar (androidx.navigation:navigation-common:2.7.7) with ExtractAarTransform
Transforming navigation-common-2.7.7.aar (androidx.navigation:navigation-common:2.7.7) with LibrarySymbolTableTransform
Transforming navigation-runtime-2.7.7.aar (androidx.navigation:navigation-runtime:2.7.7) with JetifyTransform
Transforming navigation-runtime-2.7.7.aar (androidx.navigation:navigation-runtime:2.7.7) with ExtractAarTransform
Transforming navigation-runtime-2.7.7.aar (androidx.navigation:navigation-runtime:2.7.7) with LibrarySymbolTableTransform
Transforming navigation-common-ktx-2.7.7.aar (androidx.navigation:navigation-common-ktx:2.7.7) with JetifyTransform
Transforming navigation-common-ktx-2.7.7.aar (androidx.navigation:navigation-common-ktx:2.7.7) with ExtractAarTransform
Transforming navigation-common-ktx-2.7.7.aar (androidx.navigation:navigation-common-ktx:2.7.7) with LibrarySymbolTableTransform
Transforming navigation-runtime-ktx-2.7.7.aar (androidx.navigation:navigation-runtime-ktx:2.7.7) with JetifyTransform
Transforming navigation-runtime-ktx-2.7.7.aar (androidx.navigation:navigation-runtime-ktx:2.7.7) with ExtractAarTransform
Transforming navigation-runtime-ktx-2.7.7.aar (androidx.navigation:navigation-runtime-ktx:2.7.7) with LibrarySymbolTableTransform
Transforming navigation-compose-2.7.7.aar (androidx.navigation:navigation-compose:2.7.7) with JetifyTransform
Transforming navigation-compose-2.7.7.aar (androidx.navigation:navigation-compose:2.7.7) with ExtractAarTransform
Transforming navigation-compose-2.7.7.aar (androidx.navigation:navigation-compose:2.7.7) with LibrarySymbolTableTransform
Transforming hilt-android-2.48.aar (com.google.dagger:hilt-android:2.48) with JetifyTransform
Transforming hilt-android-2.48.aar (com.google.dagger:hilt-android:2.48) with ExtractAarTransform
Transforming hilt-android-2.48.aar (com.google.dagger:hilt-android:2.48) with LibrarySymbolTableTransform
Transforming datastore-preferences-1.0.0.aar (androidx.datastore:datastore-preferences:1.0.0) with JetifyTransform
Transforming datastore-preferences-1.0.0.aar (androidx.datastore:datastore-preferences:1.0.0) with ExtractAarTransform
Transforming datastore-preferences-1.0.0.aar (androidx.datastore:datastore-preferences:1.0.0) with LibrarySymbolTableTransform
Transforming fragment-1.5.1.aar (androidx.fragment:fragment:1.5.1) with JetifyTransform
Transforming fragment-1.5.1.aar (androidx.fragment:fragment:1.5.1) with ExtractAarTransform
Transforming fragment-1.5.1.aar (androidx.fragment:fragment:1.5.1) with LibrarySymbolTableTransform
Transforming activity-ktx-1.8.1.aar (androidx.activity:activity-ktx:1.8.1) with JetifyTransform
Transforming activity-ktx-1.8.1.aar (androidx.activity:activity-ktx:1.8.1) with ExtractAarTransform
Transforming activity-ktx-1.8.1.aar (androidx.activity:activity-ktx:1.8.1) with LibrarySymbolTableTransform
Transforming activity-1.8.1.aar (androidx.activity:activity:1.8.1) with JetifyTransform
Transforming activity-1.8.1.aar (androidx.activity:activity:1.8.1) with ExtractAarTransform
Transforming activity-1.8.1.aar (androidx.activity:activity:1.8.1) with LibrarySymbolTableTransform
Transforming material3-release.aar (androidx.compose.material3:material3-android:1.2.1) with JetifyTransform
Transforming material3-release.aar (androidx.compose.material3:material3-android:1.2.1) with ExtractAarTransform
Transforming material3-release.aar (androidx.compose.material3:material3-android:1.2.1) with LibrarySymbolTableTransform
Transforming material-release.aar (androidx.compose.material:material-android:1.6.4) with JetifyTransform
Transforming material-release.aar (androidx.compose.material:material-android:1.6.4) with ExtractAarTransform
Transforming material-release.aar (androidx.compose.material:material-android:1.6.4) with LibrarySymbolTableTransform
Transforming material-icons-core-release.aar (androidx.compose.material:material-icons-core-android:1.6.4) with JetifyTransform
Transforming material-icons-core-release.aar (androidx.compose.material:material-icons-core-android:1.6.4) with ExtractAarTransform
Transforming material-icons-core-release.aar (androidx.compose.material:material-icons-core-android:1.6.4) with LibrarySymbolTableTransform
Transforming material-icons-extended-release.aar (androidx.compose.material:material-icons-extended-android:1.6.4) with JetifyTransform
Transforming material-icons-extended-release.aar (androidx.compose.material:material-icons-extended-android:1.6.4) with ExtractAarTransform
Transforming material-icons-extended-release.aar (androidx.compose.material:material-icons-extended-android:1.6.4) with LibrarySymbolTableTransform
Transforming material-ripple-release.aar (androidx.compose.material:material-ripple-android:1.6.4) with JetifyTransform
Transforming material-ripple-release.aar (androidx.compose.material:material-ripple-android:1.6.4) with ExtractAarTransform
Transforming material-ripple-release.aar (androidx.compose.material:material-ripple-android:1.6.4) with LibrarySymbolTableTransform
Transforming ui-tooling-data-release.aar (androidx.compose.ui:ui-tooling-data-android:1.6.5) with JetifyTransform
Transforming ui-tooling-data-release.aar (androidx.compose.ui:ui-tooling-data-android:1.6.5) with ExtractAarTransform
Transforming ui-tooling-data-release.aar (androidx.compose.ui:ui-tooling-data-android:1.6.5) with LibrarySymbolTableTransform
Transforming foundation-layout-release.aar (androidx.compose.foundation:foundation-layout-android:1.6.5) with JetifyTransform
Transforming foundation-layout-release.aar (androidx.compose.foundation:foundation-layout-android:1.6.5) with ExtractAarTransform
Transforming foundation-layout-release.aar (androidx.compose.foundation:foundation-layout-android:1.6.5) with LibrarySymbolTableTransform
Transforming foundation-release.aar (androidx.compose.foundation:foundation-android:1.6.5) with JetifyTransform
Transforming foundation-release.aar (androidx.compose.foundation:foundation-android:1.6.5) with ExtractAarTransform
Transforming foundation-release.aar (androidx.compose.foundation:foundation-android:1.6.5) with LibrarySymbolTableTransform
Transforming animation-release.aar (androidx.compose.animation:animation-android:1.6.5) with JetifyTransform
Transforming animation-release.aar (androidx.compose.animation:animation-android:1.6.5) with ExtractAarTransform
Transforming animation-release.aar (androidx.compose.animation:animation-android:1.6.5) with LibrarySymbolTableTransform
Transforming animation-core-release.aar (androidx.compose.animation:animation-core-android:1.6.5) with JetifyTransform
Transforming animation-core-release.aar (androidx.compose.animation:animation-core-android:1.6.5) with ExtractAarTransform
Transforming animation-core-release.aar (androidx.compose.animation:animation-core-android:1.6.5) with LibrarySymbolTableTransform
Transforming ui-unit-release.aar (androidx.compose.ui:ui-unit-android:1.6.5) with JetifyTransform
Transforming ui-unit-release.aar (androidx.compose.ui:ui-unit-android:1.6.5) with ExtractAarTransform
Transforming ui-unit-release.aar (androidx.compose.ui:ui-unit-android:1.6.5) with LibrarySymbolTableTransform
Transforming ui-geometry-release.aar (androidx.compose.ui:ui-geometry-android:1.6.5) with JetifyTransform
Transforming ui-geometry-release.aar (androidx.compose.ui:ui-geometry-android:1.6.5) with ExtractAarTransform
Transforming ui-geometry-release.aar (androidx.compose.ui:ui-geometry-android:1.6.5) with LibrarySymbolTableTransform
Transforming ui-util-release.aar (androidx.compose.ui:ui-util-android:1.6.5) with JetifyTransform
Transforming ui-util-release.aar (androidx.compose.ui:ui-util-android:1.6.5) with ExtractAarTransform
Transforming ui-util-release.aar (androidx.compose.ui:ui-util-android:1.6.5) with LibrarySymbolTableTransform
Transforming ui-text-release.aar (androidx.compose.ui:ui-text-android:1.6.5) with JetifyTransform
Transforming ui-text-release.aar (androidx.compose.ui:ui-text-android:1.6.5) with ExtractAarTransform
Transforming ui-text-release.aar (androidx.compose.ui:ui-text-android:1.6.5) with LibrarySymbolTableTransform
Transforming ui-tooling-preview-release.aar (androidx.compose.ui:ui-tooling-preview-android:1.6.5) with JetifyTransform
Transforming ui-tooling-preview-release.aar (androidx.compose.ui:ui-tooling-preview-android:1.6.5) with ExtractAarTransform
Transforming ui-tooling-preview-release.aar (androidx.compose.ui:ui-tooling-preview-android:1.6.5) with LibrarySymbolTableTransform
Transforming ui-graphics-release.aar (androidx.compose.ui:ui-graphics-android:1.6.5) with JetifyTransform
Transforming ui-graphics-release.aar (androidx.compose.ui:ui-graphics-android:1.6.5) with ExtractAarTransform
Transforming ui-graphics-release.aar (androidx.compose.ui:ui-graphics-android:1.6.5) with LibrarySymbolTableTransform
Transforming ui-tooling-release.aar (androidx.compose.ui:ui-tooling-android:1.6.5) with JetifyTransform
Transforming ui-tooling-release.aar (androidx.compose.ui:ui-tooling-android:1.6.5) with ExtractAarTransform
Transforming ui-tooling-release.aar (androidx.compose.ui:ui-tooling-android:1.6.5) with LibrarySymbolTableTransform
Transforming activity-compose-1.8.1.aar (androidx.activity:activity-compose:1.8.1) with JetifyTransform
Transforming activity-compose-1.8.1.aar (androidx.activity:activity-compose:1.8.1) with ExtractAarTransform
Transforming activity-compose-1.8.1.aar (androidx.activity:activity-compose:1.8.1) with LibrarySymbolTableTransform
Transforming customview-poolingcontainer-1.0.0.aar (androidx.customview:customview-poolingcontainer:1.0.0) with JetifyTransform
Transforming customview-poolingcontainer-1.0.0.aar (androidx.customview:customview-poolingcontainer:1.0.0) with ExtractAarTransform
Transforming customview-poolingcontainer-1.0.0.aar (androidx.customview:customview-poolingcontainer:1.0.0) with LibrarySymbolTableTransform
Transforming core-ktx-1.12.0.aar (androidx.core:core-ktx:1.12.0) with JetifyTransform
Transforming core-ktx-1.12.0.aar (androidx.core:core-ktx:1.12.0) with ExtractAarTransform
Transforming core-ktx-1.12.0.aar (androidx.core:core-ktx:1.12.0) with LibrarySymbolTableTransform
Transforming loader-1.0.0.aar (androidx.loader:loader:1.0.0) with JetifyTransform
Transforming loader-1.0.0.aar (androidx.loader:loader:1.0.0) with ExtractAarTransform
Transforming loader-1.0.0.aar (androidx.loader:loader:1.0.0) with LibrarySymbolTableTransform
Transforming viewpager-1.0.0.aar (androidx.viewpager:viewpager:1.0.0) with JetifyTransform
Transforming viewpager-1.0.0.aar (androidx.viewpager:viewpager:1.0.0) with ExtractAarTransform
Transforming viewpager-1.0.0.aar (androidx.viewpager:viewpager:1.0.0) with LibrarySymbolTableTransform
Transforming customview-1.0.0.aar (androidx.customview:customview:1.0.0) with JetifyTransform
Transforming customview-1.0.0.aar (androidx.customview:customview:1.0.0) with ExtractAarTransform
Transforming customview-1.0.0.aar (androidx.customview:customview:1.0.0) with LibrarySymbolTableTransform
Transforming autofill-1.0.0.aar (androidx.autofill:autofill:1.0.0) with JetifyTransform
Transforming autofill-1.0.0.aar (androidx.autofill:autofill:1.0.0) with ExtractAarTransform
Transforming autofill-1.0.0.aar (androidx.autofill:autofill:1.0.0) with LibrarySymbolTableTransform
Transforming emoji2-1.3.0.aar (androidx.emoji2:emoji2:1.3.0) with JetifyTransform
Transforming emoji2-1.3.0.aar (androidx.emoji2:emoji2:1.3.0) with ExtractAarTransform
Transforming emoji2-1.3.0.aar (androidx.emoji2:emoji2:1.3.0) with LibrarySymbolTableTransform
Transforming core-1.12.0.aar (androidx.core:core:1.12.0) with JetifyTransform
Transforming core-1.12.0.aar (androidx.core:core:1.12.0) with ExtractAarTransform
Transforming core-1.12.0.aar (androidx.core:core:1.12.0) with LibrarySymbolTableTransform
Transforming core-1.12.0.aar (androidx.core:core:1.12.0) with JetifyTransform
Transforming core-1.12.0.aar (androidx.core:core:1.12.0) with ExtractAarTransform
Transforming core-1.12.0.aar (androidx.core:core:1.12.0) with LibrarySymbolTableTransform
Transforming lifecycle-process-2.7.0.aar (androidx.lifecycle:lifecycle-process:2.7.0) with JetifyTransform
Transforming lifecycle-process-2.7.0.aar (androidx.lifecycle:lifecycle-process:2.7.0) with ExtractAarTransform
Transforming lifecycle-process-2.7.0.aar (androidx.lifecycle:lifecycle-process:2.7.0) with LibrarySymbolTableTransform
Transforming lifecycle-livedata-core-ktx-2.7.0.aar (androidx.lifecycle:lifecycle-livedata-core-ktx:2.7.0) with JetifyTransform
Transforming lifecycle-livedata-core-ktx-2.7.0.aar (androidx.lifecycle:lifecycle-livedata-core-ktx:2.7.0) with ExtractAarTransform
Transforming lifecycle-livedata-core-ktx-2.7.0.aar (androidx.lifecycle:lifecycle-livedata-core-ktx:2.7.0) with LibrarySymbolTableTransform
Transforming lifecycle-livedata-2.7.0.aar (androidx.lifecycle:lifecycle-livedata:2.7.0) with JetifyTransform
Transforming lifecycle-livedata-2.7.0.aar (androidx.lifecycle:lifecycle-livedata:2.7.0) with ExtractAarTransform
Transforming lifecycle-livedata-2.7.0.aar (androidx.lifecycle:lifecycle-livedata:2.7.0) with LibrarySymbolTableTransform
Transforming lifecycle-viewmodel-ktx-2.7.0.aar (androidx.lifecycle:lifecycle-viewmodel-ktx:2.7.0) with JetifyTransform
Transforming lifecycle-viewmodel-ktx-2.7.0.aar (androidx.lifecycle:lifecycle-viewmodel-ktx:2.7.0) with ExtractAarTransform
Transforming lifecycle-viewmodel-ktx-2.7.0.aar (androidx.lifecycle:lifecycle-viewmodel-ktx:2.7.0) with LibrarySymbolTableTransform
Transforming lifecycle-livedata-core-2.7.0.aar (androidx.lifecycle:lifecycle-livedata-core:2.7.0) with JetifyTransform
Transforming lifecycle-livedata-core-2.7.0.aar (androidx.lifecycle:lifecycle-livedata-core:2.7.0) with ExtractAarTransform
Transforming lifecycle-livedata-core-2.7.0.aar (androidx.lifecycle:lifecycle-livedata-core:2.7.0) with LibrarySymbolTableTransform
Transforming lifecycle-runtime-2.7.0.aar (androidx.lifecycle:lifecycle-runtime:2.7.0) with JetifyTransform
Transforming lifecycle-runtime-2.7.0.aar (androidx.lifecycle:lifecycle-runtime:2.7.0) with ExtractAarTransform
Transforming lifecycle-runtime-2.7.0.aar (androidx.lifecycle:lifecycle-runtime:2.7.0) with LibrarySymbolTableTransform
Transforming lifecycle-viewmodel-savedstate-2.7.0.aar (androidx.lifecycle:lifecycle-viewmodel-savedstate:2.7.0) with JetifyTransform
Transforming lifecycle-viewmodel-savedstate-2.7.0.aar (androidx.lifecycle:lifecycle-viewmodel-savedstate:2.7.0) with ExtractAarTransform
Transforming lifecycle-viewmodel-savedstate-2.7.0.aar (androidx.lifecycle:lifecycle-viewmodel-savedstate:2.7.0) with LibrarySymbolTableTransform
Transforming lifecycle-viewmodel-2.7.0.aar (androidx.lifecycle:lifecycle-viewmodel:2.7.0) with JetifyTransform
Transforming lifecycle-viewmodel-2.7.0.aar (androidx.lifecycle:lifecycle-viewmodel:2.7.0) with ExtractAarTransform
Transforming lifecycle-viewmodel-2.7.0.aar (androidx.lifecycle:lifecycle-viewmodel:2.7.0) with LibrarySymbolTableTransform
Transforming lifecycle-viewmodel-2.7.0.aar (androidx.lifecycle:lifecycle-viewmodel:2.7.0) with JetifyTransform
Transforming lifecycle-viewmodel-2.7.0.aar (androidx.lifecycle:lifecycle-viewmodel:2.7.0) with ExtractAarTransform
Transforming lifecycle-viewmodel-2.7.0.aar (androidx.lifecycle:lifecycle-viewmodel:2.7.0) with LibrarySymbolTableTransform
Transforming savedstate-ktx-1.2.1.aar (androidx.savedstate:savedstate-ktx:1.2.1) with JetifyTransform
Transforming savedstate-ktx-1.2.1.aar (androidx.savedstate:savedstate-ktx:1.2.1) with ExtractAarTransform
Transforming savedstate-ktx-1.2.1.aar (androidx.savedstate:savedstate-ktx:1.2.1) with LibrarySymbolTableTransform
Transforming savedstate-1.2.1.aar (androidx.savedstate:savedstate:1.2.1) with JetifyTransform
Transforming savedstate-1.2.1.aar (androidx.savedstate:savedstate:1.2.1) with ExtractAarTransform
Transforming savedstate-1.2.1.aar (androidx.savedstate:savedstate:1.2.1) with LibrarySymbolTableTransform
Transforming lifecycle-runtime-ktx-2.7.0.aar (androidx.lifecycle:lifecycle-runtime-ktx:2.7.0) with JetifyTransform
Transforming lifecycle-runtime-ktx-2.7.0.aar (androidx.lifecycle:lifecycle-runtime-ktx:2.7.0) with ExtractAarTransform
Transforming lifecycle-runtime-ktx-2.7.0.aar (androidx.lifecycle:lifecycle-runtime-ktx:2.7.0) with LibrarySymbolTableTransform
Transforming lifecycle-viewmodel-compose-2.7.0.aar (androidx.lifecycle:lifecycle-viewmodel-compose:2.7.0) with JetifyTransform
Transforming lifecycle-viewmodel-compose-2.7.0.aar (androidx.lifecycle:lifecycle-viewmodel-compose:2.7.0) with ExtractAarTransform
Transforming lifecycle-viewmodel-compose-2.7.0.aar (androidx.lifecycle:lifecycle-viewmodel-compose:2.7.0) with LibrarySymbolTableTransform
Transforming ui-release.aar (androidx.compose.ui:ui-android:1.6.5) with JetifyTransform
Transforming ui-release.aar (androidx.compose.ui:ui-android:1.6.5) with ExtractAarTransform
Transforming ui-release.aar (androidx.compose.ui:ui-android:1.6.5) with LibrarySymbolTableTransform
Transforming ui-test-manifest-1.6.5.aar (androidx.compose.ui:ui-test-manifest:1.6.5) with JetifyTransform
Transforming ui-test-manifest-1.6.5.aar (androidx.compose.ui:ui-test-manifest:1.6.5) with ExtractAarTransform
Transforming ui-test-manifest-1.6.5.aar (androidx.compose.ui:ui-test-manifest:1.6.5) with LibrarySymbolTableTransform
Transforming ui-text-google-fonts-1.6.5.aar (androidx.compose.ui:ui-text-google-fonts:1.6.5) with JetifyTransform
Transforming ui-text-google-fonts-1.6.5.aar (androidx.compose.ui:ui-text-google-fonts:1.6.5) with ExtractAarTransform
Transforming ui-text-google-fonts-1.6.5.aar (androidx.compose.ui:ui-text-google-fonts:1.6.5) with LibrarySymbolTableTransform
Transforming datastore-1.0.0.aar (androidx.datastore:datastore:1.0.0) with JetifyTransform
Transforming datastore-1.0.0.aar (androidx.datastore:datastore:1.0.0) with ExtractAarTransform
Transforming datastore-1.0.0.aar (androidx.datastore:datastore:1.0.0) with LibrarySymbolTableTransform
Transforming runtime-saveable-release.aar (androidx.compose.runtime:runtime-saveable-android:1.6.5) with JetifyTransform
Transforming runtime-saveable-release.aar (androidx.compose.runtime:runtime-saveable-android:1.6.5) with ExtractAarTransform
Transforming runtime-saveable-release.aar (androidx.compose.runtime:runtime-saveable-android:1.6.5) with LibrarySymbolTableTransform
Transforming runtime-release.aar (androidx.compose.runtime:runtime-android:1.6.5) with JetifyTransform
Transforming runtime-release.aar (androidx.compose.runtime:runtime-android:1.6.5) with ExtractAarTransform
Transforming runtime-release.aar (androidx.compose.runtime:runtime-android:1.6.5) with LibrarySymbolTableTransform
Transforming annotation-experimental-1.4.0.aar (androidx.annotation:annotation-experimental:1.4.0) with JetifyTransform
Transforming annotation-experimental-1.4.0.aar (androidx.annotation:annotation-experimental:1.4.0) with ExtractAarTransform
Transforming annotation-experimental-1.4.0.aar (androidx.annotation:annotation-experimental:1.4.0) with LibrarySymbolTableTransform
Transforming versionedparcelable-1.1.1.aar (androidx.versionedparcelable:versionedparcelable:1.1.1) with JetifyTransform
Transforming versionedparcelable-1.1.1.aar (androidx.versionedparcelable:versionedparcelable:1.1.1) with ExtractAarTransform
Transforming versionedparcelable-1.1.1.aar (androidx.versionedparcelable:versionedparcelable:1.1.1) with LibrarySymbolTableTransform
Transforming interpolator-1.0.0.aar (androidx.interpolator:interpolator:1.0.0) with JetifyTransform
Transforming interpolator-1.0.0.aar (androidx.interpolator:interpolator:1.0.0) with ExtractAarTransform
Transforming interpolator-1.0.0.aar (androidx.interpolator:interpolator:1.0.0) with LibrarySymbolTableTransform
Transforming core-runtime-2.2.0.aar (androidx.arch.core:core-runtime:2.2.0) with JetifyTransform
Transforming core-runtime-2.2.0.aar (androidx.arch.core:core-runtime:2.2.0) with ExtractAarTransform
Transforming core-runtime-2.2.0.aar (androidx.arch.core:core-runtime:2.2.0) with LibrarySymbolTableTransform
Transforming profileinstaller-1.3.0.aar (androidx.profileinstaller:profileinstaller:1.3.0) with JetifyTransform
Transforming profileinstaller-1.3.0.aar (androidx.profileinstaller:profileinstaller:1.3.0) with ExtractAarTransform
Transforming profileinstaller-1.3.0.aar (androidx.profileinstaller:profileinstaller:1.3.0) with LibrarySymbolTableTransform
Transforming startup-runtime-1.1.1.aar (androidx.startup:startup-runtime:1.1.1) with JetifyTransform
Transforming startup-runtime-1.1.1.aar (androidx.startup:startup-runtime:1.1.1) with ExtractAarTransform
Transforming startup-runtime-1.1.1.aar (androidx.startup:startup-runtime:1.1.1) with LibrarySymbolTableTransform
Transforming tracing-1.0.0.aar (androidx.tracing:tracing:1.0.0) with JetifyTransform
Transforming tracing-1.0.0.aar (androidx.tracing:tracing:1.0.0) with ExtractAarTransform
Transforming tracing-1.0.0.aar (androidx.tracing:tracing:1.0.0) with LibrarySymbolTableTransform
Transforming tensorflow-lite-support-0.4.4.aar (org.tensorflow:tensorflow-lite-support:0.4.4) with JetifyTransform
Transforming tensorflow-lite-support-0.4.4.aar (org.tensorflow:tensorflow-lite-support:0.4.4) with ExtractAarTransform
Transforming tensorflow-lite-support-0.4.4.aar (org.tensorflow:tensorflow-lite-support:0.4.4) with LibrarySymbolTableTransform
Transforming tensorflow-lite-2.14.0.aar (org.tensorflow:tensorflow-lite:2.14.0) with JetifyTransform
Transforming tensorflow-lite-2.14.0.aar (org.tensorflow:tensorflow-lite:2.14.0) with ExtractAarTransform
Transforming tensorflow-lite-2.14.0.aar (org.tensorflow:tensorflow-lite:2.14.0) with LibrarySymbolTableTransform
Transforming dagger-lint-aar-2.48.aar (com.google.dagger:dagger-lint-aar:2.48) with JetifyTransform
Transforming dagger-lint-aar-2.48.aar (com.google.dagger:dagger-lint-aar:2.48) with ExtractAarTransform
Transforming dagger-lint-aar-2.48.aar (com.google.dagger:dagger-lint-aar:2.48) with LibrarySymbolTableTransform
Transforming tensorflow-lite-support-api-0.4.4.aar (org.tensorflow:tensorflow-lite-support-api:0.4.4) with JetifyTransform
Transforming tensorflow-lite-support-api-0.4.4.aar (org.tensorflow:tensorflow-lite-support-api:0.4.4) with ExtractAarTransform
Transforming tensorflow-lite-support-api-0.4.4.aar (org.tensorflow:tensorflow-lite-support-api:0.4.4) with LibrarySymbolTableTransform
Transforming tensorflow-lite-api-2.14.0.aar (org.tensorflow:tensorflow-lite-api:2.14.0) with JetifyTransform
Transforming tensorflow-lite-api-2.14.0.aar (org.tensorflow:tensorflow-lite-api:2.14.0) with ExtractAarTransform
Transforming tensorflow-lite-api-2.14.0.aar (org.tensorflow:tensorflow-lite-api:2.14.0) with LibrarySymbolTableTransform
Transforming image-1.0.0-beta1.aar (com.google.android.odml:image:1.0.0-beta1) with JetifyTransform
Transforming image-1.0.0-beta1.aar (com.google.android.odml:image:1.0.0-beta1) with ExtractAarTransform
Transforming image-1.0.0-beta1.aar (com.google.android.odml:image:1.0.0-beta1) with LibrarySymbolTableTransform
Build cache key for task ':app:processDebugResources' is 6db5035169839906ccf0913a3b325ba5
Skipping task ':app:processDebugResources' as it is up-to-date.
Resolve mutations for :app:kaptGenerateStubsDebugKotlin (Thread[#427,Execution worker,5,main]) started.
:app:kaptGenerateStubsDebugKotlin (Thread[#427,Execution worker,5,main]) started.

> Task :app:kaptGenerateStubsDebugKotlin UP-TO-DATE
Transforming hilt-compiler-2.48.jar (com.google.dagger:hilt-compiler:2.48) with JetifyTransform
Transforming dagger-spi-2.48.jar (com.google.dagger:dagger-spi:2.48) with JetifyTransform
Transforming dagger-2.48.jar (com.google.dagger:dagger:2.48) with JetifyTransform
Transforming dagger-producers-2.48.jar (com.google.dagger:dagger-producers:2.48) with JetifyTransform
Transforming guava-31.0.1-jre.jar (com.google.guava:guava:31.0.1-jre) with JetifyTransform
Transforming jsr305-3.0.2.jar (com.google.code.findbugs:jsr305:3.0.2) with JetifyTransform
Transforming failureaccess-1.0.1.jar (com.google.guava:failureaccess:1.0.1) with JetifyTransform
Transforming google-java-format-1.5.jar (com.google.googlejavaformat:google-java-format:1.5) with JetifyTransform
Transforming javapoet-1.13.0.jar (com.squareup:javapoet:1.13.0) with JetifyTransform
Transforming javax.inject-1.jar (javax.inject:javax.inject:1) with JetifyTransform
Transforming dagger-compiler-2.48.jar (com.google.dagger:dagger-compiler:2.48) with JetifyTransform
Transforming symbol-processing-api-1.9.0-1.0.12.jar (com.google.devtools.ksp:symbol-processing-api:1.9.0-1.0.12) with JetifyTransform
Transforming incap-0.2.jar (net.ltgt.gradle.incap:incap:0.2) with JetifyTransform
Transforming kotlinpoet-1.11.0.jar (com.squareup:kotlinpoet:1.11.0) with JetifyTransform
Transforming kotlin-reflect-1.6.10.jar (org.jetbrains.kotlin:kotlin-reflect:1.6.10) with JetifyTransform
Transforming kotlin-stdlib-jdk8-1.6.10.jar (org.jetbrains.kotlin:kotlin-stdlib-jdk8:1.6.10) with JetifyTransform
Transforming kotlin-stdlib-jdk7-1.6.10.jar (org.jetbrains.kotlin:kotlin-stdlib-jdk7:1.6.10) with JetifyTransform
Transforming kotlin-stdlib-1.9.0.jar (org.jetbrains.kotlin:kotlin-stdlib:1.9.0) with JetifyTransform
Transforming listenablefuture-9999.0-empty-to-avoid-conflict-with-guava.jar (com.google.guava:listenablefuture:9999.0-empty-to-avoid-conflict-with-guava) with JetifyTransform
Transforming checker-qual-3.12.0.jar (org.checkerframework:checker-qual:3.12.0) with JetifyTransform
Transforming error_prone_annotations-2.7.1.jar (com.google.errorprone:error_prone_annotations:2.7.1) with JetifyTransform
Transforming j2objc-annotations-1.3.jar (com.google.j2objc:j2objc-annotations:1.3) with JetifyTransform
Transforming kotlin-stdlib-common-1.9.0.jar (org.jetbrains.kotlin:kotlin-stdlib-common:1.9.0) with JetifyTransform
Transforming annotations-13.0.jar (org.jetbrains:annotations:13.0) with JetifyTransform
Transforming javac-shaded-9-dev-r4023-3.jar (com.google.errorprone:javac-shaded:9-dev-r4023-3) with JetifyTransform
Transforming checker-compat-qual-2.5.5.jar (org.checkerframework:checker-compat-qual:2.5.5) with JetifyTransform
Transforming hilt-navigation-compose-1.1.0.aar (androidx.hilt:hilt-navigation-compose:1.1.0) with JetifyTransform
Transforming hilt-navigation-compose-1.1.0.aar (androidx.hilt:hilt-navigation-compose:1.1.0) with AarToClassTransform
Transforming hilt-navigation-1.1.0.aar (androidx.hilt:hilt-navigation:1.1.0) with JetifyTransform
Transforming hilt-navigation-1.1.0.aar (androidx.hilt:hilt-navigation:1.1.0) with AarToClassTransform
Transforming hilt-android-2.48.aar (com.google.dagger:hilt-android:2.48) with JetifyTransform
Transforming hilt-android-2.48.aar (com.google.dagger:hilt-android:2.48) with AarToClassTransform
Transforming datastore-preferences-1.0.0.aar (androidx.datastore:datastore-preferences:1.0.0) with JetifyTransform
Transforming datastore-preferences-1.0.0.aar (androidx.datastore:datastore-preferences:1.0.0) with AarToClassTransform
Transforming fragment-1.5.1.aar (androidx.fragment:fragment:1.5.1) with JetifyTransform
Transforming fragment-1.5.1.aar (androidx.fragment:fragment:1.5.1) with AarToClassTransform
Transforming navigation-common-2.7.7.aar (androidx.navigation:navigation-common:2.7.7) with JetifyTransform
Transforming navigation-common-2.7.7.aar (androidx.navigation:navigation-common:2.7.7) with AarToClassTransform
Transforming navigation-runtime-2.7.7.aar (androidx.navigation:navigation-runtime:2.7.7) with JetifyTransform
Transforming navigation-runtime-2.7.7.aar (androidx.navigation:navigation-runtime:2.7.7) with AarToClassTransform
Transforming navigation-common-ktx-2.7.7.aar (androidx.navigation:navigation-common-ktx:2.7.7) with JetifyTransform
Transforming navigation-common-ktx-2.7.7.aar (androidx.navigation:navigation-common-ktx:2.7.7) with AarToClassTransform
Transforming navigation-runtime-ktx-2.7.7.aar (androidx.navigation:navigation-runtime-ktx:2.7.7) with JetifyTransform
Transforming navigation-runtime-ktx-2.7.7.aar (androidx.navigation:navigation-runtime-ktx:2.7.7) with AarToClassTransform
Transforming navigation-compose-2.7.7.aar (androidx.navigation:navigation-compose:2.7.7) with JetifyTransform
Transforming navigation-compose-2.7.7.aar (androidx.navigation:navigation-compose:2.7.7) with AarToClassTransform
Transforming material3-release.aar (androidx.compose.material3:material3-android:1.2.1) with JetifyTransform
Transforming material3-release.aar (androidx.compose.material3:material3-android:1.2.1) with AarToClassTransform
Transforming foundation-layout-release.aar (androidx.compose.foundation:foundation-layout-android:1.6.5) with JetifyTransform
Transforming foundation-layout-release.aar (androidx.compose.foundation:foundation-layout-android:1.6.5) with AarToClassTransform
Transforming material-icons-core-release.aar (androidx.compose.material:material-icons-core-android:1.6.4) with JetifyTransform
Transforming material-icons-core-release.aar (androidx.compose.material:material-icons-core-android:1.6.4) with AarToClassTransform
Transforming material-icons-extended-release.aar (androidx.compose.material:material-icons-extended-android:1.6.4) with JetifyTransform
Transforming material-icons-extended-release.aar (androidx.compose.material:material-icons-extended-android:1.6.4) with AarToClassTransform
Transforming material-ripple-release.aar (androidx.compose.material:material-ripple-android:1.6.4) with JetifyTransform
Transforming material-ripple-release.aar (androidx.compose.material:material-ripple-android:1.6.4) with AarToClassTransform
Transforming foundation-release.aar (androidx.compose.foundation:foundation-android:1.6.5) with JetifyTransform
Transforming foundation-release.aar (androidx.compose.foundation:foundation-android:1.6.5) with AarToClassTransform
Transforming animation-core-release.aar (androidx.compose.animation:animation-core-android:1.6.5) with JetifyTransform
Transforming animation-core-release.aar (androidx.compose.animation:animation-core-android:1.6.5) with AarToClassTransform
Transforming animation-release.aar (androidx.compose.animation:animation-android:1.6.5) with JetifyTransform
Transforming animation-release.aar (androidx.compose.animation:animation-android:1.6.5) with AarToClassTransform
Transforming ui-util-release.aar (androidx.compose.ui:ui-util-android:1.6.5) with JetifyTransform
Transforming ui-util-release.aar (androidx.compose.ui:ui-util-android:1.6.5) with AarToClassTransform
Transforming ui-unit-release.aar (androidx.compose.ui:ui-unit-android:1.6.5) with JetifyTransform
Transforming ui-unit-release.aar (androidx.compose.ui:ui-unit-android:1.6.5) with AarToClassTransform
Transforming ui-text-release.aar (androidx.compose.ui:ui-text-android:1.6.5) with JetifyTransform
Transforming ui-text-release.aar (androidx.compose.ui:ui-text-android:1.6.5) with AarToClassTransform
Transforming ui-geometry-release.aar (androidx.compose.ui:ui-geometry-android:1.6.5) with JetifyTransform
Transforming ui-geometry-release.aar (androidx.compose.ui:ui-geometry-android:1.6.5) with AarToClassTransform
Transforming ui-tooling-data-release.aar (androidx.compose.ui:ui-tooling-data-android:1.6.5) with JetifyTransform
Transforming ui-tooling-data-release.aar (androidx.compose.ui:ui-tooling-data-android:1.6.5) with AarToClassTransform
Transforming ui-tooling-preview-release.aar (androidx.compose.ui:ui-tooling-preview-android:1.6.5) with JetifyTransform
Transforming ui-tooling-preview-release.aar (androidx.compose.ui:ui-tooling-preview-android:1.6.5) with AarToClassTransform
Transforming ui-graphics-release.aar (androidx.compose.ui:ui-graphics-android:1.6.5) with JetifyTransform
Transforming ui-graphics-release.aar (androidx.compose.ui:ui-graphics-android:1.6.5) with AarToClassTransform
Transforming ui-release.aar (androidx.compose.ui:ui-android:1.6.5) with JetifyTransform
Transforming ui-release.aar (androidx.compose.ui:ui-android:1.6.5) with AarToClassTransform
Transforming ui-tooling-release.aar (androidx.compose.ui:ui-tooling-android:1.6.5) with JetifyTransform
Transforming ui-tooling-release.aar (androidx.compose.ui:ui-tooling-android:1.6.5) with AarToClassTransform
Transforming ui-text-google-fonts-1.6.5.aar (androidx.compose.ui:ui-text-google-fonts:1.6.5) with JetifyTransform
Transforming ui-text-google-fonts-1.6.5.aar (androidx.compose.ui:ui-text-google-fonts:1.6.5) with AarToClassTransform
Transforming ui-test-manifest-1.6.5.aar (androidx.compose.ui:ui-test-manifest:1.6.5) with JetifyTransform
Transforming ui-test-manifest-1.6.5.aar (androidx.compose.ui:ui-test-manifest:1.6.5) with AarToClassTransform
Transforming activity-ktx-1.8.1.aar (androidx.activity:activity-ktx:1.8.1) with JetifyTransform
Transforming activity-ktx-1.8.1.aar (androidx.activity:activity-ktx:1.8.1) with AarToClassTransform
Transforming activity-1.8.1.aar (androidx.activity:activity:1.8.1) with JetifyTransform
Transforming activity-1.8.1.aar (androidx.activity:activity:1.8.1) with AarToClassTransform
Transforming activity-compose-1.8.1.aar (androidx.activity:activity-compose:1.8.1) with JetifyTransform
Transforming activity-compose-1.8.1.aar (androidx.activity:activity-compose:1.8.1) with AarToClassTransform
Transforming loader-1.0.0.aar (androidx.loader:loader:1.0.0) with JetifyTransform
Transforming loader-1.0.0.aar (androidx.loader:loader:1.0.0) with AarToClassTransform
Transforming viewpager-1.0.0.aar (androidx.viewpager:viewpager:1.0.0) with JetifyTransform
Transforming viewpager-1.0.0.aar (androidx.viewpager:viewpager:1.0.0) with AarToClassTransform
Transforming customview-1.0.0.aar (androidx.customview:customview:1.0.0) with JetifyTransform
Transforming customview-1.0.0.aar (androidx.customview:customview:1.0.0) with AarToClassTransform
Transforming core-1.12.0.aar (androidx.core:core:1.12.0) with JetifyTransform
Transforming core-1.12.0.aar (androidx.core:core:1.12.0) with AarToClassTransform
Transforming core-1.12.0.aar (androidx.core:core:1.12.0) with JetifyTransform
Transforming core-1.12.0.aar (androidx.core:core:1.12.0) with AarToClassTransform
Transforming lifecycle-livedata-core-ktx-2.7.0.aar (androidx.lifecycle:lifecycle-livedata-core-ktx:2.7.0) with JetifyTransform
Transforming lifecycle-livedata-core-ktx-2.7.0.aar (androidx.lifecycle:lifecycle-livedata-core-ktx:2.7.0) with AarToClassTransform
Transforming lifecycle-livedata-2.7.0.aar (androidx.lifecycle:lifecycle-livedata:2.7.0) with JetifyTransform
Transforming lifecycle-livedata-2.7.0.aar (androidx.lifecycle:lifecycle-livedata:2.7.0) with AarToClassTransform
Transforming lifecycle-livedata-core-2.7.0.aar (androidx.lifecycle:lifecycle-livedata-core:2.7.0) with JetifyTransform
Transforming lifecycle-livedata-core-2.7.0.aar (androidx.lifecycle:lifecycle-livedata-core:2.7.0) with AarToClassTransform
Transforming lifecycle-viewmodel-ktx-2.7.0.aar (androidx.lifecycle:lifecycle-viewmodel-ktx:2.7.0) with JetifyTransform
Transforming lifecycle-viewmodel-ktx-2.7.0.aar (androidx.lifecycle:lifecycle-viewmodel-ktx:2.7.0) with AarToClassTransform
Transforming lifecycle-runtime-2.7.0.aar (androidx.lifecycle:lifecycle-runtime:2.7.0) with JetifyTransform
Transforming lifecycle-runtime-2.7.0.aar (androidx.lifecycle:lifecycle-runtime:2.7.0) with AarToClassTransform
Transforming lifecycle-viewmodel-2.7.0.aar (androidx.lifecycle:lifecycle-viewmodel:2.7.0) with JetifyTransform
Transforming lifecycle-viewmodel-2.7.0.aar (androidx.lifecycle:lifecycle-viewmodel:2.7.0) with AarToClassTransform
Transforming lifecycle-viewmodel-2.7.0.aar (androidx.lifecycle:lifecycle-viewmodel:2.7.0) with JetifyTransform
Transforming lifecycle-viewmodel-2.7.0.aar (androidx.lifecycle:lifecycle-viewmodel:2.7.0) with AarToClassTransform
Transforming lifecycle-viewmodel-compose-2.7.0.aar (androidx.lifecycle:lifecycle-viewmodel-compose:2.7.0) with JetifyTransform
Transforming lifecycle-viewmodel-compose-2.7.0.aar (androidx.lifecycle:lifecycle-viewmodel-compose:2.7.0) with AarToClassTransform
Transforming lifecycle-runtime-ktx-2.7.0.aar (androidx.lifecycle:lifecycle-runtime-ktx:2.7.0) with JetifyTransform
Transforming lifecycle-runtime-ktx-2.7.0.aar (androidx.lifecycle:lifecycle-runtime-ktx:2.7.0) with AarToClassTransform
Transforming lifecycle-viewmodel-savedstate-2.7.0.aar (androidx.lifecycle:lifecycle-viewmodel-savedstate:2.7.0) with JetifyTransform
Transforming lifecycle-viewmodel-savedstate-2.7.0.aar (androidx.lifecycle:lifecycle-viewmodel-savedstate:2.7.0) with AarToClassTransform
Transforming core-ktx-1.12.0.aar (androidx.core:core-ktx:1.12.0) with JetifyTransform
Transforming core-ktx-1.12.0.aar (androidx.core:core-ktx:1.12.0) with AarToClassTransform
Transforming savedstate-ktx-1.2.1.aar (androidx.savedstate:savedstate-ktx:1.2.1) with JetifyTransform
Transforming savedstate-ktx-1.2.1.aar (androidx.savedstate:savedstate-ktx:1.2.1) with AarToClassTransform
Transforming savedstate-1.2.1.aar (androidx.savedstate:savedstate:1.2.1) with JetifyTransform
Transforming savedstate-1.2.1.aar (androidx.savedstate:savedstate:1.2.1) with AarToClassTransform
Transforming datastore-1.0.0.aar (androidx.datastore:datastore:1.0.0) with JetifyTransform
Transforming datastore-1.0.0.aar (androidx.datastore:datastore:1.0.0) with AarToClassTransform
Transforming lifecycle-common-java8-2.7.0.jar (androidx.lifecycle:lifecycle-common-java8:2.7.0) with JetifyTransform
Transforming lifecycle-common-java8-2.7.0.jar (androidx.lifecycle:lifecycle-common-java8:2.7.0) with IdentityTransform
Transforming runtime-saveable-release.aar (androidx.compose.runtime:runtime-saveable-android:1.6.5) with JetifyTransform
Transforming runtime-saveable-release.aar (androidx.compose.runtime:runtime-saveable-android:1.6.5) with AarToClassTransform
Transforming runtime-release.aar (androidx.compose.runtime:runtime-android:1.6.5) with JetifyTransform
Transforming runtime-release.aar (androidx.compose.runtime:runtime-android:1.6.5) with AarToClassTransform
Transforming annotation-experimental-1.4.0.aar (androidx.annotation:annotation-experimental:1.4.0) with JetifyTransform
Transforming annotation-experimental-1.4.0.aar (androidx.annotation:annotation-experimental:1.4.0) with AarToClassTransform
Transforming versionedparcelable-1.1.1.aar (androidx.versionedparcelable:versionedparcelable:1.1.1) with JetifyTransform
Transforming versionedparcelable-1.1.1.aar (androidx.versionedparcelable:versionedparcelable:1.1.1) with AarToClassTransform
Transforming core-runtime-2.2.0.aar (androidx.arch.core:core-runtime:2.2.0) with JetifyTransform
Transforming core-runtime-2.2.0.aar (androidx.arch.core:core-runtime:2.2.0) with AarToClassTransform
Transforming tensorflow-lite-support-0.4.4.aar (org.tensorflow:tensorflow-lite-support:0.4.4) with JetifyTransform
Transforming tensorflow-lite-support-0.4.4.aar (org.tensorflow:tensorflow-lite-support:0.4.4) with AarToClassTransform
Transforming tensorflow-lite-2.14.0.aar (org.tensorflow:tensorflow-lite:2.14.0) with JetifyTransform
Transforming tensorflow-lite-2.14.0.aar (org.tensorflow:tensorflow-lite:2.14.0) with AarToClassTransform
Transforming dagger-2.48.jar (com.google.dagger:dagger:2.48) with JetifyTransform
Transforming dagger-2.48.jar (com.google.dagger:dagger:2.48) with IdentityTransform
Transforming javax.inject-1.jar (javax.inject:javax.inject:1) with JetifyTransform
Transforming javax.inject-1.jar (javax.inject:javax.inject:1) with IdentityTransform
Transforming dagger-lint-aar-2.48.aar (com.google.dagger:dagger-lint-aar:2.48) with JetifyTransform
Transforming dagger-lint-aar-2.48.aar (com.google.dagger:dagger-lint-aar:2.48) with AarToClassTransform
Transforming jsr305-3.0.2.jar (com.google.code.findbugs:jsr305:3.0.2) with JetifyTransform
Transforming jsr305-3.0.2.jar (com.google.code.findbugs:jsr305:3.0.2) with IdentityTransform
Transforming tensorflow-lite-support-api-0.4.4.aar (org.tensorflow:tensorflow-lite-support-api:0.4.4) with JetifyTransform
Transforming tensorflow-lite-support-api-0.4.4.aar (org.tensorflow:tensorflow-lite-support-api:0.4.4) with AarToClassTransform
Transforming tensorflow-lite-api-2.14.0.aar (org.tensorflow:tensorflow-lite-api:2.14.0) with JetifyTransform
Transforming tensorflow-lite-api-2.14.0.aar (org.tensorflow:tensorflow-lite-api:2.14.0) with AarToClassTransform
Transforming image-1.0.0-beta1.aar (com.google.android.odml:image:1.0.0-beta1) with JetifyTransform
Transforming image-1.0.0-beta1.aar (com.google.android.odml:image:1.0.0-beta1) with AarToClassTransform
Transforming datastore-preferences-core-1.0.0.jar (androidx.datastore:datastore-preferences-core:1.0.0) with JetifyTransform
Transforming datastore-preferences-core-1.0.0.jar (androidx.datastore:datastore-preferences-core:1.0.0) with IdentityTransform
Transforming datastore-core-1.0.0.jar (androidx.datastore:datastore-core:1.0.0) with JetifyTransform
Transforming datastore-core-1.0.0.jar (androidx.datastore:datastore-core:1.0.0) with IdentityTransform
Transforming lifecycle-common-2.7.0.jar (androidx.lifecycle:lifecycle-common:2.7.0) with JetifyTransform
Transforming lifecycle-common-2.7.0.jar (androidx.lifecycle:lifecycle-common:2.7.0) with IdentityTransform
Transforming kotlinx-coroutines-core-jvm-1.7.3.jar (org.jetbrains.kotlinx:kotlinx-coroutines-core-jvm:1.7.3) with JetifyTransform
Transforming kotlinx-coroutines-core-jvm-1.7.3.jar (org.jetbrains.kotlinx:kotlinx-coroutines-core-jvm:1.7.3) with IdentityTransform
Transforming kotlin-stdlib-jdk8-1.8.20.jar (org.jetbrains.kotlin:kotlin-stdlib-jdk8:1.8.20) with JetifyTransform
Transforming kotlin-stdlib-jdk8-1.8.20.jar (org.jetbrains.kotlin:kotlin-stdlib-jdk8:1.8.20) with IdentityTransform
Transforming kotlinx-serialization-core-jvm-1.6.3.jar (org.jetbrains.kotlinx:kotlinx-serialization-core-jvm:1.6.3) with JetifyTransform
Transforming kotlinx-serialization-core-jvm-1.6.3.jar (org.jetbrains.kotlinx:kotlinx-serialization-core-jvm:1.6.3) with IdentityTransform
Transforming kotlinx-serialization-json-jvm-1.6.3.jar (org.jetbrains.kotlinx:kotlinx-serialization-json-jvm:1.6.3) with JetifyTransform
Transforming kotlinx-serialization-json-jvm-1.6.3.jar (org.jetbrains.kotlinx:kotlinx-serialization-json-jvm:1.6.3) with IdentityTransform
Transforming core-common-2.2.0.jar (androidx.arch.core:core-common:2.2.0) with JetifyTransform
Transforming core-common-2.2.0.jar (androidx.arch.core:core-common:2.2.0) with IdentityTransform
Transforming collection-jvm-1.4.0.jar (androidx.collection:collection-jvm:1.4.0) with JetifyTransform
Transforming collection-jvm-1.4.0.jar (androidx.collection:collection-jvm:1.4.0) with IdentityTransform
Transforming annotation-jvm-1.7.0.jar (androidx.annotation:annotation-jvm:1.7.0) with JetifyTransform
Transforming annotation-jvm-1.7.0.jar (androidx.annotation:annotation-jvm:1.7.0) with IdentityTransform
Transforming kotlin-stdlib-jdk7-1.8.20.jar (org.jetbrains.kotlin:kotlin-stdlib-jdk7:1.8.20) with JetifyTransform
Transforming kotlin-stdlib-jdk7-1.8.20.jar (org.jetbrains.kotlin:kotlin-stdlib-jdk7:1.8.20) with IdentityTransform
Transforming annotations-23.0.0.jar (org.jetbrains:annotations:23.0.0) with JetifyTransform
Transforming annotations-23.0.0.jar (org.jetbrains:annotations:23.0.0) with IdentityTransform
Transforming hilt-core-2.48.jar (com.google.dagger:hilt-core:2.48) with JetifyTransform
Transforming hilt-core-2.48.jar (com.google.dagger:hilt-core:2.48) with IdentityTransform
Transforming checker-qual-2.5.8.jar (org.checkerframework:checker-qual:2.5.8) with JetifyTransform
Transforming checker-qual-2.5.8.jar (org.checkerframework:checker-qual:2.5.8) with IdentityTransform
Transforming kotlinx-coroutines-android-1.7.3.jar (org.jetbrains.kotlinx:kotlinx-coroutines-android:1.7.3) with JetifyTransform
Transforming kotlinx-coroutines-android-1.7.3.jar (org.jetbrains.kotlinx:kotlinx-coroutines-android:1.7.3) with IdentityTransform
Transforming kotlin-stdlib-1.9.23.jar (org.jetbrains.kotlin:kotlin-stdlib:1.9.23) with JetifyTransform
Transforming kotlin-stdlib-1.9.23.jar (org.jetbrains.kotlin:kotlin-stdlib:1.9.23) with IdentityTransform
Transforming R.jar with ClasspathEntrySnapshotTransform
Transforming jetified-hilt-navigation-compose-1.1.0-api.jar with ClasspathEntrySnapshotTransform
Transforming jetified-hilt-navigation-1.1.0-api.jar with ClasspathEntrySnapshotTransform
Transforming jetified-hilt-android-2.48-api.jar with ClasspathEntrySnapshotTransform
Transforming jetified-datastore-preferences-1.0.0-api.jar with ClasspathEntrySnapshotTransform
Transforming fragment-1.5.1-api.jar with ClasspathEntrySnapshotTransform
Transforming navigation-common-2.7.7-api.jar with ClasspathEntrySnapshotTransform
Transforming navigation-runtime-2.7.7-api.jar with ClasspathEntrySnapshotTransform
Transforming navigation-common-ktx-2.7.7-api.jar with ClasspathEntrySnapshotTransform
Transforming navigation-runtime-ktx-2.7.7-api.jar with ClasspathEntrySnapshotTransform
Transforming jetified-navigation-compose-2.7.7-api.jar with ClasspathEntrySnapshotTransform
Transforming jetified-material3-release-api.jar with ClasspathEntrySnapshotTransform
Transforming jetified-foundation-layout-release-api.jar with ClasspathEntrySnapshotTransform
Transforming jetified-material-icons-core-release-api.jar with ClasspathEntrySnapshotTransform
Transforming jetified-material-icons-extended-release-api.jar with ClasspathEntrySnapshotTransform
Transforming jetified-material-ripple-release-api.jar with ClasspathEntrySnapshotTransform
Transforming jetified-foundation-release-api.jar with ClasspathEntrySnapshotTransform
Transforming jetified-animation-core-release-api.jar with ClasspathEntrySnapshotTransform
Transforming jetified-animation-release-api.jar with ClasspathEntrySnapshotTransform
Transforming jetified-ui-util-release-api.jar with ClasspathEntrySnapshotTransform
Transforming jetified-ui-unit-release-api.jar with ClasspathEntrySnapshotTransform
Transforming jetified-ui-text-release-api.jar with ClasspathEntrySnapshotTransform
Transforming jetified-ui-geometry-release-api.jar with ClasspathEntrySnapshotTransform
Transforming jetified-ui-tooling-data-release-api.jar with ClasspathEntrySnapshotTransform
Transforming jetified-ui-tooling-preview-release-api.jar with ClasspathEntrySnapshotTransform
Transforming jetified-ui-graphics-release-api.jar with ClasspathEntrySnapshotTransform
Transforming jetified-ui-release-api.jar with ClasspathEntrySnapshotTransform
Transforming jetified-ui-tooling-release-api.jar with ClasspathEntrySnapshotTransform
Transforming jetified-ui-text-google-fonts-1.6.5-api.jar with ClasspathEntrySnapshotTransform
Transforming jetified-ui-test-manifest-1.6.5-api.jar with ClasspathEntrySnapshotTransform
Transforming jetified-activity-ktx-1.8.1-api.jar with ClasspathEntrySnapshotTransform
Transforming jetified-activity-1.8.1-api.jar with ClasspathEntrySnapshotTransform
Transforming jetified-activity-compose-1.8.1-api.jar with ClasspathEntrySnapshotTransform
Transforming loader-1.0.0-api.jar with ClasspathEntrySnapshotTransform
Transforming viewpager-1.0.0-api.jar with ClasspathEntrySnapshotTransform
Transforming customview-1.0.0-api.jar with ClasspathEntrySnapshotTransform
Transforming core-1.12.0-api.jar with ClasspathEntrySnapshotTransform
Transforming jetified-lifecycle-livedata-core-ktx-2.7.0-api.jar with ClasspathEntrySnapshotTransform
Transforming lifecycle-livedata-2.7.0-api.jar with ClasspathEntrySnapshotTransform
Transforming lifecycle-livedata-core-2.7.0-api.jar with ClasspathEntrySnapshotTransform
Transforming jetified-lifecycle-viewmodel-ktx-2.7.0-api.jar with ClasspathEntrySnapshotTransform
Transforming lifecycle-common-java8-2.7.0.jar with ClasspathEntrySnapshotTransform
Transforming lifecycle-runtime-2.7.0-api.jar with ClasspathEntrySnapshotTransform
Transforming lifecycle-viewmodel-2.7.0-api.jar with ClasspathEntrySnapshotTransform
Transforming lifecycle-common-2.7.0.jar with ClasspathEntrySnapshotTransform
Transforming jetified-lifecycle-viewmodel-compose-2.7.0-api.jar with ClasspathEntrySnapshotTransform
Transforming jetified-lifecycle-runtime-ktx-2.7.0-api.jar with ClasspathEntrySnapshotTransform
Transforming jetified-lifecycle-viewmodel-savedstate-2.7.0-api.jar with ClasspathEntrySnapshotTransform
Transforming jetified-core-ktx-1.12.0-api.jar with ClasspathEntrySnapshotTransform
Transforming jetified-savedstate-ktx-1.2.1-api.jar with ClasspathEntrySnapshotTransform
Transforming jetified-savedstate-1.2.1-api.jar with ClasspathEntrySnapshotTransform
Transforming jetified-datastore-1.0.0-api.jar with ClasspathEntrySnapshotTransform
Transforming jetified-datastore-preferences-core-1.0.0.jar with ClasspathEntrySnapshotTransform
Transforming jetified-runtime-saveable-release-api.jar with ClasspathEntrySnapshotTransform
Transforming jetified-runtime-release-api.jar with ClasspathEntrySnapshotTransform
Transforming jetified-datastore-core-1.0.0.jar with ClasspathEntrySnapshotTransform
Transforming jetified-kotlinx-coroutines-core-jvm-1.7.3.jar with ClasspathEntrySnapshotTransform
Transforming jetified-kotlinx-coroutines-android-1.7.3.jar with ClasspathEntrySnapshotTransform
Transforming jetified-kotlin-stdlib-jdk8-1.8.20.jar with ClasspathEntrySnapshotTransform
Transforming jetified-kotlinx-serialization-core-jvm-1.6.3.jar with ClasspathEntrySnapshotTransform
Transforming jetified-kotlinx-serialization-json-jvm-1.6.3.jar with ClasspathEntrySnapshotTransform
Transforming jetified-annotation-experimental-1.4.0-api.jar with ClasspathEntrySnapshotTransform
Transforming versionedparcelable-1.1.1-api.jar with ClasspathEntrySnapshotTransform
Transforming core-runtime-2.2.0-api.jar with ClasspathEntrySnapshotTransform
Transforming core-common-2.2.0.jar with ClasspathEntrySnapshotTransform
Transforming jetified-collection-jvm-1.4.0.jar with ClasspathEntrySnapshotTransform
Transforming jetified-annotation-jvm-1.7.0.jar with ClasspathEntrySnapshotTransform
Transforming jetified-kotlin-stdlib-jdk7-1.8.20.jar with ClasspathEntrySnapshotTransform
Transforming jetified-kotlin-stdlib-1.9.23.jar with ClasspathEntrySnapshotTransform
Transforming jetified-tensorflow-lite-support-0.4.4-api.jar with ClasspathEntrySnapshotTransform
Transforming jetified-tensorflow-lite-2.14.0-api.jar with ClasspathEntrySnapshotTransform
Transforming jetified-annotations-23.0.0.jar with ClasspathEntrySnapshotTransform
Transforming jetified-hilt-core-2.48.jar with ClasspathEntrySnapshotTransform
Transforming jetified-dagger-2.48.jar with ClasspathEntrySnapshotTransform
Transforming jetified-javax.inject-1.jar with ClasspathEntrySnapshotTransform
Transforming jetified-dagger-lint-aar-2.48-api.jar with ClasspathEntrySnapshotTransform
Transforming jetified-jsr305-3.0.2.jar with ClasspathEntrySnapshotTransform
Transforming jetified-tensorflow-lite-support-api-0.4.4-api.jar with ClasspathEntrySnapshotTransform
Transforming jetified-tensorflow-lite-api-2.14.0-api.jar with ClasspathEntrySnapshotTransform
Transforming jetified-checker-qual-2.5.8.jar with ClasspathEntrySnapshotTransform
Transforming jetified-image-1.0.0-beta1-api.jar with ClasspathEntrySnapshotTransform
Transforming android.jar with ClasspathEntrySnapshotTransform
Transforming core-lambda-stubs.jar with ClasspathEntrySnapshotTransform
Build cache key for task ':app:kaptGenerateStubsDebugKotlin' is 41d93cea3476063cc699269ff4e18412
Skipping task ':app:kaptGenerateStubsDebugKotlin' as it is up-to-date.
Resolve mutations for :app:kaptDebugKotlin (Thread[#429,Execution worker Thread 3,5,main]) started.
:app:kaptDebugKotlin (Thread[#429,Execution worker Thread 3,5,main]) started.

> Task :app:kaptDebugKotlin UP-TO-DATE
Transforming R.jar with StructureTransformAction
Transforming jetified-hilt-navigation-compose-1.1.0-api.jar with StructureTransformAction
Transforming jetified-hilt-navigation-1.1.0-api.jar with StructureTransformAction
Transforming jetified-hilt-android-2.48-api.jar with StructureTransformAction
Transforming jetified-datastore-preferences-1.0.0-api.jar with StructureTransformAction
Transforming fragment-1.5.1-api.jar with StructureTransformAction
Transforming navigation-common-2.7.7-api.jar with StructureTransformAction
Transforming navigation-runtime-2.7.7-api.jar with StructureTransformAction
Transforming navigation-common-ktx-2.7.7-api.jar with StructureTransformAction
Transforming navigation-runtime-ktx-2.7.7-api.jar with StructureTransformAction
Transforming jetified-navigation-compose-2.7.7-api.jar with StructureTransformAction
Transforming jetified-material3-release-api.jar with StructureTransformAction
Transforming jetified-foundation-layout-release-api.jar with StructureTransformAction
Transforming jetified-material-icons-core-release-api.jar with StructureTransformAction
Transforming jetified-material-icons-extended-release-api.jar with StructureTransformAction
Transforming jetified-material-ripple-release-api.jar with StructureTransformAction
Transforming jetified-foundation-release-api.jar with StructureTransformAction
Transforming jetified-animation-core-release-api.jar with StructureTransformAction
Transforming jetified-animation-release-api.jar with StructureTransformAction
Transforming jetified-ui-util-release-api.jar with StructureTransformAction
Transforming jetified-ui-unit-release-api.jar with StructureTransformAction
Transforming jetified-ui-text-release-api.jar with StructureTransformAction
Transforming jetified-ui-geometry-release-api.jar with StructureTransformAction
Transforming jetified-ui-tooling-data-release-api.jar with StructureTransformAction
Transforming jetified-ui-tooling-preview-release-api.jar with StructureTransformAction
Transforming jetified-ui-graphics-release-api.jar with StructureTransformAction
Transforming jetified-ui-release-api.jar with StructureTransformAction
Transforming jetified-ui-tooling-release-api.jar with StructureTransformAction
Transforming jetified-ui-text-google-fonts-1.6.5-api.jar with StructureTransformAction
Transforming jetified-ui-test-manifest-1.6.5-api.jar with StructureTransformAction
Transforming jetified-activity-ktx-1.8.1-api.jar with StructureTransformAction
Transforming jetified-activity-1.8.1-api.jar with StructureTransformAction
Transforming jetified-activity-compose-1.8.1-api.jar with StructureTransformAction
Transforming loader-1.0.0-api.jar with StructureTransformAction
Transforming viewpager-1.0.0-api.jar with StructureTransformAction
Transforming customview-1.0.0-api.jar with StructureTransformAction
Transforming core-1.12.0-api.jar with StructureTransformAction
Transforming jetified-lifecycle-livedata-core-ktx-2.7.0-api.jar with StructureTransformAction
Transforming lifecycle-livedata-2.7.0-api.jar with StructureTransformAction
Transforming lifecycle-livedata-core-2.7.0-api.jar with StructureTransformAction
Transforming jetified-lifecycle-viewmodel-ktx-2.7.0-api.jar with StructureTransformAction
Transforming lifecycle-common-java8-2.7.0.jar with StructureTransformAction
Transforming lifecycle-runtime-2.7.0-api.jar with StructureTransformAction
Transforming lifecycle-viewmodel-2.7.0-api.jar with StructureTransformAction
Transforming lifecycle-common-2.7.0.jar with StructureTransformAction
Transforming jetified-lifecycle-viewmodel-compose-2.7.0-api.jar with StructureTransformAction
Transforming jetified-lifecycle-runtime-ktx-2.7.0-api.jar with StructureTransformAction
Transforming jetified-lifecycle-viewmodel-savedstate-2.7.0-api.jar with StructureTransformAction
Transforming jetified-core-ktx-1.12.0-api.jar with StructureTransformAction
Transforming jetified-savedstate-ktx-1.2.1-api.jar with StructureTransformAction
Transforming jetified-savedstate-1.2.1-api.jar with StructureTransformAction
Transforming jetified-datastore-1.0.0-api.jar with StructureTransformAction
Transforming jetified-datastore-preferences-core-1.0.0.jar with StructureTransformAction
Transforming jetified-runtime-saveable-release-api.jar with StructureTransformAction
Transforming jetified-runtime-release-api.jar with StructureTransformAction
Transforming jetified-datastore-core-1.0.0.jar with StructureTransformAction
Transforming jetified-kotlinx-coroutines-core-jvm-1.7.3.jar with StructureTransformAction
Transforming jetified-kotlinx-coroutines-android-1.7.3.jar with StructureTransformAction
Transforming jetified-kotlin-stdlib-jdk8-1.8.20.jar with StructureTransformAction
Transforming jetified-kotlinx-serialization-core-jvm-1.6.3.jar with StructureTransformAction
Transforming jetified-kotlinx-serialization-json-jvm-1.6.3.jar with StructureTransformAction
Transforming jetified-annotation-experimental-1.4.0-api.jar with StructureTransformAction
Transforming versionedparcelable-1.1.1-api.jar with StructureTransformAction
Transforming core-runtime-2.2.0-api.jar with StructureTransformAction
Transforming core-common-2.2.0.jar with StructureTransformAction
Transforming jetified-collection-jvm-1.4.0.jar with StructureTransformAction
Transforming jetified-annotation-jvm-1.7.0.jar with StructureTransformAction
Transforming jetified-kotlin-stdlib-jdk7-1.8.20.jar with StructureTransformAction
Transforming jetified-kotlin-stdlib-1.9.23.jar with StructureTransformAction
Transforming jetified-tensorflow-lite-support-0.4.4-api.jar with StructureTransformAction
Transforming jetified-tensorflow-lite-2.14.0-api.jar with StructureTransformAction
Transforming jetified-annotations-23.0.0.jar with StructureTransformAction
Transforming jetified-hilt-core-2.48.jar with StructureTransformAction
Transforming jetified-dagger-2.48.jar with StructureTransformAction
Transforming jetified-javax.inject-1.jar with StructureTransformAction
Transforming jetified-dagger-lint-aar-2.48-api.jar with StructureTransformAction
Transforming jetified-jsr305-3.0.2.jar with StructureTransformAction
Transforming jetified-tensorflow-lite-support-api-0.4.4-api.jar with StructureTransformAction
Transforming jetified-tensorflow-lite-api-2.14.0-api.jar with StructureTransformAction
Transforming jetified-checker-qual-2.5.8.jar with StructureTransformAction
Transforming jetified-image-1.0.0-beta1-api.jar with StructureTransformAction
Transforming android.jar with StructureTransformAction
Transforming core-lambda-stubs.jar with StructureTransformAction
file or directory 'C:\Users\hameed\Documents\GitHub\owlen\app\src\debug\kotlin', not found
file or directory 'C:\Users\hameed\Documents\GitHub\owlen\app\src\debug\kotlin', not found
file or directory 'C:\Users\hameed\Documents\GitHub\owlen\app\src\debug\java', not found
file or directory 'C:\Users\hameed\Documents\GitHub\owlen\app\src\debug\kotlin', not found
file or directory 'C:\Users\hameed\Documents\GitHub\owlen\app\src\debug\java', not found
file or directory 'C:\Users\hameed\Documents\GitHub\owlen\app\src\main\java', not found
file or directory 'C:\Users\hameed\Documents\GitHub\owlen\app\src\main\java', not found
file or directory 'C:\Users\hameed\Documents\GitHub\owlen\app\src\main\java', not found
file or directory 'C:\Users\hameed\Documents\GitHub\owlen\app\src\main\java', not found
file or directory 'C:\Users\hameed\Documents\GitHub\owlen\app\src\debug\kotlin', not found
file or directory 'C:\Users\hameed\Documents\GitHub\owlen\app\src\debug\kotlin', not found
file or directory 'C:\Users\hameed\Documents\GitHub\owlen\app\src\debug\java', not found
file or directory 'C:\Users\hameed\Documents\GitHub\owlen\app\src\debug\kotlin', not found
file or directory 'C:\Users\hameed\Documents\GitHub\owlen\app\src\debug\java', not found
file or directory 'C:\Users\hameed\Documents\GitHub\owlen\app\src\main\java', not found
file or directory 'C:\Users\hameed\Documents\GitHub\owlen\app\src\debug\java', not found
Build cache key for task ':app:kaptDebugKotlin' is 1e20e61da11e9e039540890b1d26bdcb
Skipping task ':app:kaptDebugKotlin' as it is up-to-date.
Resolve mutations for :app:compileDebugKotlin (Thread[#429,Execution worker Thread 3,5,main]) started.
:app:compileDebugKotlin (Thread[#429,Execution worker Thread 3,5,main]) started.

> Task :app:compileDebugKotlin UP-TO-DATE
Transforming R.jar with ClasspathEntrySnapshotTransform
Transforming jetified-hilt-navigation-compose-1.1.0-api.jar with ClasspathEntrySnapshotTransform
Transforming jetified-hilt-navigation-1.1.0-api.jar with ClasspathEntrySnapshotTransform
Transforming jetified-hilt-android-2.48-api.jar with ClasspathEntrySnapshotTransform
Transforming jetified-datastore-preferences-1.0.0-api.jar with ClasspathEntrySnapshotTransform
Transforming fragment-1.5.1-api.jar with ClasspathEntrySnapshotTransform
Transforming navigation-common-2.7.7-api.jar with ClasspathEntrySnapshotTransform
Transforming navigation-runtime-2.7.7-api.jar with ClasspathEntrySnapshotTransform
Transforming navigation-common-ktx-2.7.7-api.jar with ClasspathEntrySnapshotTransform
Transforming navigation-runtime-ktx-2.7.7-api.jar with ClasspathEntrySnapshotTransform
Transforming jetified-navigation-compose-2.7.7-api.jar with ClasspathEntrySnapshotTransform
Transforming jetified-material3-release-api.jar with ClasspathEntrySnapshotTransform
Transforming jetified-foundation-layout-release-api.jar with ClasspathEntrySnapshotTransform
Transforming jetified-material-icons-core-release-api.jar with ClasspathEntrySnapshotTransform
Transforming jetified-material-icons-extended-release-api.jar with ClasspathEntrySnapshotTransform
Transforming jetified-material-ripple-release-api.jar with ClasspathEntrySnapshotTransform
Transforming jetified-foundation-release-api.jar with ClasspathEntrySnapshotTransform
Transforming jetified-animation-core-release-api.jar with ClasspathEntrySnapshotTransform
Transforming jetified-animation-release-api.jar with ClasspathEntrySnapshotTransform
Transforming jetified-ui-util-release-api.jar with ClasspathEntrySnapshotTransform
Transforming jetified-ui-unit-release-api.jar with ClasspathEntrySnapshotTransform
Transforming jetified-ui-text-release-api.jar with ClasspathEntrySnapshotTransform
Transforming jetified-ui-geometry-release-api.jar with ClasspathEntrySnapshotTransform
Transforming jetified-ui-tooling-data-release-api.jar with ClasspathEntrySnapshotTransform
Transforming jetified-ui-tooling-preview-release-api.jar with ClasspathEntrySnapshotTransform
Transforming jetified-ui-graphics-release-api.jar with ClasspathEntrySnapshotTransform
Transforming jetified-ui-release-api.jar with ClasspathEntrySnapshotTransform
Transforming jetified-ui-tooling-release-api.jar with ClasspathEntrySnapshotTransform
Transforming jetified-ui-text-google-fonts-1.6.5-api.jar with ClasspathEntrySnapshotTransform
Transforming jetified-ui-test-manifest-1.6.5-api.jar with ClasspathEntrySnapshotTransform
Transforming jetified-activity-ktx-1.8.1-api.jar with ClasspathEntrySnapshotTransform
Transforming jetified-activity-1.8.1-api.jar with ClasspathEntrySnapshotTransform
Transforming jetified-activity-compose-1.8.1-api.jar with ClasspathEntrySnapshotTransform
Transforming loader-1.0.0-api.jar with ClasspathEntrySnapshotTransform
Transforming viewpager-1.0.0-api.jar with ClasspathEntrySnapshotTransform
Transforming customview-1.0.0-api.jar with ClasspathEntrySnapshotTransform
Transforming core-1.12.0-api.jar with ClasspathEntrySnapshotTransform
Transforming jetified-lifecycle-livedata-core-ktx-2.7.0-api.jar with ClasspathEntrySnapshotTransform
Transforming lifecycle-livedata-2.7.0-api.jar with ClasspathEntrySnapshotTransform
Transforming lifecycle-livedata-core-2.7.0-api.jar with ClasspathEntrySnapshotTransform
Transforming jetified-lifecycle-viewmodel-ktx-2.7.0-api.jar with ClasspathEntrySnapshotTransform
Transforming lifecycle-common-java8-2.7.0.jar with ClasspathEntrySnapshotTransform
Transforming lifecycle-runtime-2.7.0-api.jar with ClasspathEntrySnapshotTransform
Transforming lifecycle-viewmodel-2.7.0-api.jar with ClasspathEntrySnapshotTransform
Transforming lifecycle-common-2.7.0.jar with ClasspathEntrySnapshotTransform
Transforming jetified-lifecycle-viewmodel-compose-2.7.0-api.jar with ClasspathEntrySnapshotTransform
Transforming jetified-lifecycle-runtime-ktx-2.7.0-api.jar with ClasspathEntrySnapshotTransform
Transforming jetified-lifecycle-viewmodel-savedstate-2.7.0-api.jar with ClasspathEntrySnapshotTransform
Transforming jetified-core-ktx-1.12.0-api.jar with ClasspathEntrySnapshotTransform
Transforming jetified-savedstate-ktx-1.2.1-api.jar with ClasspathEntrySnapshotTransform
Transforming jetified-savedstate-1.2.1-api.jar with ClasspathEntrySnapshotTransform
Transforming jetified-datastore-1.0.0-api.jar with ClasspathEntrySnapshotTransform
Transforming jetified-datastore-preferences-core-1.0.0.jar with ClasspathEntrySnapshotTransform
Transforming jetified-runtime-saveable-release-api.jar with ClasspathEntrySnapshotTransform
Transforming jetified-runtime-release-api.jar with ClasspathEntrySnapshotTransform
Transforming jetified-datastore-core-1.0.0.jar with ClasspathEntrySnapshotTransform
Transforming jetified-kotlinx-coroutines-core-jvm-1.7.3.jar with ClasspathEntrySnapshotTransform
Transforming jetified-kotlinx-coroutines-android-1.7.3.jar with ClasspathEntrySnapshotTransform
Transforming jetified-kotlin-stdlib-jdk8-1.8.20.jar with ClasspathEntrySnapshotTransform
Transforming jetified-kotlinx-serialization-core-jvm-1.6.3.jar with ClasspathEntrySnapshotTransform
Transforming jetified-kotlinx-serialization-json-jvm-1.6.3.jar with ClasspathEntrySnapshotTransform
Transforming jetified-annotation-experimental-1.4.0-api.jar with ClasspathEntrySnapshotTransform
Transforming versionedparcelable-1.1.1-api.jar with ClasspathEntrySnapshotTransform
Transforming core-runtime-2.2.0-api.jar with ClasspathEntrySnapshotTransform
Transforming core-common-2.2.0.jar with ClasspathEntrySnapshotTransform
Transforming jetified-collection-jvm-1.4.0.jar with ClasspathEntrySnapshotTransform
Transforming jetified-annotation-jvm-1.7.0.jar with ClasspathEntrySnapshotTransform
Transforming jetified-kotlin-stdlib-jdk7-1.8.20.jar with ClasspathEntrySnapshotTransform
Transforming jetified-kotlin-stdlib-1.9.23.jar with ClasspathEntrySnapshotTransform
Transforming jetified-tensorflow-lite-support-0.4.4-api.jar with ClasspathEntrySnapshotTransform
Transforming jetified-tensorflow-lite-2.14.0-api.jar with ClasspathEntrySnapshotTransform
Transforming jetified-annotations-23.0.0.jar with ClasspathEntrySnapshotTransform
Transforming jetified-hilt-core-2.48.jar with ClasspathEntrySnapshotTransform
Transforming jetified-dagger-2.48.jar with ClasspathEntrySnapshotTransform
Transforming jetified-javax.inject-1.jar with ClasspathEntrySnapshotTransform
Transforming jetified-dagger-lint-aar-2.48-api.jar with ClasspathEntrySnapshotTransform
Transforming jetified-jsr305-3.0.2.jar with ClasspathEntrySnapshotTransform
Transforming jetified-tensorflow-lite-support-api-0.4.4-api.jar with ClasspathEntrySnapshotTransform
Transforming jetified-tensorflow-lite-api-2.14.0-api.jar with ClasspathEntrySnapshotTransform
Transforming jetified-checker-qual-2.5.8.jar with ClasspathEntrySnapshotTransform
Transforming jetified-image-1.0.0-beta1-api.jar with ClasspathEntrySnapshotTransform
Transforming android.jar with ClasspathEntrySnapshotTransform
Transforming core-lambda-stubs.jar with ClasspathEntrySnapshotTransform
Transforming debug with ClasspathEntrySnapshotTransform
Build cache key for task ':app:compileDebugKotlin' is 6edf7d61e881dc677dcf7d0797e1c773
Skipping task ':app:compileDebugKotlin' as it is up-to-date.
Resolve mutations for :app:javaPreCompileDebug (Thread[#429,Execution worker Thread 3,5,main]) started.
:app:javaPreCompileDebug (Thread[#429,Execution worker Thread 3,5,main]) started.

> Task :app:javaPreCompileDebug UP-TO-DATE
Build cache key for task ':app:javaPreCompileDebug' is c162ac1a810e210ca0375c74470016ec
Skipping task ':app:javaPreCompileDebug' as it is up-to-date.
Resolve mutations for :app:compileDebugJavaWithJavac (Thread[#427,Execution worker,5,main]) started.
:app:compileDebugJavaWithJavac (Thread[#427,Execution worker,5,main]) started.

> Task :app:compileDebugJavaWithJavac UP-TO-DATE
Transforming core-for-system-modules.jar with JdkImageTransform
Transforming core-for-system-modules.jar with JdkImageTransform
Transforming core-for-system-modules.jar with JdkImageTransform
Transforming core-for-system-modules.jar with JdkImageTransform
Transforming core-for-system-modules.jar with JdkImageTransform
Transforming core-for-system-modules.jar with JdkImageTransform
Custom actions are attached to task ':app:compileDebugJavaWithJavac'.
Build cache key for task ':app:compileDebugJavaWithJavac' is 3f40edf44536367fa0a656ca45440ac2
Skipping task ':app:compileDebugJavaWithJavac' as it is up-to-date.
No compile result for :app:compileDebugJavaWithJavac
Resolve mutations for :app:mergeDebugShaders (Thread[#427,Execution worker,5,main]) started.
:app:mergeDebugShaders (Thread[#427,Execution worker,5,main]) started.

> Task :app:mergeDebugShaders UP-TO-DATE
Build cache key for task ':app:mergeDebugShaders' is 73c840fff767dfd273123e220bc7026b
Skipping task ':app:mergeDebugShaders' as it is up-to-date.
Resolve mutations for :app:compileDebugShaders (Thread[#427,Execution worker,5,main]) started.
:app:compileDebugShaders (Thread[#427,Execution worker,5,main]) started.

> Task :app:compileDebugShaders NO-SOURCE
Skipping task ':app:compileDebugShaders' as it has no source files and no previous output files.
Resolve mutations for :app:generateDebugAssets (Thread[#427,Execution worker,5,main]) started.
:app:generateDebugAssets (Thread[#427,Execution worker,5,main]) started.

> Task :app:generateDebugAssets UP-TO-DATE
Skipping task ':app:generateDebugAssets' as it has no actions.
Resolve mutations for :app:mergeDebugAssets (Thread[#427,Execution worker,5,main]) started.
:app:mergeDebugAssets (Thread[#427,Execution worker,5,main]) started.

> Task :app:mergeDebugAssets UP-TO-DATE
Transforming hilt-navigation-compose-1.1.0.aar (androidx.hilt:hilt-navigation-compose:1.1.0) with JetifyTransform
Transforming hilt-navigation-compose-1.1.0.aar (androidx.hilt:hilt-navigation-compose:1.1.0) with ExtractAarTransform
Transforming hilt-navigation-compose-1.1.0.aar (androidx.hilt:hilt-navigation-compose:1.1.0) with AarTransform
Transforming hilt-navigation-1.1.0.aar (androidx.hilt:hilt-navigation:1.1.0) with JetifyTransform
Transforming hilt-navigation-1.1.0.aar (androidx.hilt:hilt-navigation:1.1.0) with ExtractAarTransform
Transforming hilt-navigation-1.1.0.aar (androidx.hilt:hilt-navigation:1.1.0) with AarTransform
Transforming navigation-common-2.7.7.aar (androidx.navigation:navigation-common:2.7.7) with JetifyTransform
Transforming navigation-common-2.7.7.aar (androidx.navigation:navigation-common:2.7.7) with ExtractAarTransform
Transforming navigation-common-2.7.7.aar (androidx.navigation:navigation-common:2.7.7) with AarTransform
Transforming navigation-runtime-2.7.7.aar (androidx.navigation:navigation-runtime:2.7.7) with JetifyTransform
Transforming navigation-runtime-2.7.7.aar (androidx.navigation:navigation-runtime:2.7.7) with ExtractAarTransform
Transforming navigation-runtime-2.7.7.aar (androidx.navigation:navigation-runtime:2.7.7) with AarTransform
Transforming navigation-common-ktx-2.7.7.aar (androidx.navigation:navigation-common-ktx:2.7.7) with JetifyTransform
Transforming navigation-common-ktx-2.7.7.aar (androidx.navigation:navigation-common-ktx:2.7.7) with ExtractAarTransform
Transforming navigation-common-ktx-2.7.7.aar (androidx.navigation:navigation-common-ktx:2.7.7) with AarTransform
Transforming navigation-runtime-ktx-2.7.7.aar (androidx.navigation:navigation-runtime-ktx:2.7.7) with JetifyTransform
Transforming navigation-runtime-ktx-2.7.7.aar (androidx.navigation:navigation-runtime-ktx:2.7.7) with ExtractAarTransform
Transforming navigation-runtime-ktx-2.7.7.aar (androidx.navigation:navigation-runtime-ktx:2.7.7) with AarTransform
Transforming navigation-compose-2.7.7.aar (androidx.navigation:navigation-compose:2.7.7) with JetifyTransform
Transforming navigation-compose-2.7.7.aar (androidx.navigation:navigation-compose:2.7.7) with ExtractAarTransform
Transforming navigation-compose-2.7.7.aar (androidx.navigation:navigation-compose:2.7.7) with AarTransform
Transforming hilt-android-2.48.aar (com.google.dagger:hilt-android:2.48) with JetifyTransform
Transforming hilt-android-2.48.aar (com.google.dagger:hilt-android:2.48) with ExtractAarTransform
Transforming hilt-android-2.48.aar (com.google.dagger:hilt-android:2.48) with AarTransform
Transforming datastore-preferences-1.0.0.aar (androidx.datastore:datastore-preferences:1.0.0) with JetifyTransform
Transforming datastore-preferences-1.0.0.aar (androidx.datastore:datastore-preferences:1.0.0) with ExtractAarTransform
Transforming datastore-preferences-1.0.0.aar (androidx.datastore:datastore-preferences:1.0.0) with AarTransform
Transforming fragment-1.5.1.aar (androidx.fragment:fragment:1.5.1) with JetifyTransform
Transforming fragment-1.5.1.aar (androidx.fragment:fragment:1.5.1) with ExtractAarTransform
Transforming fragment-1.5.1.aar (androidx.fragment:fragment:1.5.1) with AarTransform
Transforming activity-ktx-1.8.1.aar (androidx.activity:activity-ktx:1.8.1) with JetifyTransform
Transforming activity-ktx-1.8.1.aar (androidx.activity:activity-ktx:1.8.1) with ExtractAarTransform
Transforming activity-ktx-1.8.1.aar (androidx.activity:activity-ktx:1.8.1) with AarTransform
Transforming activity-1.8.1.aar (androidx.activity:activity:1.8.1) with JetifyTransform
Transforming activity-1.8.1.aar (androidx.activity:activity:1.8.1) with ExtractAarTransform
Transforming activity-1.8.1.aar (androidx.activity:activity:1.8.1) with AarTransform
Transforming material3-release.aar (androidx.compose.material3:material3-android:1.2.1) with JetifyTransform
Transforming material3-release.aar (androidx.compose.material3:material3-android:1.2.1) with ExtractAarTransform
Transforming material3-release.aar (androidx.compose.material3:material3-android:1.2.1) with AarTransform
Transforming material-release.aar (androidx.compose.material:material-android:1.6.4) with JetifyTransform
Transforming material-release.aar (androidx.compose.material:material-android:1.6.4) with ExtractAarTransform
Transforming material-release.aar (androidx.compose.material:material-android:1.6.4) with AarTransform
Transforming material-icons-core-release.aar (androidx.compose.material:material-icons-core-android:1.6.4) with JetifyTransform
Transforming material-icons-core-release.aar (androidx.compose.material:material-icons-core-android:1.6.4) with ExtractAarTransform
Transforming material-icons-core-release.aar (androidx.compose.material:material-icons-core-android:1.6.4) with AarTransform
Transforming material-icons-extended-release.aar (androidx.compose.material:material-icons-extended-android:1.6.4) with JetifyTransform
Transforming material-icons-extended-release.aar (androidx.compose.material:material-icons-extended-android:1.6.4) with ExtractAarTransform
Transforming material-icons-extended-release.aar (androidx.compose.material:material-icons-extended-android:1.6.4) with AarTransform
Transforming material-ripple-release.aar (androidx.compose.material:material-ripple-android:1.6.4) with JetifyTransform
Transforming material-ripple-release.aar (androidx.compose.material:material-ripple-android:1.6.4) with ExtractAarTransform
Transforming material-ripple-release.aar (androidx.compose.material:material-ripple-android:1.6.4) with AarTransform
Transforming ui-tooling-data-release.aar (androidx.compose.ui:ui-tooling-data-android:1.6.5) with JetifyTransform
Transforming ui-tooling-data-release.aar (androidx.compose.ui:ui-tooling-data-android:1.6.5) with ExtractAarTransform
Transforming ui-tooling-data-release.aar (androidx.compose.ui:ui-tooling-data-android:1.6.5) with AarTransform
Transforming foundation-layout-release.aar (androidx.compose.foundation:foundation-layout-android:1.6.5) with JetifyTransform
Transforming foundation-layout-release.aar (androidx.compose.foundation:foundation-layout-android:1.6.5) with ExtractAarTransform
Transforming foundation-layout-release.aar (androidx.compose.foundation:foundation-layout-android:1.6.5) with AarTransform
Transforming foundation-release.aar (androidx.compose.foundation:foundation-android:1.6.5) with JetifyTransform
Transforming foundation-release.aar (androidx.compose.foundation:foundation-android:1.6.5) with ExtractAarTransform
Transforming foundation-release.aar (androidx.compose.foundation:foundation-android:1.6.5) with AarTransform
Transforming animation-release.aar (androidx.compose.animation:animation-android:1.6.5) with JetifyTransform
Transforming animation-release.aar (androidx.compose.animation:animation-android:1.6.5) with ExtractAarTransform
Transforming animation-release.aar (androidx.compose.animation:animation-android:1.6.5) with AarTransform
Transforming animation-core-release.aar (androidx.compose.animation:animation-core-android:1.6.5) with JetifyTransform
Transforming animation-core-release.aar (androidx.compose.animation:animation-core-android:1.6.5) with ExtractAarTransform
Transforming animation-core-release.aar (androidx.compose.animation:animation-core-android:1.6.5) with AarTransform
Transforming ui-unit-release.aar (androidx.compose.ui:ui-unit-android:1.6.5) with JetifyTransform
Transforming ui-unit-release.aar (androidx.compose.ui:ui-unit-android:1.6.5) with ExtractAarTransform
Transforming ui-unit-release.aar (androidx.compose.ui:ui-unit-android:1.6.5) with AarTransform
Transforming ui-geometry-release.aar (androidx.compose.ui:ui-geometry-android:1.6.5) with JetifyTransform
Transforming ui-geometry-release.aar (androidx.compose.ui:ui-geometry-android:1.6.5) with ExtractAarTransform
Transforming ui-geometry-release.aar (androidx.compose.ui:ui-geometry-android:1.6.5) with AarTransform
Transforming ui-util-release.aar (androidx.compose.ui:ui-util-android:1.6.5) with JetifyTransform
Transforming ui-util-release.aar (androidx.compose.ui:ui-util-android:1.6.5) with ExtractAarTransform
Transforming ui-util-release.aar (androidx.compose.ui:ui-util-android:1.6.5) with AarTransform
Transforming ui-text-release.aar (androidx.compose.ui:ui-text-android:1.6.5) with JetifyTransform
Transforming ui-text-release.aar (androidx.compose.ui:ui-text-android:1.6.5) with ExtractAarTransform
Transforming ui-text-release.aar (androidx.compose.ui:ui-text-android:1.6.5) with AarTransform
Transforming ui-tooling-preview-release.aar (androidx.compose.ui:ui-tooling-preview-android:1.6.5) with JetifyTransform
Transforming ui-tooling-preview-release.aar (androidx.compose.ui:ui-tooling-preview-android:1.6.5) with ExtractAarTransform
Transforming ui-tooling-preview-release.aar (androidx.compose.ui:ui-tooling-preview-android:1.6.5) with AarTransform
Transforming ui-graphics-release.aar (androidx.compose.ui:ui-graphics-android:1.6.5) with JetifyTransform
Transforming ui-graphics-release.aar (androidx.compose.ui:ui-graphics-android:1.6.5) with ExtractAarTransform
Transforming ui-graphics-release.aar (androidx.compose.ui:ui-graphics-android:1.6.5) with AarTransform
Transforming ui-tooling-release.aar (androidx.compose.ui:ui-tooling-android:1.6.5) with JetifyTransform
Transforming ui-tooling-release.aar (androidx.compose.ui:ui-tooling-android:1.6.5) with ExtractAarTransform
Transforming ui-tooling-release.aar (androidx.compose.ui:ui-tooling-android:1.6.5) with AarTransform
Transforming activity-compose-1.8.1.aar (androidx.activity:activity-compose:1.8.1) with JetifyTransform
Transforming activity-compose-1.8.1.aar (androidx.activity:activity-compose:1.8.1) with ExtractAarTransform
Transforming activity-compose-1.8.1.aar (androidx.activity:activity-compose:1.8.1) with AarTransform
Transforming customview-poolingcontainer-1.0.0.aar (androidx.customview:customview-poolingcontainer:1.0.0) with JetifyTransform
Transforming customview-poolingcontainer-1.0.0.aar (androidx.customview:customview-poolingcontainer:1.0.0) with ExtractAarTransform
Transforming customview-poolingcontainer-1.0.0.aar (androidx.customview:customview-poolingcontainer:1.0.0) with AarTransform
Transforming core-ktx-1.12.0.aar (androidx.core:core-ktx:1.12.0) with JetifyTransform
Transforming core-ktx-1.12.0.aar (androidx.core:core-ktx:1.12.0) with ExtractAarTransform
Transforming core-ktx-1.12.0.aar (androidx.core:core-ktx:1.12.0) with AarTransform
Transforming loader-1.0.0.aar (androidx.loader:loader:1.0.0) with JetifyTransform
Transforming loader-1.0.0.aar (androidx.loader:loader:1.0.0) with ExtractAarTransform
Transforming loader-1.0.0.aar (androidx.loader:loader:1.0.0) with AarTransform
Transforming viewpager-1.0.0.aar (androidx.viewpager:viewpager:1.0.0) with JetifyTransform
Transforming viewpager-1.0.0.aar (androidx.viewpager:viewpager:1.0.0) with ExtractAarTransform
Transforming viewpager-1.0.0.aar (androidx.viewpager:viewpager:1.0.0) with AarTransform
Transforming customview-1.0.0.aar (androidx.customview:customview:1.0.0) with JetifyTransform
Transforming customview-1.0.0.aar (androidx.customview:customview:1.0.0) with ExtractAarTransform
Transforming customview-1.0.0.aar (androidx.customview:customview:1.0.0) with AarTransform
Transforming autofill-1.0.0.aar (androidx.autofill:autofill:1.0.0) with JetifyTransform
Transforming autofill-1.0.0.aar (androidx.autofill:autofill:1.0.0) with ExtractAarTransform
Transforming autofill-1.0.0.aar (androidx.autofill:autofill:1.0.0) with AarTransform
Transforming emoji2-1.3.0.aar (androidx.emoji2:emoji2:1.3.0) with JetifyTransform
Transforming emoji2-1.3.0.aar (androidx.emoji2:emoji2:1.3.0) with ExtractAarTransform
Transforming emoji2-1.3.0.aar (androidx.emoji2:emoji2:1.3.0) with AarTransform
Transforming core-1.12.0.aar (androidx.core:core:1.12.0) with JetifyTransform
Transforming core-1.12.0.aar (androidx.core:core:1.12.0) with ExtractAarTransform
Transforming core-1.12.0.aar (androidx.core:core:1.12.0) with AarTransform
Transforming core-1.12.0.aar (androidx.core:core:1.12.0) with JetifyTransform
Transforming core-1.12.0.aar (androidx.core:core:1.12.0) with ExtractAarTransform
Transforming core-1.12.0.aar (androidx.core:core:1.12.0) with AarTransform
Transforming lifecycle-process-2.7.0.aar (androidx.lifecycle:lifecycle-process:2.7.0) with JetifyTransform
Transforming lifecycle-process-2.7.0.aar (androidx.lifecycle:lifecycle-process:2.7.0) with ExtractAarTransform
Transforming lifecycle-process-2.7.0.aar (androidx.lifecycle:lifecycle-process:2.7.0) with AarTransform
Transforming lifecycle-livedata-core-ktx-2.7.0.aar (androidx.lifecycle:lifecycle-livedata-core-ktx:2.7.0) with JetifyTransform
Transforming lifecycle-livedata-core-ktx-2.7.0.aar (androidx.lifecycle:lifecycle-livedata-core-ktx:2.7.0) with ExtractAarTransform
Transforming lifecycle-livedata-core-ktx-2.7.0.aar (androidx.lifecycle:lifecycle-livedata-core-ktx:2.7.0) with AarTransform
Transforming lifecycle-livedata-2.7.0.aar (androidx.lifecycle:lifecycle-livedata:2.7.0) with JetifyTransform
Transforming lifecycle-livedata-2.7.0.aar (androidx.lifecycle:lifecycle-livedata:2.7.0) with ExtractAarTransform
Transforming lifecycle-livedata-2.7.0.aar (androidx.lifecycle:lifecycle-livedata:2.7.0) with AarTransform
Transforming lifecycle-viewmodel-ktx-2.7.0.aar (androidx.lifecycle:lifecycle-viewmodel-ktx:2.7.0) with JetifyTransform
Transforming lifecycle-viewmodel-ktx-2.7.0.aar (androidx.lifecycle:lifecycle-viewmodel-ktx:2.7.0) with ExtractAarTransform
Transforming lifecycle-viewmodel-ktx-2.7.0.aar (androidx.lifecycle:lifecycle-viewmodel-ktx:2.7.0) with AarTransform
Transforming lifecycle-livedata-core-2.7.0.aar (androidx.lifecycle:lifecycle-livedata-core:2.7.0) with JetifyTransform
Transforming lifecycle-livedata-core-2.7.0.aar (androidx.lifecycle:lifecycle-livedata-core:2.7.0) with ExtractAarTransform
Transforming lifecycle-livedata-core-2.7.0.aar (androidx.lifecycle:lifecycle-livedata-core:2.7.0) with AarTransform
Transforming lifecycle-runtime-2.7.0.aar (androidx.lifecycle:lifecycle-runtime:2.7.0) with JetifyTransform
Transforming lifecycle-runtime-2.7.0.aar (androidx.lifecycle:lifecycle-runtime:2.7.0) with ExtractAarTransform
Transforming lifecycle-runtime-2.7.0.aar (androidx.lifecycle:lifecycle-runtime:2.7.0) with AarTransform
Transforming lifecycle-viewmodel-savedstate-2.7.0.aar (androidx.lifecycle:lifecycle-viewmodel-savedstate:2.7.0) with JetifyTransform
Transforming lifecycle-viewmodel-savedstate-2.7.0.aar (androidx.lifecycle:lifecycle-viewmodel-savedstate:2.7.0) with ExtractAarTransform
Transforming lifecycle-viewmodel-savedstate-2.7.0.aar (androidx.lifecycle:lifecycle-viewmodel-savedstate:2.7.0) with AarTransform
Transforming lifecycle-viewmodel-2.7.0.aar (androidx.lifecycle:lifecycle-viewmodel:2.7.0) with JetifyTransform
Transforming lifecycle-viewmodel-2.7.0.aar (androidx.lifecycle:lifecycle-viewmodel:2.7.0) with ExtractAarTransform
Transforming lifecycle-viewmodel-2.7.0.aar (androidx.lifecycle:lifecycle-viewmodel:2.7.0) with AarTransform
Transforming lifecycle-viewmodel-2.7.0.aar (androidx.lifecycle:lifecycle-viewmodel:2.7.0) with JetifyTransform
Transforming lifecycle-viewmodel-2.7.0.aar (androidx.lifecycle:lifecycle-viewmodel:2.7.0) with ExtractAarTransform
Transforming lifecycle-viewmodel-2.7.0.aar (androidx.lifecycle:lifecycle-viewmodel:2.7.0) with AarTransform
Transforming savedstate-ktx-1.2.1.aar (androidx.savedstate:savedstate-ktx:1.2.1) with JetifyTransform
Transforming savedstate-ktx-1.2.1.aar (androidx.savedstate:savedstate-ktx:1.2.1) with ExtractAarTransform
Transforming savedstate-ktx-1.2.1.aar (androidx.savedstate:savedstate-ktx:1.2.1) with AarTransform
Transforming savedstate-1.2.1.aar (androidx.savedstate:savedstate:1.2.1) with JetifyTransform
Transforming savedstate-1.2.1.aar (androidx.savedstate:savedstate:1.2.1) with ExtractAarTransform
Transforming savedstate-1.2.1.aar (androidx.savedstate:savedstate:1.2.1) with AarTransform
Transforming lifecycle-runtime-ktx-2.7.0.aar (androidx.lifecycle:lifecycle-runtime-ktx:2.7.0) with JetifyTransform
Transforming lifecycle-runtime-ktx-2.7.0.aar (androidx.lifecycle:lifecycle-runtime-ktx:2.7.0) with ExtractAarTransform
Transforming lifecycle-runtime-ktx-2.7.0.aar (androidx.lifecycle:lifecycle-runtime-ktx:2.7.0) with AarTransform
Transforming lifecycle-viewmodel-compose-2.7.0.aar (androidx.lifecycle:lifecycle-viewmodel-compose:2.7.0) with JetifyTransform
Transforming lifecycle-viewmodel-compose-2.7.0.aar (androidx.lifecycle:lifecycle-viewmodel-compose:2.7.0) with ExtractAarTransform
Transforming lifecycle-viewmodel-compose-2.7.0.aar (androidx.lifecycle:lifecycle-viewmodel-compose:2.7.0) with AarTransform
Transforming ui-release.aar (androidx.compose.ui:ui-android:1.6.5) with JetifyTransform
Transforming ui-release.aar (androidx.compose.ui:ui-android:1.6.5) with ExtractAarTransform
Transforming ui-release.aar (androidx.compose.ui:ui-android:1.6.5) with AarTransform
Transforming ui-test-manifest-1.6.5.aar (androidx.compose.ui:ui-test-manifest:1.6.5) with JetifyTransform
Transforming ui-test-manifest-1.6.5.aar (androidx.compose.ui:ui-test-manifest:1.6.5) with ExtractAarTransform
Transforming ui-test-manifest-1.6.5.aar (androidx.compose.ui:ui-test-manifest:1.6.5) with AarTransform
Transforming ui-text-google-fonts-1.6.5.aar (androidx.compose.ui:ui-text-google-fonts:1.6.5) with JetifyTransform
Transforming ui-text-google-fonts-1.6.5.aar (androidx.compose.ui:ui-text-google-fonts:1.6.5) with ExtractAarTransform
Transforming ui-text-google-fonts-1.6.5.aar (androidx.compose.ui:ui-text-google-fonts:1.6.5) with AarTransform
Transforming datastore-1.0.0.aar (androidx.datastore:datastore:1.0.0) with JetifyTransform
Transforming datastore-1.0.0.aar (androidx.datastore:datastore:1.0.0) with ExtractAarTransform
Transforming datastore-1.0.0.aar (androidx.datastore:datastore:1.0.0) with AarTransform
Transforming runtime-saveable-release.aar (androidx.compose.runtime:runtime-saveable-android:1.6.5) with JetifyTransform
Transforming runtime-saveable-release.aar (androidx.compose.runtime:runtime-saveable-android:1.6.5) with ExtractAarTransform
Transforming runtime-saveable-release.aar (androidx.compose.runtime:runtime-saveable-android:1.6.5) with AarTransform
Transforming runtime-release.aar (androidx.compose.runtime:runtime-android:1.6.5) with JetifyTransform
Transforming runtime-release.aar (androidx.compose.runtime:runtime-android:1.6.5) with ExtractAarTransform
Transforming runtime-release.aar (androidx.compose.runtime:runtime-android:1.6.5) with AarTransform
Transforming annotation-experimental-1.4.0.aar (androidx.annotation:annotation-experimental:1.4.0) with JetifyTransform
Transforming annotation-experimental-1.4.0.aar (androidx.annotation:annotation-experimental:1.4.0) with ExtractAarTransform
Transforming annotation-experimental-1.4.0.aar (androidx.annotation:annotation-experimental:1.4.0) with AarTransform
Transforming versionedparcelable-1.1.1.aar (androidx.versionedparcelable:versionedparcelable:1.1.1) with JetifyTransform
Transforming versionedparcelable-1.1.1.aar (androidx.versionedparcelable:versionedparcelable:1.1.1) with ExtractAarTransform
Transforming versionedparcelable-1.1.1.aar (androidx.versionedparcelable:versionedparcelable:1.1.1) with AarTransform
Transforming interpolator-1.0.0.aar (androidx.interpolator:interpolator:1.0.0) with JetifyTransform
Transforming interpolator-1.0.0.aar (androidx.interpolator:interpolator:1.0.0) with ExtractAarTransform
Transforming interpolator-1.0.0.aar (androidx.interpolator:interpolator:1.0.0) with AarTransform
Transforming core-runtime-2.2.0.aar (androidx.arch.core:core-runtime:2.2.0) with JetifyTransform
Transforming core-runtime-2.2.0.aar (androidx.arch.core:core-runtime:2.2.0) with ExtractAarTransform
Transforming core-runtime-2.2.0.aar (androidx.arch.core:core-runtime:2.2.0) with AarTransform
Transforming profileinstaller-1.3.0.aar (androidx.profileinstaller:profileinstaller:1.3.0) with JetifyTransform
Transforming profileinstaller-1.3.0.aar (androidx.profileinstaller:profileinstaller:1.3.0) with ExtractAarTransform
Transforming profileinstaller-1.3.0.aar (androidx.profileinstaller:profileinstaller:1.3.0) with AarTransform
Transforming startup-runtime-1.1.1.aar (androidx.startup:startup-runtime:1.1.1) with JetifyTransform
Transforming startup-runtime-1.1.1.aar (androidx.startup:startup-runtime:1.1.1) with ExtractAarTransform
Transforming startup-runtime-1.1.1.aar (androidx.startup:startup-runtime:1.1.1) with AarTransform
Transforming tracing-1.0.0.aar (androidx.tracing:tracing:1.0.0) with JetifyTransform
Transforming tracing-1.0.0.aar (androidx.tracing:tracing:1.0.0) with ExtractAarTransform
Transforming tracing-1.0.0.aar (androidx.tracing:tracing:1.0.0) with AarTransform
Transforming tensorflow-lite-support-0.4.4.aar (org.tensorflow:tensorflow-lite-support:0.4.4) with JetifyTransform
Transforming tensorflow-lite-support-0.4.4.aar (org.tensorflow:tensorflow-lite-support:0.4.4) with ExtractAarTransform
Transforming tensorflow-lite-support-0.4.4.aar (org.tensorflow:tensorflow-lite-support:0.4.4) with AarTransform
Transforming tensorflow-lite-2.14.0.aar (org.tensorflow:tensorflow-lite:2.14.0) with JetifyTransform
Transforming tensorflow-lite-2.14.0.aar (org.tensorflow:tensorflow-lite:2.14.0) with ExtractAarTransform
Transforming tensorflow-lite-2.14.0.aar (org.tensorflow:tensorflow-lite:2.14.0) with AarTransform
Transforming dagger-lint-aar-2.48.aar (com.google.dagger:dagger-lint-aar:2.48) with JetifyTransform
Transforming dagger-lint-aar-2.48.aar (com.google.dagger:dagger-lint-aar:2.48) with ExtractAarTransform
Transforming dagger-lint-aar-2.48.aar (com.google.dagger:dagger-lint-aar:2.48) with AarTransform
Transforming tensorflow-lite-support-api-0.4.4.aar (org.tensorflow:tensorflow-lite-support-api:0.4.4) with JetifyTransform
Transforming tensorflow-lite-support-api-0.4.4.aar (org.tensorflow:tensorflow-lite-support-api:0.4.4) with ExtractAarTransform
Transforming tensorflow-lite-support-api-0.4.4.aar (org.tensorflow:tensorflow-lite-support-api:0.4.4) with AarTransform
Transforming tensorflow-lite-api-2.14.0.aar (org.tensorflow:tensorflow-lite-api:2.14.0) with JetifyTransform
Transforming tensorflow-lite-api-2.14.0.aar (org.tensorflow:tensorflow-lite-api:2.14.0) with ExtractAarTransform
Transforming tensorflow-lite-api-2.14.0.aar (org.tensorflow:tensorflow-lite-api:2.14.0) with AarTransform
Transforming image-1.0.0-beta1.aar (com.google.android.odml:image:1.0.0-beta1) with JetifyTransform
Transforming image-1.0.0-beta1.aar (com.google.android.odml:image:1.0.0-beta1) with ExtractAarTransform
Transforming image-1.0.0-beta1.aar (com.google.android.odml:image:1.0.0-beta1) with AarTransform
Build cache key for task ':app:mergeDebugAssets' is 7dd4d329d831609e41608f8c0da557ac
Skipping task ':app:mergeDebugAssets' as it is up-to-date.
Resolve mutations for :app:compressDebugAssets (Thread[#428,Execution worker Thread 2,5,main]) started.
:app:compressDebugAssets (Thread[#428,Execution worker Thread 2,5,main]) started.

> Task :app:compressDebugAssets UP-TO-DATE
Build cache key for task ':app:compressDebugAssets' is 392ab864cab9bb0359b1ccc057d5fecd
Skipping task ':app:compressDebugAssets' as it is up-to-date.
Resolve mutations for :app:hiltAggregateDepsDebug (Thread[#428,Execution worker Thread 2,5,main]) started.
:app:hiltAggregateDepsDebug (Thread[#428,Execution worker Thread 2,5,main]) started.

> Task :app:hiltAggregateDepsDebug UP-TO-DATE
Transforming hilt-navigation-compose-1.1.0.aar (androidx.hilt:hilt-navigation-compose:1.1.0) with JetifyTransform
Transforming hilt-navigation-compose-1.1.0.aar (androidx.hilt:hilt-navigation-compose:1.1.0) with AarToClassTransform
Transforming hilt-navigation-compose-1.1.0.aar (androidx.hilt:hilt-navigation-compose:1.1.0) with IdentityTransform
Transforming hilt-navigation-compose-1.1.0.aar (androidx.hilt:hilt-navigation-compose:1.1.0) with CopyTransform
Transforming hilt-navigation-compose-1.1.0.aar (androidx.hilt:hilt-navigation-compose:1.1.0) with AggregatedPackagesTransform
Transforming hilt-navigation-1.1.0.aar (androidx.hilt:hilt-navigation:1.1.0) with JetifyTransform
Transforming hilt-navigation-1.1.0.aar (androidx.hilt:hilt-navigation:1.1.0) with AarToClassTransform
Transforming hilt-navigation-1.1.0.aar (androidx.hilt:hilt-navigation:1.1.0) with IdentityTransform
Transforming hilt-navigation-1.1.0.aar (androidx.hilt:hilt-navigation:1.1.0) with CopyTransform
Transforming hilt-navigation-1.1.0.aar (androidx.hilt:hilt-navigation:1.1.0) with AggregatedPackagesTransform
Transforming navigation-common-2.7.7.aar (androidx.navigation:navigation-common:2.7.7) with JetifyTransform
Transforming navigation-common-2.7.7.aar (androidx.navigation:navigation-common:2.7.7) with AarToClassTransform
Transforming navigation-common-2.7.7.aar (androidx.navigation:navigation-common:2.7.7) with IdentityTransform
Transforming navigation-common-2.7.7.aar (androidx.navigation:navigation-common:2.7.7) with CopyTransform
Transforming navigation-common-2.7.7.aar (androidx.navigation:navigation-common:2.7.7) with AggregatedPackagesTransform
Transforming navigation-runtime-2.7.7.aar (androidx.navigation:navigation-runtime:2.7.7) with JetifyTransform
Transforming navigation-runtime-2.7.7.aar (androidx.navigation:navigation-runtime:2.7.7) with AarToClassTransform
Transforming navigation-runtime-2.7.7.aar (androidx.navigation:navigation-runtime:2.7.7) with IdentityTransform
Transforming navigation-runtime-2.7.7.aar (androidx.navigation:navigation-runtime:2.7.7) with CopyTransform
Transforming navigation-runtime-2.7.7.aar (androidx.navigation:navigation-runtime:2.7.7) with AggregatedPackagesTransform
Transforming navigation-common-ktx-2.7.7.aar (androidx.navigation:navigation-common-ktx:2.7.7) with JetifyTransform
Transforming navigation-common-ktx-2.7.7.aar (androidx.navigation:navigation-common-ktx:2.7.7) with AarToClassTransform
Transforming navigation-common-ktx-2.7.7.aar (androidx.navigation:navigation-common-ktx:2.7.7) with IdentityTransform
Transforming navigation-common-ktx-2.7.7.aar (androidx.navigation:navigation-common-ktx:2.7.7) with CopyTransform
Transforming navigation-common-ktx-2.7.7.aar (androidx.navigation:navigation-common-ktx:2.7.7) with AggregatedPackagesTransform
Transforming navigation-runtime-ktx-2.7.7.aar (androidx.navigation:navigation-runtime-ktx:2.7.7) with JetifyTransform
Transforming navigation-runtime-ktx-2.7.7.aar (androidx.navigation:navigation-runtime-ktx:2.7.7) with AarToClassTransform
Transforming navigation-runtime-ktx-2.7.7.aar (androidx.navigation:navigation-runtime-ktx:2.7.7) with IdentityTransform
Transforming navigation-runtime-ktx-2.7.7.aar (androidx.navigation:navigation-runtime-ktx:2.7.7) with CopyTransform
Transforming navigation-runtime-ktx-2.7.7.aar (androidx.navigation:navigation-runtime-ktx:2.7.7) with AggregatedPackagesTransform
Transforming navigation-compose-2.7.7.aar (androidx.navigation:navigation-compose:2.7.7) with JetifyTransform
Transforming navigation-compose-2.7.7.aar (androidx.navigation:navigation-compose:2.7.7) with AarToClassTransform
Transforming navigation-compose-2.7.7.aar (androidx.navigation:navigation-compose:2.7.7) with IdentityTransform
Transforming navigation-compose-2.7.7.aar (androidx.navigation:navigation-compose:2.7.7) with CopyTransform
Transforming navigation-compose-2.7.7.aar (androidx.navigation:navigation-compose:2.7.7) with AggregatedPackagesTransform
Transforming hilt-android-2.48.aar (com.google.dagger:hilt-android:2.48) with JetifyTransform
Transforming hilt-android-2.48.aar (com.google.dagger:hilt-android:2.48) with AarToClassTransform
Transforming hilt-android-2.48.aar (com.google.dagger:hilt-android:2.48) with IdentityTransform
Transforming hilt-android-2.48.aar (com.google.dagger:hilt-android:2.48) with CopyTransform
Transforming hilt-android-2.48.aar (com.google.dagger:hilt-android:2.48) with AggregatedPackagesTransform
Transforming datastore-preferences-1.0.0.aar (androidx.datastore:datastore-preferences:1.0.0) with JetifyTransform
Transforming datastore-preferences-1.0.0.aar (androidx.datastore:datastore-preferences:1.0.0) with AarToClassTransform
Transforming datastore-preferences-1.0.0.aar (androidx.datastore:datastore-preferences:1.0.0) with IdentityTransform
Transforming datastore-preferences-1.0.0.aar (androidx.datastore:datastore-preferences:1.0.0) with CopyTransform
Transforming datastore-preferences-1.0.0.aar (androidx.datastore:datastore-preferences:1.0.0) with AggregatedPackagesTransform
Transforming fragment-1.5.1.aar (androidx.fragment:fragment:1.5.1) with JetifyTransform
Transforming fragment-1.5.1.aar (androidx.fragment:fragment:1.5.1) with AarToClassTransform
Transforming fragment-1.5.1.aar (androidx.fragment:fragment:1.5.1) with IdentityTransform
Transforming fragment-1.5.1.aar (androidx.fragment:fragment:1.5.1) with CopyTransform
Transforming fragment-1.5.1.aar (androidx.fragment:fragment:1.5.1) with AggregatedPackagesTransform
Transforming activity-ktx-1.8.1.aar (androidx.activity:activity-ktx:1.8.1) with JetifyTransform
Transforming activity-ktx-1.8.1.aar (androidx.activity:activity-ktx:1.8.1) with AarToClassTransform
Transforming activity-ktx-1.8.1.aar (androidx.activity:activity-ktx:1.8.1) with IdentityTransform
Transforming activity-ktx-1.8.1.aar (androidx.activity:activity-ktx:1.8.1) with CopyTransform
Transforming activity-ktx-1.8.1.aar (androidx.activity:activity-ktx:1.8.1) with AggregatedPackagesTransform
Transforming activity-1.8.1.aar (androidx.activity:activity:1.8.1) with JetifyTransform
Transforming activity-1.8.1.aar (androidx.activity:activity:1.8.1) with AarToClassTransform
Transforming activity-1.8.1.aar (androidx.activity:activity:1.8.1) with IdentityTransform
Transforming activity-1.8.1.aar (androidx.activity:activity:1.8.1) with CopyTransform
Transforming activity-1.8.1.aar (androidx.activity:activity:1.8.1) with AggregatedPackagesTransform
Transforming material3-release.aar (androidx.compose.material3:material3-android:1.2.1) with JetifyTransform
Transforming material3-release.aar (androidx.compose.material3:material3-android:1.2.1) with AarToClassTransform
Transforming material3-release.aar (androidx.compose.material3:material3-android:1.2.1) with IdentityTransform
Transforming material3-release.aar (androidx.compose.material3:material3-android:1.2.1) with CopyTransform
Transforming material3-release.aar (androidx.compose.material3:material3-android:1.2.1) with AggregatedPackagesTransform
Transforming material-release.aar (androidx.compose.material:material-android:1.6.4) with JetifyTransform
Transforming material-release.aar (androidx.compose.material:material-android:1.6.4) with AarToClassTransform
Transforming material-release.aar (androidx.compose.material:material-android:1.6.4) with IdentityTransform
Transforming material-release.aar (androidx.compose.material:material-android:1.6.4) with CopyTransform
Transforming material-release.aar (androidx.compose.material:material-android:1.6.4) with AggregatedPackagesTransform
Transforming material-icons-core-release.aar (androidx.compose.material:material-icons-core-android:1.6.4) with JetifyTransform
Transforming material-icons-core-release.aar (androidx.compose.material:material-icons-core-android:1.6.4) with AarToClassTransform
Transforming material-icons-core-release.aar (androidx.compose.material:material-icons-core-android:1.6.4) with IdentityTransform
Transforming material-icons-core-release.aar (androidx.compose.material:material-icons-core-android:1.6.4) with CopyTransform
Transforming material-icons-core-release.aar (androidx.compose.material:material-icons-core-android:1.6.4) with AggregatedPackagesTransform
Transforming material-icons-extended-release.aar (androidx.compose.material:material-icons-extended-android:1.6.4) with JetifyTransform
Transforming material-icons-extended-release.aar (androidx.compose.material:material-icons-extended-android:1.6.4) with AarToClassTransform
Transforming material-icons-extended-release.aar (androidx.compose.material:material-icons-extended-android:1.6.4) with IdentityTransform
Transforming material-icons-extended-release.aar (androidx.compose.material:material-icons-extended-android:1.6.4) with CopyTransform
Transforming material-icons-extended-release.aar (androidx.compose.material:material-icons-extended-android:1.6.4) with AggregatedPackagesTransform
Transforming material-ripple-release.aar (androidx.compose.material:material-ripple-android:1.6.4) with JetifyTransform
Transforming material-ripple-release.aar (androidx.compose.material:material-ripple-android:1.6.4) with AarToClassTransform
Transforming material-ripple-release.aar (androidx.compose.material:material-ripple-android:1.6.4) with IdentityTransform
Transforming material-ripple-release.aar (androidx.compose.material:material-ripple-android:1.6.4) with CopyTransform
Transforming material-ripple-release.aar (androidx.compose.material:material-ripple-android:1.6.4) with AggregatedPackagesTransform
Transforming ui-tooling-data-release.aar (androidx.compose.ui:ui-tooling-data-android:1.6.5) with JetifyTransform
Transforming ui-tooling-data-release.aar (androidx.compose.ui:ui-tooling-data-android:1.6.5) with AarToClassTransform
Transforming ui-tooling-data-release.aar (androidx.compose.ui:ui-tooling-data-android:1.6.5) with IdentityTransform
Transforming ui-tooling-data-release.aar (androidx.compose.ui:ui-tooling-data-android:1.6.5) with CopyTransform
Transforming ui-tooling-data-release.aar (androidx.compose.ui:ui-tooling-data-android:1.6.5) with AggregatedPackagesTransform
Transforming foundation-layout-release.aar (androidx.compose.foundation:foundation-layout-android:1.6.5) with JetifyTransform
Transforming foundation-layout-release.aar (androidx.compose.foundation:foundation-layout-android:1.6.5) with AarToClassTransform
Transforming foundation-layout-release.aar (androidx.compose.foundation:foundation-layout-android:1.6.5) with IdentityTransform
Transforming foundation-layout-release.aar (androidx.compose.foundation:foundation-layout-android:1.6.5) with CopyTransform
Transforming foundation-layout-release.aar (androidx.compose.foundation:foundation-layout-android:1.6.5) with AggregatedPackagesTransform
Transforming foundation-release.aar (androidx.compose.foundation:foundation-android:1.6.5) with JetifyTransform
Transforming foundation-release.aar (androidx.compose.foundation:foundation-android:1.6.5) with AarToClassTransform
Transforming foundation-release.aar (androidx.compose.foundation:foundation-android:1.6.5) with IdentityTransform
Transforming foundation-release.aar (androidx.compose.foundation:foundation-android:1.6.5) with CopyTransform
Transforming foundation-release.aar (androidx.compose.foundation:foundation-android:1.6.5) with AggregatedPackagesTransform
Transforming animation-release.aar (androidx.compose.animation:animation-android:1.6.5) with JetifyTransform
Transforming animation-release.aar (androidx.compose.animation:animation-android:1.6.5) with AarToClassTransform
Transforming animation-release.aar (androidx.compose.animation:animation-android:1.6.5) with IdentityTransform
Transforming animation-release.aar (androidx.compose.animation:animation-android:1.6.5) with CopyTransform
Transforming animation-release.aar (androidx.compose.animation:animation-android:1.6.5) with AggregatedPackagesTransform
Transforming animation-core-release.aar (androidx.compose.animation:animation-core-android:1.6.5) with JetifyTransform
Transforming animation-core-release.aar (androidx.compose.animation:animation-core-android:1.6.5) with AarToClassTransform
Transforming animation-core-release.aar (androidx.compose.animation:animation-core-android:1.6.5) with IdentityTransform
Transforming animation-core-release.aar (androidx.compose.animation:animation-core-android:1.6.5) with CopyTransform
Transforming animation-core-release.aar (androidx.compose.animation:animation-core-android:1.6.5) with AggregatedPackagesTransform
Transforming ui-unit-release.aar (androidx.compose.ui:ui-unit-android:1.6.5) with JetifyTransform
Transforming ui-unit-release.aar (androidx.compose.ui:ui-unit-android:1.6.5) with AarToClassTransform
Transforming ui-unit-release.aar (androidx.compose.ui:ui-unit-android:1.6.5) with IdentityTransform
Transforming ui-unit-release.aar (androidx.compose.ui:ui-unit-android:1.6.5) with CopyTransform
Transforming ui-unit-release.aar (androidx.compose.ui:ui-unit-android:1.6.5) with AggregatedPackagesTransform
Transforming ui-geometry-release.aar (androidx.compose.ui:ui-geometry-android:1.6.5) with JetifyTransform
Transforming ui-geometry-release.aar (androidx.compose.ui:ui-geometry-android:1.6.5) with AarToClassTransform
Transforming ui-geometry-release.aar (androidx.compose.ui:ui-geometry-android:1.6.5) with IdentityTransform
Transforming ui-geometry-release.aar (androidx.compose.ui:ui-geometry-android:1.6.5) with CopyTransform
Transforming ui-geometry-release.aar (androidx.compose.ui:ui-geometry-android:1.6.5) with AggregatedPackagesTransform
Transforming ui-util-release.aar (androidx.compose.ui:ui-util-android:1.6.5) with JetifyTransform
Transforming ui-util-release.aar (androidx.compose.ui:ui-util-android:1.6.5) with AarToClassTransform
Transforming ui-util-release.aar (androidx.compose.ui:ui-util-android:1.6.5) with IdentityTransform
Transforming ui-util-release.aar (androidx.compose.ui:ui-util-android:1.6.5) with CopyTransform
Transforming ui-util-release.aar (androidx.compose.ui:ui-util-android:1.6.5) with AggregatedPackagesTransform
Transforming ui-text-release.aar (androidx.compose.ui:ui-text-android:1.6.5) with JetifyTransform
Transforming ui-text-release.aar (androidx.compose.ui:ui-text-android:1.6.5) with AarToClassTransform
Transforming ui-text-release.aar (androidx.compose.ui:ui-text-android:1.6.5) with IdentityTransform
Transforming ui-text-release.aar (androidx.compose.ui:ui-text-android:1.6.5) with CopyTransform
Transforming ui-text-release.aar (androidx.compose.ui:ui-text-android:1.6.5) with AggregatedPackagesTransform
Transforming ui-tooling-preview-release.aar (androidx.compose.ui:ui-tooling-preview-android:1.6.5) with JetifyTransform
Transforming ui-tooling-preview-release.aar (androidx.compose.ui:ui-tooling-preview-android:1.6.5) with AarToClassTransform
Transforming ui-tooling-preview-release.aar (androidx.compose.ui:ui-tooling-preview-android:1.6.5) with IdentityTransform
Transforming ui-tooling-preview-release.aar (androidx.compose.ui:ui-tooling-preview-android:1.6.5) with CopyTransform
Transforming ui-tooling-preview-release.aar (androidx.compose.ui:ui-tooling-preview-android:1.6.5) with AggregatedPackagesTransform
Transforming ui-graphics-release.aar (androidx.compose.ui:ui-graphics-android:1.6.5) with JetifyTransform
Transforming ui-graphics-release.aar (androidx.compose.ui:ui-graphics-android:1.6.5) with AarToClassTransform
Transforming ui-graphics-release.aar (androidx.compose.ui:ui-graphics-android:1.6.5) with IdentityTransform
Transforming ui-graphics-release.aar (androidx.compose.ui:ui-graphics-android:1.6.5) with CopyTransform
Transforming ui-graphics-release.aar (androidx.compose.ui:ui-graphics-android:1.6.5) with AggregatedPackagesTransform
Transforming ui-tooling-release.aar (androidx.compose.ui:ui-tooling-android:1.6.5) with JetifyTransform
Transforming ui-tooling-release.aar (androidx.compose.ui:ui-tooling-android:1.6.5) with AarToClassTransform
Transforming ui-tooling-release.aar (androidx.compose.ui:ui-tooling-android:1.6.5) with IdentityTransform
Transforming ui-tooling-release.aar (androidx.compose.ui:ui-tooling-android:1.6.5) with CopyTransform
Transforming ui-tooling-release.aar (androidx.compose.ui:ui-tooling-android:1.6.5) with AggregatedPackagesTransform
Transforming activity-compose-1.8.1.aar (androidx.activity:activity-compose:1.8.1) with JetifyTransform
Transforming activity-compose-1.8.1.aar (androidx.activity:activity-compose:1.8.1) with AarToClassTransform
Transforming activity-compose-1.8.1.aar (androidx.activity:activity-compose:1.8.1) with IdentityTransform
Transforming activity-compose-1.8.1.aar (androidx.activity:activity-compose:1.8.1) with CopyTransform
Transforming activity-compose-1.8.1.aar (androidx.activity:activity-compose:1.8.1) with AggregatedPackagesTransform
Transforming customview-poolingcontainer-1.0.0.aar (androidx.customview:customview-poolingcontainer:1.0.0) with JetifyTransform
Transforming customview-poolingcontainer-1.0.0.aar (androidx.customview:customview-poolingcontainer:1.0.0) with AarToClassTransform
Transforming customview-poolingcontainer-1.0.0.aar (androidx.customview:customview-poolingcontainer:1.0.0) with IdentityTransform
Transforming customview-poolingcontainer-1.0.0.aar (androidx.customview:customview-poolingcontainer:1.0.0) with CopyTransform
Transforming customview-poolingcontainer-1.0.0.aar (androidx.customview:customview-poolingcontainer:1.0.0) with AggregatedPackagesTransform
Transforming core-ktx-1.12.0.aar (androidx.core:core-ktx:1.12.0) with JetifyTransform
Transforming core-ktx-1.12.0.aar (androidx.core:core-ktx:1.12.0) with AarToClassTransform
Transforming core-ktx-1.12.0.aar (androidx.core:core-ktx:1.12.0) with IdentityTransform
Transforming core-ktx-1.12.0.aar (androidx.core:core-ktx:1.12.0) with CopyTransform
Transforming core-ktx-1.12.0.aar (androidx.core:core-ktx:1.12.0) with AggregatedPackagesTransform
Transforming loader-1.0.0.aar (androidx.loader:loader:1.0.0) with JetifyTransform
Transforming loader-1.0.0.aar (androidx.loader:loader:1.0.0) with AarToClassTransform
Transforming loader-1.0.0.aar (androidx.loader:loader:1.0.0) with IdentityTransform
Transforming loader-1.0.0.aar (androidx.loader:loader:1.0.0) with CopyTransform
Transforming loader-1.0.0.aar (androidx.loader:loader:1.0.0) with AggregatedPackagesTransform
Transforming viewpager-1.0.0.aar (androidx.viewpager:viewpager:1.0.0) with JetifyTransform
Transforming viewpager-1.0.0.aar (androidx.viewpager:viewpager:1.0.0) with AarToClassTransform
Transforming viewpager-1.0.0.aar (androidx.viewpager:viewpager:1.0.0) with IdentityTransform
Transforming viewpager-1.0.0.aar (androidx.viewpager:viewpager:1.0.0) with CopyTransform
Transforming viewpager-1.0.0.aar (androidx.viewpager:viewpager:1.0.0) with AggregatedPackagesTransform
Transforming customview-1.0.0.aar (androidx.customview:customview:1.0.0) with JetifyTransform
Transforming customview-1.0.0.aar (androidx.customview:customview:1.0.0) with AarToClassTransform
Transforming customview-1.0.0.aar (androidx.customview:customview:1.0.0) with IdentityTransform
Transforming customview-1.0.0.aar (androidx.customview:customview:1.0.0) with CopyTransform
Transforming customview-1.0.0.aar (androidx.customview:customview:1.0.0) with AggregatedPackagesTransform
Transforming autofill-1.0.0.aar (androidx.autofill:autofill:1.0.0) with JetifyTransform
Transforming autofill-1.0.0.aar (androidx.autofill:autofill:1.0.0) with AarToClassTransform
Transforming autofill-1.0.0.aar (androidx.autofill:autofill:1.0.0) with IdentityTransform
Transforming autofill-1.0.0.aar (androidx.autofill:autofill:1.0.0) with CopyTransform
Transforming autofill-1.0.0.aar (androidx.autofill:autofill:1.0.0) with AggregatedPackagesTransform
Transforming emoji2-1.3.0.aar (androidx.emoji2:emoji2:1.3.0) with JetifyTransform
Transforming emoji2-1.3.0.aar (androidx.emoji2:emoji2:1.3.0) with AarToClassTransform
Transforming emoji2-1.3.0.aar (androidx.emoji2:emoji2:1.3.0) with IdentityTransform
Transforming emoji2-1.3.0.aar (androidx.emoji2:emoji2:1.3.0) with CopyTransform
Transforming emoji2-1.3.0.aar (androidx.emoji2:emoji2:1.3.0) with AggregatedPackagesTransform
Transforming core-1.12.0.aar (androidx.core:core:1.12.0) with JetifyTransform
Transforming core-1.12.0.aar (androidx.core:core:1.12.0) with AarToClassTransform
Transforming core-1.12.0.aar (androidx.core:core:1.12.0) with IdentityTransform
Transforming core-1.12.0.aar (androidx.core:core:1.12.0) with CopyTransform
Transforming core-1.12.0.aar (androidx.core:core:1.12.0) with AggregatedPackagesTransform
Transforming core-1.12.0.aar (androidx.core:core:1.12.0) with JetifyTransform
Transforming core-1.12.0.aar (androidx.core:core:1.12.0) with AarToClassTransform
Transforming core-1.12.0.aar (androidx.core:core:1.12.0) with IdentityTransform
Transforming core-1.12.0.aar (androidx.core:core:1.12.0) with CopyTransform
Transforming core-1.12.0.aar (androidx.core:core:1.12.0) with AggregatedPackagesTransform
Transforming lifecycle-process-2.7.0.aar (androidx.lifecycle:lifecycle-process:2.7.0) with JetifyTransform
Transforming lifecycle-process-2.7.0.aar (androidx.lifecycle:lifecycle-process:2.7.0) with AarToClassTransform
Transforming lifecycle-process-2.7.0.aar (androidx.lifecycle:lifecycle-process:2.7.0) with IdentityTransform
Transforming lifecycle-process-2.7.0.aar (androidx.lifecycle:lifecycle-process:2.7.0) with CopyTransform
Transforming lifecycle-process-2.7.0.aar (androidx.lifecycle:lifecycle-process:2.7.0) with AggregatedPackagesTransform
Transforming lifecycle-livedata-core-ktx-2.7.0.aar (androidx.lifecycle:lifecycle-livedata-core-ktx:2.7.0) with JetifyTransform
Transforming lifecycle-livedata-core-ktx-2.7.0.aar (androidx.lifecycle:lifecycle-livedata-core-ktx:2.7.0) with AarToClassTransform
Transforming lifecycle-livedata-core-ktx-2.7.0.aar (androidx.lifecycle:lifecycle-livedata-core-ktx:2.7.0) with IdentityTransform
Transforming lifecycle-livedata-core-ktx-2.7.0.aar (androidx.lifecycle:lifecycle-livedata-core-ktx:2.7.0) with CopyTransform
Transforming lifecycle-livedata-core-ktx-2.7.0.aar (androidx.lifecycle:lifecycle-livedata-core-ktx:2.7.0) with AggregatedPackagesTransform
Transforming lifecycle-livedata-2.7.0.aar (androidx.lifecycle:lifecycle-livedata:2.7.0) with JetifyTransform
Transforming lifecycle-livedata-2.7.0.aar (androidx.lifecycle:lifecycle-livedata:2.7.0) with AarToClassTransform
Transforming lifecycle-livedata-2.7.0.aar (androidx.lifecycle:lifecycle-livedata:2.7.0) with IdentityTransform
Transforming lifecycle-livedata-2.7.0.aar (androidx.lifecycle:lifecycle-livedata:2.7.0) with CopyTransform
Transforming lifecycle-livedata-2.7.0.aar (androidx.lifecycle:lifecycle-livedata:2.7.0) with AggregatedPackagesTransform
Transforming lifecycle-viewmodel-ktx-2.7.0.aar (androidx.lifecycle:lifecycle-viewmodel-ktx:2.7.0) with JetifyTransform
Transforming lifecycle-viewmodel-ktx-2.7.0.aar (androidx.lifecycle:lifecycle-viewmodel-ktx:2.7.0) with AarToClassTransform
Transforming lifecycle-viewmodel-ktx-2.7.0.aar (androidx.lifecycle:lifecycle-viewmodel-ktx:2.7.0) with IdentityTransform
Transforming lifecycle-viewmodel-ktx-2.7.0.aar (androidx.lifecycle:lifecycle-viewmodel-ktx:2.7.0) with CopyTransform
Transforming lifecycle-viewmodel-ktx-2.7.0.aar (androidx.lifecycle:lifecycle-viewmodel-ktx:2.7.0) with AggregatedPackagesTransform
Transforming lifecycle-common-java8-2.7.0.jar (androidx.lifecycle:lifecycle-common-java8:2.7.0) with JetifyTransform
Transforming lifecycle-common-java8-2.7.0.jar (androidx.lifecycle:lifecycle-common-java8:2.7.0) with IdentityTransform
Transforming lifecycle-common-java8-2.7.0.jar (androidx.lifecycle:lifecycle-common-java8:2.7.0) with IdentityTransform
Transforming lifecycle-common-java8-2.7.0.jar (androidx.lifecycle:lifecycle-common-java8:2.7.0) with CopyTransform
Transforming lifecycle-common-java8-2.7.0.jar (androidx.lifecycle:lifecycle-common-java8:2.7.0) with AggregatedPackagesTransform
Transforming lifecycle-livedata-core-2.7.0.aar (androidx.lifecycle:lifecycle-livedata-core:2.7.0) with JetifyTransform
Transforming lifecycle-livedata-core-2.7.0.aar (androidx.lifecycle:lifecycle-livedata-core:2.7.0) with AarToClassTransform
Transforming lifecycle-livedata-core-2.7.0.aar (androidx.lifecycle:lifecycle-livedata-core:2.7.0) with IdentityTransform
Transforming lifecycle-livedata-core-2.7.0.aar (androidx.lifecycle:lifecycle-livedata-core:2.7.0) with CopyTransform
Transforming lifecycle-livedata-core-2.7.0.aar (androidx.lifecycle:lifecycle-livedata-core:2.7.0) with AggregatedPackagesTransform
Transforming lifecycle-runtime-2.7.0.aar (androidx.lifecycle:lifecycle-runtime:2.7.0) with JetifyTransform
Transforming lifecycle-runtime-2.7.0.aar (androidx.lifecycle:lifecycle-runtime:2.7.0) with AarToClassTransform
Transforming lifecycle-runtime-2.7.0.aar (androidx.lifecycle:lifecycle-runtime:2.7.0) with IdentityTransform
Transforming lifecycle-runtime-2.7.0.aar (androidx.lifecycle:lifecycle-runtime:2.7.0) with CopyTransform
Transforming lifecycle-runtime-2.7.0.aar (androidx.lifecycle:lifecycle-runtime:2.7.0) with AggregatedPackagesTransform
Transforming lifecycle-viewmodel-savedstate-2.7.0.aar (androidx.lifecycle:lifecycle-viewmodel-savedstate:2.7.0) with JetifyTransform
Transforming lifecycle-viewmodel-savedstate-2.7.0.aar (androidx.lifecycle:lifecycle-viewmodel-savedstate:2.7.0) with AarToClassTransform
Transforming lifecycle-viewmodel-savedstate-2.7.0.aar (androidx.lifecycle:lifecycle-viewmodel-savedstate:2.7.0) with IdentityTransform
Transforming lifecycle-viewmodel-savedstate-2.7.0.aar (androidx.lifecycle:lifecycle-viewmodel-savedstate:2.7.0) with CopyTransform
Transforming lifecycle-viewmodel-savedstate-2.7.0.aar (androidx.lifecycle:lifecycle-viewmodel-savedstate:2.7.0) with AggregatedPackagesTransform
Transforming lifecycle-viewmodel-2.7.0.aar (androidx.lifecycle:lifecycle-viewmodel:2.7.0) with JetifyTransform
Transforming lifecycle-viewmodel-2.7.0.aar (androidx.lifecycle:lifecycle-viewmodel:2.7.0) with AarToClassTransform
Transforming lifecycle-viewmodel-2.7.0.aar (androidx.lifecycle:lifecycle-viewmodel:2.7.0) with IdentityTransform
Transforming lifecycle-viewmodel-2.7.0.aar (androidx.lifecycle:lifecycle-viewmodel:2.7.0) with CopyTransform
Transforming lifecycle-viewmodel-2.7.0.aar (androidx.lifecycle:lifecycle-viewmodel:2.7.0) with AggregatedPackagesTransform
Transforming lifecycle-viewmodel-2.7.0.aar (androidx.lifecycle:lifecycle-viewmodel:2.7.0) with JetifyTransform
Transforming lifecycle-viewmodel-2.7.0.aar (androidx.lifecycle:lifecycle-viewmodel:2.7.0) with AarToClassTransform
Transforming lifecycle-viewmodel-2.7.0.aar (androidx.lifecycle:lifecycle-viewmodel:2.7.0) with IdentityTransform
Transforming lifecycle-viewmodel-2.7.0.aar (androidx.lifecycle:lifecycle-viewmodel:2.7.0) with CopyTransform
Transforming lifecycle-viewmodel-2.7.0.aar (androidx.lifecycle:lifecycle-viewmodel:2.7.0) with AggregatedPackagesTransform
Transforming savedstate-ktx-1.2.1.aar (androidx.savedstate:savedstate-ktx:1.2.1) with JetifyTransform
Transforming savedstate-ktx-1.2.1.aar (androidx.savedstate:savedstate-ktx:1.2.1) with AarToClassTransform
Transforming savedstate-ktx-1.2.1.aar (androidx.savedstate:savedstate-ktx:1.2.1) with IdentityTransform
Transforming savedstate-ktx-1.2.1.aar (androidx.savedstate:savedstate-ktx:1.2.1) with CopyTransform
Transforming savedstate-ktx-1.2.1.aar (androidx.savedstate:savedstate-ktx:1.2.1) with AggregatedPackagesTransform
Transforming savedstate-1.2.1.aar (androidx.savedstate:savedstate:1.2.1) with JetifyTransform
Transforming savedstate-1.2.1.aar (androidx.savedstate:savedstate:1.2.1) with AarToClassTransform
Transforming savedstate-1.2.1.aar (androidx.savedstate:savedstate:1.2.1) with IdentityTransform
Transforming savedstate-1.2.1.aar (androidx.savedstate:savedstate:1.2.1) with CopyTransform
Transforming savedstate-1.2.1.aar (androidx.savedstate:savedstate:1.2.1) with AggregatedPackagesTransform
Transforming lifecycle-common-2.7.0.jar (androidx.lifecycle:lifecycle-common:2.7.0) with JetifyTransform
Transforming lifecycle-common-2.7.0.jar (androidx.lifecycle:lifecycle-common:2.7.0) with IdentityTransform
Transforming lifecycle-common-2.7.0.jar (androidx.lifecycle:lifecycle-common:2.7.0) with IdentityTransform
Transforming lifecycle-common-2.7.0.jar (androidx.lifecycle:lifecycle-common:2.7.0) with CopyTransform
Transforming lifecycle-common-2.7.0.jar (androidx.lifecycle:lifecycle-common:2.7.0) with AggregatedPackagesTransform
Transforming lifecycle-runtime-ktx-2.7.0.aar (androidx.lifecycle:lifecycle-runtime-ktx:2.7.0) with JetifyTransform
Transforming lifecycle-runtime-ktx-2.7.0.aar (androidx.lifecycle:lifecycle-runtime-ktx:2.7.0) with AarToClassTransform
Transforming lifecycle-runtime-ktx-2.7.0.aar (androidx.lifecycle:lifecycle-runtime-ktx:2.7.0) with IdentityTransform
Transforming lifecycle-runtime-ktx-2.7.0.aar (androidx.lifecycle:lifecycle-runtime-ktx:2.7.0) with CopyTransform
Transforming lifecycle-runtime-ktx-2.7.0.aar (androidx.lifecycle:lifecycle-runtime-ktx:2.7.0) with AggregatedPackagesTransform
Transforming lifecycle-viewmodel-compose-2.7.0.aar (androidx.lifecycle:lifecycle-viewmodel-compose:2.7.0) with JetifyTransform
Transforming lifecycle-viewmodel-compose-2.7.0.aar (androidx.lifecycle:lifecycle-viewmodel-compose:2.7.0) with AarToClassTransform
Transforming lifecycle-viewmodel-compose-2.7.0.aar (androidx.lifecycle:lifecycle-viewmodel-compose:2.7.0) with IdentityTransform
Transforming lifecycle-viewmodel-compose-2.7.0.aar (androidx.lifecycle:lifecycle-viewmodel-compose:2.7.0) with CopyTransform
Transforming lifecycle-viewmodel-compose-2.7.0.aar (androidx.lifecycle:lifecycle-viewmodel-compose:2.7.0) with AggregatedPackagesTransform
Transforming ui-release.aar (androidx.compose.ui:ui-android:1.6.5) with JetifyTransform
Transforming ui-release.aar (androidx.compose.ui:ui-android:1.6.5) with AarToClassTransform
Transforming ui-release.aar (androidx.compose.ui:ui-android:1.6.5) with IdentityTransform
Transforming ui-release.aar (androidx.compose.ui:ui-android:1.6.5) with CopyTransform
Transforming ui-release.aar (androidx.compose.ui:ui-android:1.6.5) with AggregatedPackagesTransform
Transforming ui-test-manifest-1.6.5.aar (androidx.compose.ui:ui-test-manifest:1.6.5) with JetifyTransform
Transforming ui-test-manifest-1.6.5.aar (androidx.compose.ui:ui-test-manifest:1.6.5) with AarToClassTransform
Transforming ui-test-manifest-1.6.5.aar (androidx.compose.ui:ui-test-manifest:1.6.5) with IdentityTransform
Transforming ui-test-manifest-1.6.5.aar (androidx.compose.ui:ui-test-manifest:1.6.5) with CopyTransform
Transforming ui-test-manifest-1.6.5.aar (androidx.compose.ui:ui-test-manifest:1.6.5) with AggregatedPackagesTransform
Transforming ui-text-google-fonts-1.6.5.aar (androidx.compose.ui:ui-text-google-fonts:1.6.5) with JetifyTransform
Transforming ui-text-google-fonts-1.6.5.aar (androidx.compose.ui:ui-text-google-fonts:1.6.5) with AarToClassTransform
Transforming ui-text-google-fonts-1.6.5.aar (androidx.compose.ui:ui-text-google-fonts:1.6.5) with IdentityTransform
Transforming ui-text-google-fonts-1.6.5.aar (androidx.compose.ui:ui-text-google-fonts:1.6.5) with CopyTransform
Transforming ui-text-google-fonts-1.6.5.aar (androidx.compose.ui:ui-text-google-fonts:1.6.5) with AggregatedPackagesTransform
Transforming datastore-1.0.0.aar (androidx.datastore:datastore:1.0.0) with JetifyTransform
Transforming datastore-1.0.0.aar (androidx.datastore:datastore:1.0.0) with AarToClassTransform
Transforming datastore-1.0.0.aar (androidx.datastore:datastore:1.0.0) with IdentityTransform
Transforming datastore-1.0.0.aar (androidx.datastore:datastore:1.0.0) with CopyTransform
Transforming datastore-1.0.0.aar (androidx.datastore:datastore:1.0.0) with AggregatedPackagesTransform
Transforming datastore-preferences-core-1.0.0.jar (androidx.datastore:datastore-preferences-core:1.0.0) with JetifyTransform
Transforming datastore-preferences-core-1.0.0.jar (androidx.datastore:datastore-preferences-core:1.0.0) with IdentityTransform
Transforming datastore-preferences-core-1.0.0.jar (androidx.datastore:datastore-preferences-core:1.0.0) with IdentityTransform
Transforming datastore-preferences-core-1.0.0.jar (androidx.datastore:datastore-preferences-core:1.0.0) with CopyTransform
Transforming datastore-preferences-core-1.0.0.jar (androidx.datastore:datastore-preferences-core:1.0.0) with AggregatedPackagesTransform
Transforming kotlinx-serialization-core-jvm-1.6.3.jar (org.jetbrains.kotlinx:kotlinx-serialization-core-jvm:1.6.3) with JetifyTransform
Transforming kotlinx-serialization-core-jvm-1.6.3.jar (org.jetbrains.kotlinx:kotlinx-serialization-core-jvm:1.6.3) with IdentityTransform
Transforming kotlinx-serialization-core-jvm-1.6.3.jar (org.jetbrains.kotlinx:kotlinx-serialization-core-jvm:1.6.3) with IdentityTransform
Transforming kotlinx-serialization-core-jvm-1.6.3.jar (org.jetbrains.kotlinx:kotlinx-serialization-core-jvm:1.6.3) with CopyTransform
Transforming kotlinx-serialization-core-jvm-1.6.3.jar (org.jetbrains.kotlinx:kotlinx-serialization-core-jvm:1.6.3) with AggregatedPackagesTransform
Transforming kotlinx-serialization-json-jvm-1.6.3.jar (org.jetbrains.kotlinx:kotlinx-serialization-json-jvm:1.6.3) with JetifyTransform
Transforming kotlinx-serialization-json-jvm-1.6.3.jar (org.jetbrains.kotlinx:kotlinx-serialization-json-jvm:1.6.3) with IdentityTransform
Transforming kotlinx-serialization-json-jvm-1.6.3.jar (org.jetbrains.kotlinx:kotlinx-serialization-json-jvm:1.6.3) with IdentityTransform
Transforming kotlinx-serialization-json-jvm-1.6.3.jar (org.jetbrains.kotlinx:kotlinx-serialization-json-jvm:1.6.3) with CopyTransform
Transforming kotlinx-serialization-json-jvm-1.6.3.jar (org.jetbrains.kotlinx:kotlinx-serialization-json-jvm:1.6.3) with AggregatedPackagesTransform
Transforming datastore-core-1.0.0.jar (androidx.datastore:datastore-core:1.0.0) with JetifyTransform
Transforming datastore-core-1.0.0.jar (androidx.datastore:datastore-core:1.0.0) with IdentityTransform
Transforming datastore-core-1.0.0.jar (androidx.datastore:datastore-core:1.0.0) with IdentityTransform
Transforming datastore-core-1.0.0.jar (androidx.datastore:datastore-core:1.0.0) with CopyTransform
Transforming datastore-core-1.0.0.jar (androidx.datastore:datastore-core:1.0.0) with AggregatedPackagesTransform
Transforming runtime-saveable-release.aar (androidx.compose.runtime:runtime-saveable-android:1.6.5) with JetifyTransform
Transforming runtime-saveable-release.aar (androidx.compose.runtime:runtime-saveable-android:1.6.5) with AarToClassTransform
Transforming runtime-saveable-release.aar (androidx.compose.runtime:runtime-saveable-android:1.6.5) with IdentityTransform
Transforming runtime-saveable-release.aar (androidx.compose.runtime:runtime-saveable-android:1.6.5) with CopyTransform
Transforming runtime-saveable-release.aar (androidx.compose.runtime:runtime-saveable-android:1.6.5) with AggregatedPackagesTransform
Transforming runtime-release.aar (androidx.compose.runtime:runtime-android:1.6.5) with JetifyTransform
Transforming runtime-release.aar (androidx.compose.runtime:runtime-android:1.6.5) with AarToClassTransform
Transforming runtime-release.aar (androidx.compose.runtime:runtime-android:1.6.5) with IdentityTransform
Transforming runtime-release.aar (androidx.compose.runtime:runtime-android:1.6.5) with CopyTransform
Transforming runtime-release.aar (androidx.compose.runtime:runtime-android:1.6.5) with AggregatedPackagesTransform
Transforming kotlinx-coroutines-core-jvm-1.7.3.jar (org.jetbrains.kotlinx:kotlinx-coroutines-core-jvm:1.7.3) with JetifyTransform
Transforming kotlinx-coroutines-core-jvm-1.7.3.jar (org.jetbrains.kotlinx:kotlinx-coroutines-core-jvm:1.7.3) with IdentityTransform
Transforming kotlinx-coroutines-core-jvm-1.7.3.jar (org.jetbrains.kotlinx:kotlinx-coroutines-core-jvm:1.7.3) with IdentityTransform
Transforming kotlinx-coroutines-core-jvm-1.7.3.jar (org.jetbrains.kotlinx:kotlinx-coroutines-core-jvm:1.7.3) with CopyTransform
Transforming kotlinx-coroutines-core-jvm-1.7.3.jar (org.jetbrains.kotlinx:kotlinx-coroutines-core-jvm:1.7.3) with AggregatedPackagesTransform
Transforming kotlinx-coroutines-android-1.7.3.jar (org.jetbrains.kotlinx:kotlinx-coroutines-android:1.7.3) with JetifyTransform
Transforming kotlinx-coroutines-android-1.7.3.jar (org.jetbrains.kotlinx:kotlinx-coroutines-android:1.7.3) with IdentityTransform
Transforming kotlinx-coroutines-android-1.7.3.jar (org.jetbrains.kotlinx:kotlinx-coroutines-android:1.7.3) with IdentityTransform
Transforming kotlinx-coroutines-android-1.7.3.jar (org.jetbrains.kotlinx:kotlinx-coroutines-android:1.7.3) with CopyTransform
Transforming kotlinx-coroutines-android-1.7.3.jar (org.jetbrains.kotlinx:kotlinx-coroutines-android:1.7.3) with AggregatedPackagesTransform
Transforming kotlin-stdlib-jdk8-1.8.20.jar (org.jetbrains.kotlin:kotlin-stdlib-jdk8:1.8.20) with JetifyTransform
Transforming kotlin-stdlib-jdk8-1.8.20.jar (org.jetbrains.kotlin:kotlin-stdlib-jdk8:1.8.20) with IdentityTransform
Transforming kotlin-stdlib-jdk8-1.8.20.jar (org.jetbrains.kotlin:kotlin-stdlib-jdk8:1.8.20) with IdentityTransform
Transforming kotlin-stdlib-jdk8-1.8.20.jar (org.jetbrains.kotlin:kotlin-stdlib-jdk8:1.8.20) with CopyTransform
Transforming kotlin-stdlib-jdk8-1.8.20.jar (org.jetbrains.kotlin:kotlin-stdlib-jdk8:1.8.20) with AggregatedPackagesTransform
Transforming annotation-experimental-1.4.0.aar (androidx.annotation:annotation-experimental:1.4.0) with JetifyTransform
Transforming annotation-experimental-1.4.0.aar (androidx.annotation:annotation-experimental:1.4.0) with AarToClassTransform
Transforming annotation-experimental-1.4.0.aar (androidx.annotation:annotation-experimental:1.4.0) with IdentityTransform
Transforming annotation-experimental-1.4.0.aar (androidx.annotation:annotation-experimental:1.4.0) with CopyTransform
Transforming annotation-experimental-1.4.0.aar (androidx.annotation:annotation-experimental:1.4.0) with AggregatedPackagesTransform
Transforming kotlin-stdlib-jdk7-1.8.20.jar (org.jetbrains.kotlin:kotlin-stdlib-jdk7:1.8.20) with JetifyTransform
Transforming kotlin-stdlib-jdk7-1.8.20.jar (org.jetbrains.kotlin:kotlin-stdlib-jdk7:1.8.20) with IdentityTransform
Transforming kotlin-stdlib-jdk7-1.8.20.jar (org.jetbrains.kotlin:kotlin-stdlib-jdk7:1.8.20) with IdentityTransform
Transforming kotlin-stdlib-jdk7-1.8.20.jar (org.jetbrains.kotlin:kotlin-stdlib-jdk7:1.8.20) with CopyTransform
Transforming kotlin-stdlib-jdk7-1.8.20.jar (org.jetbrains.kotlin:kotlin-stdlib-jdk7:1.8.20) with AggregatedPackagesTransform
Transforming versionedparcelable-1.1.1.aar (androidx.versionedparcelable:versionedparcelable:1.1.1) with JetifyTransform
Transforming versionedparcelable-1.1.1.aar (androidx.versionedparcelable:versionedparcelable:1.1.1) with AarToClassTransform
Transforming versionedparcelable-1.1.1.aar (androidx.versionedparcelable:versionedparcelable:1.1.1) with IdentityTransform
Transforming versionedparcelable-1.1.1.aar (androidx.versionedparcelable:versionedparcelable:1.1.1) with CopyTransform
Transforming versionedparcelable-1.1.1.aar (androidx.versionedparcelable:versionedparcelable:1.1.1) with AggregatedPackagesTransform
Transforming collection-jvm-1.4.0.jar (androidx.collection:collection-jvm:1.4.0) with JetifyTransform
Transforming collection-jvm-1.4.0.jar (androidx.collection:collection-jvm:1.4.0) with IdentityTransform
Transforming collection-jvm-1.4.0.jar (androidx.collection:collection-jvm:1.4.0) with IdentityTransform
Transforming collection-jvm-1.4.0.jar (androidx.collection:collection-jvm:1.4.0) with CopyTransform
Transforming collection-jvm-1.4.0.jar (androidx.collection:collection-jvm:1.4.0) with AggregatedPackagesTransform
Transforming interpolator-1.0.0.aar (androidx.interpolator:interpolator:1.0.0) with JetifyTransform
Transforming interpolator-1.0.0.aar (androidx.interpolator:interpolator:1.0.0) with AarToClassTransform
Transforming interpolator-1.0.0.aar (androidx.interpolator:interpolator:1.0.0) with IdentityTransform
Transforming interpolator-1.0.0.aar (androidx.interpolator:interpolator:1.0.0) with CopyTransform
Transforming interpolator-1.0.0.aar (androidx.interpolator:interpolator:1.0.0) with AggregatedPackagesTransform
Transforming core-runtime-2.2.0.aar (androidx.arch.core:core-runtime:2.2.0) with JetifyTransform
Transforming core-runtime-2.2.0.aar (androidx.arch.core:core-runtime:2.2.0) with AarToClassTransform
Transforming core-runtime-2.2.0.aar (androidx.arch.core:core-runtime:2.2.0) with IdentityTransform
Transforming core-runtime-2.2.0.aar (androidx.arch.core:core-runtime:2.2.0) with CopyTransform
Transforming core-runtime-2.2.0.aar (androidx.arch.core:core-runtime:2.2.0) with AggregatedPackagesTransform
Transforming core-common-2.2.0.jar (androidx.arch.core:core-common:2.2.0) with JetifyTransform
Transforming collection-ktx-1.4.0.jar (androidx.collection:collection-ktx:1.4.0) with JetifyTransform
Transforming collection-ktx-1.4.0.jar (androidx.collection:collection-ktx:1.4.0) with IdentityTransform
Transforming core-common-2.2.0.jar (androidx.arch.core:core-common:2.2.0) with IdentityTransform
Transforming collection-ktx-1.4.0.jar (androidx.collection:collection-ktx:1.4.0) with IdentityTransform
Transforming core-common-2.2.0.jar (androidx.arch.core:core-common:2.2.0) with IdentityTransform
Transforming collection-ktx-1.4.0.jar (androidx.collection:collection-ktx:1.4.0) with CopyTransform
Transforming collection-ktx-1.4.0.jar (androidx.collection:collection-ktx:1.4.0) with AggregatedPackagesTransform
Transforming core-common-2.2.0.jar (androidx.arch.core:core-common:2.2.0) with CopyTransform
Transforming core-common-2.2.0.jar (androidx.arch.core:core-common:2.2.0) with AggregatedPackagesTransform
Transforming profileinstaller-1.3.0.aar (androidx.profileinstaller:profileinstaller:1.3.0) with JetifyTransform
Transforming profileinstaller-1.3.0.aar (androidx.profileinstaller:profileinstaller:1.3.0) with AarToClassTransform
Transforming profileinstaller-1.3.0.aar (androidx.profileinstaller:profileinstaller:1.3.0) with IdentityTransform
Transforming profileinstaller-1.3.0.aar (androidx.profileinstaller:profileinstaller:1.3.0) with CopyTransform
Transforming profileinstaller-1.3.0.aar (androidx.profileinstaller:profileinstaller:1.3.0) with AggregatedPackagesTransform
Transforming startup-runtime-1.1.1.aar (androidx.startup:startup-runtime:1.1.1) with JetifyTransform
Transforming startup-runtime-1.1.1.aar (androidx.startup:startup-runtime:1.1.1) with AarToClassTransform
Transforming startup-runtime-1.1.1.aar (androidx.startup:startup-runtime:1.1.1) with IdentityTransform
Transforming startup-runtime-1.1.1.aar (androidx.startup:startup-runtime:1.1.1) with CopyTransform
Transforming startup-runtime-1.1.1.aar (androidx.startup:startup-runtime:1.1.1) with AggregatedPackagesTransform
Transforming tracing-1.0.0.aar (androidx.tracing:tracing:1.0.0) with JetifyTransform
Transforming tracing-1.0.0.aar (androidx.tracing:tracing:1.0.0) with AarToClassTransform
Transforming tracing-1.0.0.aar (androidx.tracing:tracing:1.0.0) with IdentityTransform
Transforming tracing-1.0.0.aar (androidx.tracing:tracing:1.0.0) with CopyTransform
Transforming tracing-1.0.0.aar (androidx.tracing:tracing:1.0.0) with AggregatedPackagesTransform
Transforming annotation-jvm-1.7.0.jar (androidx.annotation:annotation-jvm:1.7.0) with JetifyTransform
Transforming annotation-jvm-1.7.0.jar (androidx.annotation:annotation-jvm:1.7.0) with IdentityTransform
Transforming annotation-jvm-1.7.0.jar (androidx.annotation:annotation-jvm:1.7.0) with IdentityTransform
Transforming annotation-jvm-1.7.0.jar (androidx.annotation:annotation-jvm:1.7.0) with CopyTransform
Transforming annotation-jvm-1.7.0.jar (androidx.annotation:annotation-jvm:1.7.0) with AggregatedPackagesTransform
Transforming kotlin-stdlib-1.9.23.jar (org.jetbrains.kotlin:kotlin-stdlib:1.9.23) with JetifyTransform
Transforming kotlin-stdlib-1.9.23.jar (org.jetbrains.kotlin:kotlin-stdlib:1.9.23) with IdentityTransform
Transforming kotlin-stdlib-1.9.23.jar (org.jetbrains.kotlin:kotlin-stdlib:1.9.23) with IdentityTransform
Transforming kotlin-stdlib-1.9.23.jar (org.jetbrains.kotlin:kotlin-stdlib:1.9.23) with CopyTransform
Transforming kotlin-stdlib-1.9.23.jar (org.jetbrains.kotlin:kotlin-stdlib:1.9.23) with AggregatedPackagesTransform
Transforming tensorflow-lite-support-0.4.4.aar (org.tensorflow:tensorflow-lite-support:0.4.4) with JetifyTransform
Transforming tensorflow-lite-support-0.4.4.aar (org.tensorflow:tensorflow-lite-support:0.4.4) with AarToClassTransform
Transforming tensorflow-lite-support-0.4.4.aar (org.tensorflow:tensorflow-lite-support:0.4.4) with IdentityTransform
Transforming tensorflow-lite-support-0.4.4.aar (org.tensorflow:tensorflow-lite-support:0.4.4) with CopyTransform
Transforming tensorflow-lite-support-0.4.4.aar (org.tensorflow:tensorflow-lite-support:0.4.4) with AggregatedPackagesTransform
Transforming tensorflow-lite-2.14.0.aar (org.tensorflow:tensorflow-lite:2.14.0) with JetifyTransform
Transforming tensorflow-lite-2.14.0.aar (org.tensorflow:tensorflow-lite:2.14.0) with AarToClassTransform
Transforming tensorflow-lite-2.14.0.aar (org.tensorflow:tensorflow-lite:2.14.0) with IdentityTransform
Transforming tensorflow-lite-2.14.0.aar (org.tensorflow:tensorflow-lite:2.14.0) with CopyTransform
Transforming tensorflow-lite-2.14.0.aar (org.tensorflow:tensorflow-lite:2.14.0) with AggregatedPackagesTransform
Transforming annotations-23.0.0.jar (org.jetbrains:annotations:23.0.0) with JetifyTransform
Transforming annotations-23.0.0.jar (org.jetbrains:annotations:23.0.0) with IdentityTransform
Transforming annotations-23.0.0.jar (org.jetbrains:annotations:23.0.0) with IdentityTransform
Transforming annotations-23.0.0.jar (org.jetbrains:annotations:23.0.0) with CopyTransform
Transforming annotations-23.0.0.jar (org.jetbrains:annotations:23.0.0) with AggregatedPackagesTransform
Transforming hilt-core-2.48.jar (com.google.dagger:hilt-core:2.48) with JetifyTransform
Transforming hilt-core-2.48.jar (com.google.dagger:hilt-core:2.48) with IdentityTransform
Transforming hilt-core-2.48.jar (com.google.dagger:hilt-core:2.48) with IdentityTransform
Transforming hilt-core-2.48.jar (com.google.dagger:hilt-core:2.48) with CopyTransform
Transforming hilt-core-2.48.jar (com.google.dagger:hilt-core:2.48) with AggregatedPackagesTransform
Transforming dagger-2.48.jar (com.google.dagger:dagger:2.48) with JetifyTransform
Transforming dagger-2.48.jar (com.google.dagger:dagger:2.48) with IdentityTransform
Transforming dagger-2.48.jar (com.google.dagger:dagger:2.48) with IdentityTransform
Transforming dagger-2.48.jar (com.google.dagger:dagger:2.48) with CopyTransform
Transforming dagger-2.48.jar (com.google.dagger:dagger:2.48) with AggregatedPackagesTransform
Transforming dagger-lint-aar-2.48.aar (com.google.dagger:dagger-lint-aar:2.48) with JetifyTransform
Transforming dagger-lint-aar-2.48.aar (com.google.dagger:dagger-lint-aar:2.48) with AarToClassTransform
Transforming dagger-lint-aar-2.48.aar (com.google.dagger:dagger-lint-aar:2.48) with IdentityTransform
Transforming dagger-lint-aar-2.48.aar (com.google.dagger:dagger-lint-aar:2.48) with CopyTransform
Transforming dagger-lint-aar-2.48.aar (com.google.dagger:dagger-lint-aar:2.48) with AggregatedPackagesTransform
Transforming jsr305-3.0.2.jar (com.google.code.findbugs:jsr305:3.0.2) with JetifyTransform
Transforming jsr305-3.0.2.jar (com.google.code.findbugs:jsr305:3.0.2) with IdentityTransform
Transforming jsr305-3.0.2.jar (com.google.code.findbugs:jsr305:3.0.2) with IdentityTransform
Transforming jsr305-3.0.2.jar (com.google.code.findbugs:jsr305:3.0.2) with CopyTransform
Transforming jsr305-3.0.2.jar (com.google.code.findbugs:jsr305:3.0.2) with AggregatedPackagesTransform
Transforming javax.inject-1.jar (javax.inject:javax.inject:1) with JetifyTransform
Transforming javax.inject-1.jar (javax.inject:javax.inject:1) with IdentityTransform
Transforming javax.inject-1.jar (javax.inject:javax.inject:1) with IdentityTransform
Transforming javax.inject-1.jar (javax.inject:javax.inject:1) with CopyTransform
Transforming javax.inject-1.jar (javax.inject:javax.inject:1) with AggregatedPackagesTransform
Transforming tensorflow-lite-support-api-0.4.4.aar (org.tensorflow:tensorflow-lite-support-api:0.4.4) with JetifyTransform
Transforming tensorflow-lite-support-api-0.4.4.aar (org.tensorflow:tensorflow-lite-support-api:0.4.4) with AarToClassTransform
Transforming tensorflow-lite-support-api-0.4.4.aar (org.tensorflow:tensorflow-lite-support-api:0.4.4) with IdentityTransform
Transforming tensorflow-lite-support-api-0.4.4.aar (org.tensorflow:tensorflow-lite-support-api:0.4.4) with CopyTransform
Transforming tensorflow-lite-support-api-0.4.4.aar (org.tensorflow:tensorflow-lite-support-api:0.4.4) with AggregatedPackagesTransform
Transforming tensorflow-lite-api-2.14.0.aar (org.tensorflow:tensorflow-lite-api:2.14.0) with JetifyTransform
Transforming tensorflow-lite-api-2.14.0.aar (org.tensorflow:tensorflow-lite-api:2.14.0) with AarToClassTransform
Transforming tensorflow-lite-api-2.14.0.aar (org.tensorflow:tensorflow-lite-api:2.14.0) with IdentityTransform
Transforming tensorflow-lite-api-2.14.0.aar (org.tensorflow:tensorflow-lite-api:2.14.0) with CopyTransform
Transforming tensorflow-lite-api-2.14.0.aar (org.tensorflow:tensorflow-lite-api:2.14.0) with AggregatedPackagesTransform
Transforming checker-qual-2.5.8.jar (org.checkerframework:checker-qual:2.5.8) with JetifyTransform
Transforming checker-qual-2.5.8.jar (org.checkerframework:checker-qual:2.5.8) with IdentityTransform
Transforming checker-qual-2.5.8.jar (org.checkerframework:checker-qual:2.5.8) with IdentityTransform
Transforming checker-qual-2.5.8.jar (org.checkerframework:checker-qual:2.5.8) with CopyTransform
Transforming checker-qual-2.5.8.jar (org.checkerframework:checker-qual:2.5.8) with AggregatedPackagesTransform
Transforming image-1.0.0-beta1.aar (com.google.android.odml:image:1.0.0-beta1) with JetifyTransform
Transforming image-1.0.0-beta1.aar (com.google.android.odml:image:1.0.0-beta1) with AarToClassTransform
Transforming image-1.0.0-beta1.aar (com.google.android.odml:image:1.0.0-beta1) with IdentityTransform
Transforming image-1.0.0-beta1.aar (com.google.android.odml:image:1.0.0-beta1) with CopyTransform
Transforming image-1.0.0-beta1.aar (com.google.android.odml:image:1.0.0-beta1) with AggregatedPackagesTransform
Transforming listenablefuture-1.0.jar (com.google.guava:listenablefuture:1.0) with JetifyTransform
Transforming listenablefuture-1.0.jar (com.google.guava:listenablefuture:1.0) with IdentityTransform
Transforming listenablefuture-1.0.jar (com.google.guava:listenablefuture:1.0) with IdentityTransform
Transforming listenablefuture-1.0.jar (com.google.guava:listenablefuture:1.0) with CopyTransform
Transforming listenablefuture-1.0.jar (com.google.guava:listenablefuture:1.0) with AggregatedPackagesTransform
Transforming concurrent-futures-1.1.0.jar (androidx.concurrent:concurrent-futures:1.1.0) with JetifyTransform
Transforming concurrent-futures-1.1.0.jar (androidx.concurrent:concurrent-futures:1.1.0) with IdentityTransform
Transforming concurrent-futures-1.1.0.jar (androidx.concurrent:concurrent-futures:1.1.0) with IdentityTransform
Transforming concurrent-futures-1.1.0.jar (androidx.concurrent:concurrent-futures:1.1.0) with CopyTransform
Transforming concurrent-futures-1.1.0.jar (androidx.concurrent:concurrent-futures:1.1.0) with AggregatedPackagesTransform
Transforming android.jar with JetifyTransform
Transforming android.jar with IdentityTransform
Transforming android.jar with IdentityTransform
Transforming android.jar with CopyTransform
Transforming android.jar with AggregatedPackagesTransform
Transforming core-lambda-stubs.jar with JetifyTransform
Transforming core-lambda-stubs.jar with IdentityTransform
Transforming core-lambda-stubs.jar with IdentityTransform
Transforming core-lambda-stubs.jar with CopyTransform
Transforming core-lambda-stubs.jar with AggregatedPackagesTransform
Transforming R.jar with JetifyTransform
Transforming R.jar with IdentityTransform
Transforming R.jar with IdentityTransform
Transforming R.jar with CopyTransform
Transforming R.jar with AggregatedPackagesTransform
Transforming jetified-hilt-navigation-compose-1.1.0-api.jar with JetifyTransform
Transforming jetified-hilt-navigation-compose-1.1.0-api.jar with IdentityTransform
Transforming jetified-hilt-navigation-compose-1.1.0-api.jar with IdentityTransform
Transforming jetified-hilt-navigation-compose-1.1.0-api.jar with CopyTransform
Transforming jetified-hilt-navigation-compose-1.1.0-api.jar with AggregatedPackagesTransform
Transforming jetified-hilt-navigation-1.1.0-api.jar with JetifyTransform
Transforming jetified-hilt-navigation-1.1.0-api.jar with IdentityTransform
Transforming jetified-hilt-navigation-1.1.0-api.jar with IdentityTransform
Transforming jetified-hilt-navigation-1.1.0-api.jar with CopyTransform
Transforming jetified-hilt-navigation-1.1.0-api.jar with AggregatedPackagesTransform
Transforming jetified-hilt-android-2.48-api.jar with JetifyTransform
Transforming jetified-hilt-android-2.48-api.jar with IdentityTransform
Transforming jetified-hilt-android-2.48-api.jar with IdentityTransform
Transforming jetified-hilt-android-2.48-api.jar with CopyTransform
Transforming jetified-hilt-android-2.48-api.jar with AggregatedPackagesTransform
Transforming jetified-datastore-preferences-1.0.0-api.jar with JetifyTransform
Transforming jetified-datastore-preferences-1.0.0-api.jar with IdentityTransform
Transforming jetified-datastore-preferences-1.0.0-api.jar with IdentityTransform
Transforming jetified-datastore-preferences-1.0.0-api.jar with CopyTransform
Transforming jetified-datastore-preferences-1.0.0-api.jar with AggregatedPackagesTransform
Transforming fragment-1.5.1-api.jar with JetifyTransform
Transforming fragment-1.5.1-api.jar with IdentityTransform
Transforming fragment-1.5.1-api.jar with IdentityTransform
Transforming fragment-1.5.1-api.jar with CopyTransform
Transforming fragment-1.5.1-api.jar with AggregatedPackagesTransform
Transforming navigation-common-2.7.7-api.jar with JetifyTransform
Transforming navigation-common-2.7.7-api.jar with IdentityTransform
Transforming navigation-common-2.7.7-api.jar with IdentityTransform
Transforming navigation-common-2.7.7-api.jar with CopyTransform
Transforming navigation-common-2.7.7-api.jar with AggregatedPackagesTransform
Transforming navigation-runtime-2.7.7-api.jar with JetifyTransform
Transforming navigation-runtime-2.7.7-api.jar with IdentityTransform
Transforming navigation-runtime-2.7.7-api.jar with IdentityTransform
Transforming navigation-runtime-2.7.7-api.jar with CopyTransform
Transforming navigation-runtime-2.7.7-api.jar with AggregatedPackagesTransform
Transforming navigation-common-ktx-2.7.7-api.jar with JetifyTransform
Transforming navigation-common-ktx-2.7.7-api.jar with IdentityTransform
Transforming navigation-common-ktx-2.7.7-api.jar with IdentityTransform
Transforming navigation-common-ktx-2.7.7-api.jar with CopyTransform
Transforming navigation-common-ktx-2.7.7-api.jar with AggregatedPackagesTransform
Transforming navigation-runtime-ktx-2.7.7-api.jar with JetifyTransform
Transforming navigation-runtime-ktx-2.7.7-api.jar with IdentityTransform
Transforming navigation-runtime-ktx-2.7.7-api.jar with IdentityTransform
Transforming navigation-runtime-ktx-2.7.7-api.jar with CopyTransform
Transforming navigation-runtime-ktx-2.7.7-api.jar with AggregatedPackagesTransform
Transforming jetified-navigation-compose-2.7.7-api.jar with JetifyTransform
Transforming jetified-navigation-compose-2.7.7-api.jar with IdentityTransform
Transforming jetified-navigation-compose-2.7.7-api.jar with IdentityTransform
Transforming jetified-navigation-compose-2.7.7-api.jar with CopyTransform
Transforming jetified-navigation-compose-2.7.7-api.jar with AggregatedPackagesTransform
Transforming jetified-material3-release-api.jar with JetifyTransform
Transforming jetified-material3-release-api.jar with IdentityTransform
Transforming jetified-material3-release-api.jar with IdentityTransform
Transforming jetified-material3-release-api.jar with CopyTransform
Transforming jetified-material3-release-api.jar with AggregatedPackagesTransform
Transforming jetified-foundation-layout-release-api.jar with JetifyTransform
Transforming jetified-foundation-layout-release-api.jar with IdentityTransform
Transforming jetified-foundation-layout-release-api.jar with IdentityTransform
Transforming jetified-foundation-layout-release-api.jar with CopyTransform
Transforming jetified-foundation-layout-release-api.jar with AggregatedPackagesTransform
Transforming jetified-material-icons-core-release-api.jar with JetifyTransform
Transforming jetified-material-icons-core-release-api.jar with IdentityTransform
Transforming jetified-material-icons-core-release-api.jar with IdentityTransform
Transforming jetified-material-icons-core-release-api.jar with CopyTransform
Transforming jetified-material-icons-core-release-api.jar with AggregatedPackagesTransform
Transforming jetified-material-icons-extended-release-api.jar with JetifyTransform
Transforming jetified-material-icons-extended-release-api.jar with IdentityTransform
Transforming jetified-material-icons-extended-release-api.jar with IdentityTransform
Transforming jetified-material-icons-extended-release-api.jar with CopyTransform
Transforming jetified-material-icons-extended-release-api.jar with AggregatedPackagesTransform
Transforming jetified-material-ripple-release-api.jar with JetifyTransform
Transforming jetified-material-ripple-release-api.jar with IdentityTransform
Transforming jetified-material-ripple-release-api.jar with IdentityTransform
Transforming jetified-material-ripple-release-api.jar with CopyTransform
Transforming jetified-material-ripple-release-api.jar with AggregatedPackagesTransform
Transforming jetified-foundation-release-api.jar with JetifyTransform
Transforming jetified-foundation-release-api.jar with IdentityTransform
Transforming jetified-foundation-release-api.jar with IdentityTransform
Transforming jetified-foundation-release-api.jar with CopyTransform
Transforming jetified-foundation-release-api.jar with AggregatedPackagesTransform
Transforming jetified-animation-core-release-api.jar with JetifyTransform
Transforming jetified-animation-core-release-api.jar with IdentityTransform
Transforming jetified-animation-core-release-api.jar with IdentityTransform
Transforming jetified-animation-core-release-api.jar with CopyTransform
Transforming jetified-animation-core-release-api.jar with AggregatedPackagesTransform
Transforming jetified-animation-release-api.jar with JetifyTransform
Transforming jetified-animation-release-api.jar with IdentityTransform
Transforming jetified-animation-release-api.jar with IdentityTransform
Transforming jetified-animation-release-api.jar with CopyTransform
Transforming jetified-animation-release-api.jar with AggregatedPackagesTransform
Transforming jetified-ui-util-release-api.jar with JetifyTransform
Transforming jetified-ui-util-release-api.jar with IdentityTransform
Transforming jetified-ui-util-release-api.jar with IdentityTransform
Transforming jetified-ui-util-release-api.jar with CopyTransform
Transforming jetified-ui-util-release-api.jar with AggregatedPackagesTransform
Transforming jetified-ui-unit-release-api.jar with JetifyTransform
Transforming jetified-ui-unit-release-api.jar with IdentityTransform
Transforming jetified-ui-unit-release-api.jar with IdentityTransform
Transforming jetified-ui-unit-release-api.jar with CopyTransform
Transforming jetified-ui-unit-release-api.jar with AggregatedPackagesTransform
Transforming jetified-ui-text-release-api.jar with JetifyTransform
Transforming jetified-ui-text-release-api.jar with IdentityTransform
Transforming jetified-ui-text-release-api.jar with IdentityTransform
Transforming jetified-ui-text-release-api.jar with CopyTransform
Transforming jetified-ui-text-release-api.jar with AggregatedPackagesTransform
Transforming jetified-ui-geometry-release-api.jar with JetifyTransform
Transforming jetified-ui-geometry-release-api.jar with IdentityTransform
Transforming jetified-ui-geometry-release-api.jar with IdentityTransform
Transforming jetified-ui-geometry-release-api.jar with CopyTransform
Transforming jetified-ui-geometry-release-api.jar with AggregatedPackagesTransform
Transforming jetified-ui-tooling-data-release-api.jar with JetifyTransform
Transforming jetified-ui-tooling-data-release-api.jar with IdentityTransform
Transforming jetified-ui-tooling-data-release-api.jar with IdentityTransform
Transforming jetified-ui-tooling-data-release-api.jar with CopyTransform
Transforming jetified-ui-tooling-data-release-api.jar with AggregatedPackagesTransform
Transforming jetified-ui-tooling-preview-release-api.jar with JetifyTransform
Transforming jetified-ui-tooling-preview-release-api.jar with IdentityTransform
Transforming jetified-ui-tooling-preview-release-api.jar with IdentityTransform
Transforming jetified-ui-tooling-preview-release-api.jar with CopyTransform
Transforming jetified-ui-tooling-preview-release-api.jar with AggregatedPackagesTransform
Transforming jetified-ui-graphics-release-api.jar with JetifyTransform
Transforming jetified-ui-graphics-release-api.jar with IdentityTransform
Transforming jetified-ui-graphics-release-api.jar with IdentityTransform
Transforming jetified-ui-graphics-release-api.jar with CopyTransform
Transforming jetified-ui-graphics-release-api.jar with AggregatedPackagesTransform
Transforming jetified-ui-release-api.jar with JetifyTransform
Transforming jetified-ui-release-api.jar with IdentityTransform
Transforming jetified-ui-release-api.jar with IdentityTransform
Transforming jetified-ui-release-api.jar with CopyTransform
Transforming jetified-ui-release-api.jar with AggregatedPackagesTransform
Transforming jetified-ui-tooling-release-api.jar with JetifyTransform
Transforming jetified-ui-tooling-release-api.jar with IdentityTransform
Transforming jetified-ui-tooling-release-api.jar with IdentityTransform
Transforming jetified-ui-tooling-release-api.jar with CopyTransform
Transforming jetified-ui-tooling-release-api.jar with AggregatedPackagesTransform
Transforming jetified-ui-text-google-fonts-1.6.5-api.jar with JetifyTransform
Transforming jetified-ui-text-google-fonts-1.6.5-api.jar with IdentityTransform
Transforming jetified-ui-text-google-fonts-1.6.5-api.jar with IdentityTransform
Transforming jetified-ui-text-google-fonts-1.6.5-api.jar with CopyTransform
Transforming jetified-ui-text-google-fonts-1.6.5-api.jar with AggregatedPackagesTransform
Transforming jetified-ui-test-manifest-1.6.5-api.jar with JetifyTransform
Transforming jetified-ui-test-manifest-1.6.5-api.jar with IdentityTransform
Transforming jetified-ui-test-manifest-1.6.5-api.jar with IdentityTransform
Transforming jetified-ui-test-manifest-1.6.5-api.jar with CopyTransform
Transforming jetified-ui-test-manifest-1.6.5-api.jar with AggregatedPackagesTransform
Transforming jetified-activity-ktx-1.8.1-api.jar with JetifyTransform
Transforming jetified-activity-ktx-1.8.1-api.jar with IdentityTransform
Transforming jetified-activity-ktx-1.8.1-api.jar with IdentityTransform
Transforming jetified-activity-ktx-1.8.1-api.jar with CopyTransform
Transforming jetified-activity-ktx-1.8.1-api.jar with AggregatedPackagesTransform
Transforming jetified-activity-1.8.1-api.jar with JetifyTransform
Transforming jetified-activity-1.8.1-api.jar with IdentityTransform
Transforming jetified-activity-1.8.1-api.jar with IdentityTransform
Transforming jetified-activity-1.8.1-api.jar with CopyTransform
Transforming jetified-activity-1.8.1-api.jar with AggregatedPackagesTransform
Transforming jetified-activity-compose-1.8.1-api.jar with JetifyTransform
Transforming jetified-activity-compose-1.8.1-api.jar with IdentityTransform
Transforming jetified-activity-compose-1.8.1-api.jar with IdentityTransform
Transforming jetified-activity-compose-1.8.1-api.jar with CopyTransform
Transforming jetified-activity-compose-1.8.1-api.jar with AggregatedPackagesTransform
Transforming loader-1.0.0-api.jar with JetifyTransform
Transforming loader-1.0.0-api.jar with IdentityTransform
Transforming loader-1.0.0-api.jar with IdentityTransform
Transforming loader-1.0.0-api.jar with CopyTransform
Transforming loader-1.0.0-api.jar with AggregatedPackagesTransform
Transforming viewpager-1.0.0-api.jar with JetifyTransform
Transforming viewpager-1.0.0-api.jar with IdentityTransform
Transforming viewpager-1.0.0-api.jar with IdentityTransform
Transforming viewpager-1.0.0-api.jar with CopyTransform
Transforming viewpager-1.0.0-api.jar with AggregatedPackagesTransform
Transforming customview-1.0.0-api.jar with JetifyTransform
Transforming customview-1.0.0-api.jar with IdentityTransform
Transforming customview-1.0.0-api.jar with IdentityTransform
Transforming customview-1.0.0-api.jar with CopyTransform
Transforming customview-1.0.0-api.jar with AggregatedPackagesTransform
Transforming core-1.12.0-api.jar with JetifyTransform
Transforming core-1.12.0-api.jar with IdentityTransform
Transforming core-1.12.0-api.jar with IdentityTransform
Transforming core-1.12.0-api.jar with CopyTransform
Transforming core-1.12.0-api.jar with AggregatedPackagesTransform
Transforming jetified-lifecycle-livedata-core-ktx-2.7.0-api.jar with JetifyTransform
Transforming jetified-lifecycle-livedata-core-ktx-2.7.0-api.jar with IdentityTransform
Transforming jetified-lifecycle-livedata-core-ktx-2.7.0-api.jar with IdentityTransform
Transforming jetified-lifecycle-livedata-core-ktx-2.7.0-api.jar with CopyTransform
Transforming jetified-lifecycle-livedata-core-ktx-2.7.0-api.jar with AggregatedPackagesTransform
Transforming lifecycle-livedata-2.7.0-api.jar with JetifyTransform
Transforming lifecycle-livedata-2.7.0-api.jar with IdentityTransform
Transforming lifecycle-livedata-2.7.0-api.jar with IdentityTransform
Transforming lifecycle-livedata-2.7.0-api.jar with CopyTransform
Transforming lifecycle-livedata-2.7.0-api.jar with AggregatedPackagesTransform
Transforming lifecycle-livedata-core-2.7.0-api.jar with JetifyTransform
Transforming lifecycle-livedata-core-2.7.0-api.jar with IdentityTransform
Transforming lifecycle-livedata-core-2.7.0-api.jar with IdentityTransform
Transforming lifecycle-livedata-core-2.7.0-api.jar with CopyTransform
Transforming lifecycle-livedata-core-2.7.0-api.jar with AggregatedPackagesTransform
Transforming jetified-lifecycle-viewmodel-ktx-2.7.0-api.jar with JetifyTransform
Transforming jetified-lifecycle-viewmodel-ktx-2.7.0-api.jar with IdentityTransform
Transforming jetified-lifecycle-viewmodel-ktx-2.7.0-api.jar with IdentityTransform
Transforming jetified-lifecycle-viewmodel-ktx-2.7.0-api.jar with CopyTransform
Transforming jetified-lifecycle-viewmodel-ktx-2.7.0-api.jar with AggregatedPackagesTransform
Transforming lifecycle-common-java8-2.7.0.jar with JetifyTransform
Transforming lifecycle-common-java8-2.7.0.jar with IdentityTransform
Transforming lifecycle-common-java8-2.7.0.jar with IdentityTransform
Transforming lifecycle-common-java8-2.7.0.jar with CopyTransform
Transforming lifecycle-common-java8-2.7.0.jar with AggregatedPackagesTransform
Transforming lifecycle-runtime-2.7.0-api.jar with JetifyTransform
Transforming lifecycle-runtime-2.7.0-api.jar with IdentityTransform
Transforming lifecycle-runtime-2.7.0-api.jar with IdentityTransform
Transforming lifecycle-runtime-2.7.0-api.jar with CopyTransform
Transforming lifecycle-runtime-2.7.0-api.jar with AggregatedPackagesTransform
Transforming lifecycle-viewmodel-2.7.0-api.jar with JetifyTransform
Transforming lifecycle-viewmodel-2.7.0-api.jar with IdentityTransform
Transforming lifecycle-viewmodel-2.7.0-api.jar with IdentityTransform
Transforming lifecycle-viewmodel-2.7.0-api.jar with CopyTransform
Transforming lifecycle-viewmodel-2.7.0-api.jar with AggregatedPackagesTransform
Transforming lifecycle-common-2.7.0.jar with JetifyTransform
Transforming lifecycle-common-2.7.0.jar with IdentityTransform
Transforming lifecycle-common-2.7.0.jar with IdentityTransform
Transforming lifecycle-common-2.7.0.jar with CopyTransform
Transforming lifecycle-common-2.7.0.jar with AggregatedPackagesTransform
Transforming jetified-lifecycle-viewmodel-compose-2.7.0-api.jar with JetifyTransform
Transforming jetified-lifecycle-viewmodel-compose-2.7.0-api.jar with IdentityTransform
Transforming jetified-lifecycle-viewmodel-compose-2.7.0-api.jar with IdentityTransform
Transforming jetified-lifecycle-viewmodel-compose-2.7.0-api.jar with CopyTransform
Transforming jetified-lifecycle-viewmodel-compose-2.7.0-api.jar with AggregatedPackagesTransform
Transforming jetified-lifecycle-runtime-ktx-2.7.0-api.jar with JetifyTransform
Transforming jetified-lifecycle-runtime-ktx-2.7.0-api.jar with IdentityTransform
Transforming jetified-lifecycle-runtime-ktx-2.7.0-api.jar with IdentityTransform
Transforming jetified-lifecycle-runtime-ktx-2.7.0-api.jar with CopyTransform
Transforming jetified-lifecycle-runtime-ktx-2.7.0-api.jar with AggregatedPackagesTransform
Transforming jetified-lifecycle-viewmodel-savedstate-2.7.0-api.jar with JetifyTransform
Transforming jetified-lifecycle-viewmodel-savedstate-2.7.0-api.jar with IdentityTransform
Transforming jetified-lifecycle-viewmodel-savedstate-2.7.0-api.jar with IdentityTransform
Transforming jetified-lifecycle-viewmodel-savedstate-2.7.0-api.jar with CopyTransform
Transforming jetified-lifecycle-viewmodel-savedstate-2.7.0-api.jar with AggregatedPackagesTransform
Transforming jetified-core-ktx-1.12.0-api.jar with JetifyTransform
Transforming jetified-core-ktx-1.12.0-api.jar with IdentityTransform
Transforming jetified-core-ktx-1.12.0-api.jar with IdentityTransform
Transforming jetified-core-ktx-1.12.0-api.jar with CopyTransform
Transforming jetified-core-ktx-1.12.0-api.jar with AggregatedPackagesTransform
Transforming jetified-savedstate-ktx-1.2.1-api.jar with JetifyTransform
Transforming jetified-savedstate-ktx-1.2.1-api.jar with IdentityTransform
Transforming jetified-savedstate-ktx-1.2.1-api.jar with IdentityTransform
Transforming jetified-savedstate-ktx-1.2.1-api.jar with CopyTransform
Transforming jetified-savedstate-ktx-1.2.1-api.jar with AggregatedPackagesTransform
Transforming jetified-savedstate-1.2.1-api.jar with JetifyTransform
Transforming jetified-savedstate-1.2.1-api.jar with IdentityTransform
Transforming jetified-savedstate-1.2.1-api.jar with IdentityTransform
Transforming jetified-savedstate-1.2.1-api.jar with CopyTransform
Transforming jetified-savedstate-1.2.1-api.jar with AggregatedPackagesTransform
Transforming jetified-datastore-1.0.0-api.jar with JetifyTransform
Transforming jetified-datastore-1.0.0-api.jar with IdentityTransform
Transforming jetified-datastore-1.0.0-api.jar with IdentityTransform
Transforming jetified-datastore-1.0.0-api.jar with CopyTransform
Transforming jetified-datastore-1.0.0-api.jar with AggregatedPackagesTransform
Transforming jetified-datastore-preferences-core-1.0.0.jar with JetifyTransform
Transforming jetified-datastore-preferences-core-1.0.0.jar with IdentityTransform
Transforming jetified-datastore-preferences-core-1.0.0.jar with IdentityTransform
Transforming jetified-datastore-preferences-core-1.0.0.jar with CopyTransform
Transforming jetified-datastore-preferences-core-1.0.0.jar with AggregatedPackagesTransform
Transforming jetified-runtime-saveable-release-api.jar with JetifyTransform
Transforming jetified-runtime-saveable-release-api.jar with IdentityTransform
Transforming jetified-runtime-saveable-release-api.jar with IdentityTransform
Transforming jetified-runtime-saveable-release-api.jar with CopyTransform
Transforming jetified-runtime-saveable-release-api.jar with AggregatedPackagesTransform
Transforming jetified-runtime-release-api.jar with JetifyTransform
Transforming jetified-runtime-release-api.jar with IdentityTransform
Transforming jetified-runtime-release-api.jar with IdentityTransform
Transforming jetified-runtime-release-api.jar with CopyTransform
Transforming jetified-runtime-release-api.jar with AggregatedPackagesTransform
Transforming jetified-datastore-core-1.0.0.jar with JetifyTransform
Transforming jetified-datastore-core-1.0.0.jar with IdentityTransform
Transforming jetified-datastore-core-1.0.0.jar with IdentityTransform
Transforming jetified-datastore-core-1.0.0.jar with CopyTransform
Transforming jetified-datastore-core-1.0.0.jar with AggregatedPackagesTransform
Transforming jetified-kotlinx-coroutines-core-jvm-1.7.3.jar with JetifyTransform
Transforming jetified-kotlinx-coroutines-core-jvm-1.7.3.jar with IdentityTransform
Transforming jetified-kotlinx-coroutines-core-jvm-1.7.3.jar with IdentityTransform
Transforming jetified-kotlinx-coroutines-core-jvm-1.7.3.jar with CopyTransform
Transforming jetified-kotlinx-coroutines-core-jvm-1.7.3.jar with AggregatedPackagesTransform
Transforming jetified-kotlinx-coroutines-android-1.7.3.jar with JetifyTransform
Transforming jetified-kotlinx-coroutines-android-1.7.3.jar with IdentityTransform
Transforming jetified-kotlinx-coroutines-android-1.7.3.jar with IdentityTransform
Transforming jetified-kotlinx-coroutines-android-1.7.3.jar with CopyTransform
Transforming jetified-kotlinx-coroutines-android-1.7.3.jar with AggregatedPackagesTransform
Transforming jetified-kotlin-stdlib-jdk8-1.8.20.jar with JetifyTransform
Transforming jetified-kotlin-stdlib-jdk8-1.8.20.jar with IdentityTransform
Transforming jetified-kotlin-stdlib-jdk8-1.8.20.jar with IdentityTransform
Transforming jetified-kotlin-stdlib-jdk8-1.8.20.jar with CopyTransform
Transforming jetified-kotlin-stdlib-jdk8-1.8.20.jar with AggregatedPackagesTransform
Transforming jetified-kotlinx-serialization-core-jvm-1.6.3.jar with JetifyTransform
Transforming jetified-kotlinx-serialization-core-jvm-1.6.3.jar with IdentityTransform
Transforming jetified-kotlinx-serialization-core-jvm-1.6.3.jar with IdentityTransform
Transforming jetified-kotlinx-serialization-core-jvm-1.6.3.jar with CopyTransform
Transforming jetified-kotlinx-serialization-core-jvm-1.6.3.jar with AggregatedPackagesTransform
Transforming jetified-kotlinx-serialization-json-jvm-1.6.3.jar with JetifyTransform
Transforming jetified-kotlinx-serialization-json-jvm-1.6.3.jar with IdentityTransform
Transforming jetified-kotlinx-serialization-json-jvm-1.6.3.jar with IdentityTransform
Transforming jetified-kotlinx-serialization-json-jvm-1.6.3.jar with CopyTransform
Transforming jetified-kotlinx-serialization-json-jvm-1.6.3.jar with AggregatedPackagesTransform
Transforming jetified-annotation-experimental-1.4.0-api.jar with JetifyTransform
Transforming jetified-annotation-experimental-1.4.0-api.jar with IdentityTransform
Transforming jetified-annotation-experimental-1.4.0-api.jar with IdentityTransform
Transforming jetified-annotation-experimental-1.4.0-api.jar with CopyTransform
Transforming jetified-annotation-experimental-1.4.0-api.jar with AggregatedPackagesTransform
Transforming versionedparcelable-1.1.1-api.jar with JetifyTransform
Transforming versionedparcelable-1.1.1-api.jar with IdentityTransform
Transforming versionedparcelable-1.1.1-api.jar with IdentityTransform
Transforming versionedparcelable-1.1.1-api.jar with CopyTransform
Transforming versionedparcelable-1.1.1-api.jar with AggregatedPackagesTransform
Transforming core-runtime-2.2.0-api.jar with JetifyTransform
Transforming core-runtime-2.2.0-api.jar with IdentityTransform
Transforming core-runtime-2.2.0-api.jar with IdentityTransform
Transforming core-runtime-2.2.0-api.jar with CopyTransform
Transforming core-runtime-2.2.0-api.jar with AggregatedPackagesTransform
Transforming core-common-2.2.0.jar with JetifyTransform
Transforming core-common-2.2.0.jar with IdentityTransform
Transforming core-common-2.2.0.jar with IdentityTransform
Transforming core-common-2.2.0.jar with CopyTransform
Transforming core-common-2.2.0.jar with AggregatedPackagesTransform
Transforming jetified-collection-jvm-1.4.0.jar with JetifyTransform
Transforming jetified-collection-jvm-1.4.0.jar with IdentityTransform
Transforming jetified-collection-jvm-1.4.0.jar with IdentityTransform
Transforming jetified-collection-jvm-1.4.0.jar with CopyTransform
Transforming jetified-collection-jvm-1.4.0.jar with AggregatedPackagesTransform
Transforming jetified-annotation-jvm-1.7.0.jar with JetifyTransform
Transforming jetified-annotation-jvm-1.7.0.jar with IdentityTransform
Transforming jetified-annotation-jvm-1.7.0.jar with IdentityTransform
Transforming jetified-annotation-jvm-1.7.0.jar with CopyTransform
Transforming jetified-annotation-jvm-1.7.0.jar with AggregatedPackagesTransform
Transforming jetified-kotlin-stdlib-jdk7-1.8.20.jar with JetifyTransform
Transforming jetified-kotlin-stdlib-jdk7-1.8.20.jar with IdentityTransform
Transforming jetified-kotlin-stdlib-jdk7-1.8.20.jar with IdentityTransform
Transforming jetified-kotlin-stdlib-jdk7-1.8.20.jar with CopyTransform
Transforming jetified-kotlin-stdlib-jdk7-1.8.20.jar with AggregatedPackagesTransform
Transforming jetified-kotlin-stdlib-1.9.23.jar with JetifyTransform
Transforming jetified-kotlin-stdlib-1.9.23.jar with IdentityTransform
Transforming jetified-kotlin-stdlib-1.9.23.jar with IdentityTransform
Transforming jetified-kotlin-stdlib-1.9.23.jar with CopyTransform
Transforming jetified-kotlin-stdlib-1.9.23.jar with AggregatedPackagesTransform
Transforming jetified-tensorflow-lite-support-0.4.4-api.jar with JetifyTransform
Transforming jetified-tensorflow-lite-support-0.4.4-api.jar with IdentityTransform
Transforming jetified-tensorflow-lite-support-0.4.4-api.jar with IdentityTransform
Transforming jetified-tensorflow-lite-support-0.4.4-api.jar with CopyTransform
Transforming jetified-tensorflow-lite-support-0.4.4-api.jar with AggregatedPackagesTransform
Transforming jetified-tensorflow-lite-2.14.0-api.jar with JetifyTransform
Transforming jetified-tensorflow-lite-2.14.0-api.jar with IdentityTransform
Transforming jetified-tensorflow-lite-2.14.0-api.jar with IdentityTransform
Transforming jetified-tensorflow-lite-2.14.0-api.jar with CopyTransform
Transforming jetified-tensorflow-lite-2.14.0-api.jar with AggregatedPackagesTransform
Transforming jetified-annotations-23.0.0.jar with JetifyTransform
Transforming jetified-annotations-23.0.0.jar with IdentityTransform
Transforming jetified-annotations-23.0.0.jar with IdentityTransform
Transforming jetified-annotations-23.0.0.jar with CopyTransform
Transforming jetified-annotations-23.0.0.jar with AggregatedPackagesTransform
Transforming jetified-hilt-core-2.48.jar with JetifyTransform
Transforming jetified-hilt-core-2.48.jar with IdentityTransform
Transforming jetified-hilt-core-2.48.jar with IdentityTransform
Transforming jetified-hilt-core-2.48.jar with CopyTransform
Transforming jetified-hilt-core-2.48.jar with AggregatedPackagesTransform
Transforming jetified-dagger-2.48.jar with JetifyTransform
Transforming jetified-dagger-2.48.jar with IdentityTransform
Transforming jetified-dagger-2.48.jar with IdentityTransform
Transforming jetified-dagger-2.48.jar with CopyTransform
Transforming jetified-dagger-2.48.jar with AggregatedPackagesTransform
Transforming jetified-javax.inject-1.jar with JetifyTransform
Transforming jetified-javax.inject-1.jar with IdentityTransform
Transforming jetified-javax.inject-1.jar with IdentityTransform
Transforming jetified-javax.inject-1.jar with CopyTransform
Transforming jetified-javax.inject-1.jar with AggregatedPackagesTransform
Transforming jetified-dagger-lint-aar-2.48-api.jar with JetifyTransform
Transforming jetified-dagger-lint-aar-2.48-api.jar with IdentityTransform
Transforming jetified-dagger-lint-aar-2.48-api.jar with IdentityTransform
Transforming jetified-dagger-lint-aar-2.48-api.jar with CopyTransform
Transforming jetified-dagger-lint-aar-2.48-api.jar with AggregatedPackagesTransform
Transforming jetified-jsr305-3.0.2.jar with JetifyTransform
Transforming jetified-jsr305-3.0.2.jar with IdentityTransform
Transforming jetified-jsr305-3.0.2.jar with IdentityTransform
Transforming jetified-jsr305-3.0.2.jar with CopyTransform
Transforming jetified-jsr305-3.0.2.jar with AggregatedPackagesTransform
Transforming jetified-tensorflow-lite-support-api-0.4.4-api.jar with JetifyTransform
Transforming jetified-tensorflow-lite-support-api-0.4.4-api.jar with IdentityTransform
Transforming jetified-tensorflow-lite-support-api-0.4.4-api.jar with IdentityTransform
Transforming jetified-tensorflow-lite-support-api-0.4.4-api.jar with CopyTransform
Transforming jetified-tensorflow-lite-support-api-0.4.4-api.jar with AggregatedPackagesTransform
Transforming jetified-tensorflow-lite-api-2.14.0-api.jar with JetifyTransform
Transforming jetified-tensorflow-lite-api-2.14.0-api.jar with IdentityTransform
Transforming jetified-tensorflow-lite-api-2.14.0-api.jar with IdentityTransform
Transforming jetified-tensorflow-lite-api-2.14.0-api.jar with CopyTransform
Transforming jetified-tensorflow-lite-api-2.14.0-api.jar with AggregatedPackagesTransform
Transforming jetified-checker-qual-2.5.8.jar with JetifyTransform
Transforming jetified-checker-qual-2.5.8.jar with IdentityTransform
Transforming jetified-checker-qual-2.5.8.jar with IdentityTransform
Transforming jetified-checker-qual-2.5.8.jar with CopyTransform
Transforming jetified-checker-qual-2.5.8.jar with AggregatedPackagesTransform
Transforming jetified-image-1.0.0-beta1-api.jar with JetifyTransform
Transforming jetified-image-1.0.0-beta1-api.jar with IdentityTransform
Transforming jetified-image-1.0.0-beta1-api.jar with IdentityTransform
Transforming jetified-image-1.0.0-beta1-api.jar with CopyTransform
Transforming jetified-image-1.0.0-beta1-api.jar with AggregatedPackagesTransform
Transforming debug with CopyTransform
Transforming debug with AggregatedPackagesTransform
Transforming debug with CopyTransform
Transforming debug with AggregatedPackagesTransform
Transforming classes with CopyTransform
Transforming classes with AggregatedPackagesTransform
Build cache key for task ':app:hiltAggregateDepsDebug' is fba9a7d699d952b60ba5c03925a437f1
Skipping task ':app:hiltAggregateDepsDebug' as it is up-to-date.
Resolve mutations for :app:hiltJavaCompileDebug (Thread[#427,Execution worker,5,main]) started.
:app:hiltJavaCompileDebug (Thread[#427,Execution worker,5,main]) started.

> Task :app:hiltJavaCompileDebug UP-TO-DATE
Transforming hilt-navigation-compose-1.1.0.aar (androidx.hilt:hilt-navigation-compose:1.1.0) with JetifyTransform
Transforming hilt-navigation-compose-1.1.0.aar (androidx.hilt:hilt-navigation-compose:1.1.0) with AarToClassTransform
Transforming hilt-navigation-compose-1.1.0.aar (androidx.hilt:hilt-navigation-compose:1.1.0) with IdentityTransform
Transforming hilt-navigation-compose-1.1.0.aar (androidx.hilt:hilt-navigation-compose:1.1.0) with CopyTransform
Transforming hilt-navigation-1.1.0.aar (androidx.hilt:hilt-navigation:1.1.0) with JetifyTransform
Transforming hilt-navigation-1.1.0.aar (androidx.hilt:hilt-navigation:1.1.0) with AarToClassTransform
Transforming hilt-navigation-1.1.0.aar (androidx.hilt:hilt-navigation:1.1.0) with IdentityTransform
Transforming hilt-navigation-1.1.0.aar (androidx.hilt:hilt-navigation:1.1.0) with CopyTransform
Transforming navigation-common-2.7.7.aar (androidx.navigation:navigation-common:2.7.7) with JetifyTransform
Transforming navigation-common-2.7.7.aar (androidx.navigation:navigation-common:2.7.7) with AarToClassTransform
Transforming navigation-common-2.7.7.aar (androidx.navigation:navigation-common:2.7.7) with IdentityTransform
Transforming navigation-common-2.7.7.aar (androidx.navigation:navigation-common:2.7.7) with CopyTransform
Transforming navigation-runtime-2.7.7.aar (androidx.navigation:navigation-runtime:2.7.7) with JetifyTransform
Transforming navigation-runtime-2.7.7.aar (androidx.navigation:navigation-runtime:2.7.7) with AarToClassTransform
Transforming navigation-runtime-2.7.7.aar (androidx.navigation:navigation-runtime:2.7.7) with IdentityTransform
Transforming navigation-runtime-2.7.7.aar (androidx.navigation:navigation-runtime:2.7.7) with CopyTransform
Transforming navigation-common-ktx-2.7.7.aar (androidx.navigation:navigation-common-ktx:2.7.7) with JetifyTransform
Transforming navigation-common-ktx-2.7.7.aar (androidx.navigation:navigation-common-ktx:2.7.7) with AarToClassTransform
Transforming navigation-common-ktx-2.7.7.aar (androidx.navigation:navigation-common-ktx:2.7.7) with IdentityTransform
Transforming navigation-common-ktx-2.7.7.aar (androidx.navigation:navigation-common-ktx:2.7.7) with CopyTransform
Transforming navigation-runtime-ktx-2.7.7.aar (androidx.navigation:navigation-runtime-ktx:2.7.7) with JetifyTransform
Transforming navigation-runtime-ktx-2.7.7.aar (androidx.navigation:navigation-runtime-ktx:2.7.7) with AarToClassTransform
Transforming navigation-runtime-ktx-2.7.7.aar (androidx.navigation:navigation-runtime-ktx:2.7.7) with IdentityTransform
Transforming navigation-runtime-ktx-2.7.7.aar (androidx.navigation:navigation-runtime-ktx:2.7.7) with CopyTransform
Transforming navigation-compose-2.7.7.aar (androidx.navigation:navigation-compose:2.7.7) with JetifyTransform
Transforming navigation-compose-2.7.7.aar (androidx.navigation:navigation-compose:2.7.7) with AarToClassTransform
Transforming navigation-compose-2.7.7.aar (androidx.navigation:navigation-compose:2.7.7) with IdentityTransform
Transforming navigation-compose-2.7.7.aar (androidx.navigation:navigation-compose:2.7.7) with CopyTransform
Transforming hilt-android-2.48.aar (com.google.dagger:hilt-android:2.48) with JetifyTransform
Transforming hilt-android-2.48.aar (com.google.dagger:hilt-android:2.48) with AarToClassTransform
Transforming hilt-android-2.48.aar (com.google.dagger:hilt-android:2.48) with IdentityTransform
Transforming hilt-android-2.48.aar (com.google.dagger:hilt-android:2.48) with CopyTransform
Transforming datastore-preferences-1.0.0.aar (androidx.datastore:datastore-preferences:1.0.0) with JetifyTransform
Transforming datastore-preferences-1.0.0.aar (androidx.datastore:datastore-preferences:1.0.0) with AarToClassTransform
Transforming datastore-preferences-1.0.0.aar (androidx.datastore:datastore-preferences:1.0.0) with IdentityTransform
Transforming datastore-preferences-1.0.0.aar (androidx.datastore:datastore-preferences:1.0.0) with CopyTransform
Transforming fragment-1.5.1.aar (androidx.fragment:fragment:1.5.1) with JetifyTransform
Transforming fragment-1.5.1.aar (androidx.fragment:fragment:1.5.1) with AarToClassTransform
Transforming fragment-1.5.1.aar (androidx.fragment:fragment:1.5.1) with IdentityTransform
Transforming fragment-1.5.1.aar (androidx.fragment:fragment:1.5.1) with CopyTransform
Transforming activity-ktx-1.8.1.aar (androidx.activity:activity-ktx:1.8.1) with JetifyTransform
Transforming activity-ktx-1.8.1.aar (androidx.activity:activity-ktx:1.8.1) with AarToClassTransform
Transforming activity-ktx-1.8.1.aar (androidx.activity:activity-ktx:1.8.1) with IdentityTransform
Transforming activity-ktx-1.8.1.aar (androidx.activity:activity-ktx:1.8.1) with CopyTransform
Transforming activity-1.8.1.aar (androidx.activity:activity:1.8.1) with JetifyTransform
Transforming activity-1.8.1.aar (androidx.activity:activity:1.8.1) with AarToClassTransform
Transforming activity-1.8.1.aar (androidx.activity:activity:1.8.1) with IdentityTransform
Transforming activity-1.8.1.aar (androidx.activity:activity:1.8.1) with CopyTransform
Transforming material3-release.aar (androidx.compose.material3:material3-android:1.2.1) with JetifyTransform
Transforming material3-release.aar (androidx.compose.material3:material3-android:1.2.1) with AarToClassTransform
Transforming material3-release.aar (androidx.compose.material3:material3-android:1.2.1) with IdentityTransform
Transforming material3-release.aar (androidx.compose.material3:material3-android:1.2.1) with CopyTransform
Transforming material-release.aar (androidx.compose.material:material-android:1.6.4) with JetifyTransform
Transforming material-release.aar (androidx.compose.material:material-android:1.6.4) with AarToClassTransform
Transforming material-release.aar (androidx.compose.material:material-android:1.6.4) with IdentityTransform
Transforming material-release.aar (androidx.compose.material:material-android:1.6.4) with CopyTransform
Transforming material-icons-core-release.aar (androidx.compose.material:material-icons-core-android:1.6.4) with JetifyTransform
Transforming material-icons-core-release.aar (androidx.compose.material:material-icons-core-android:1.6.4) with AarToClassTransform
Transforming material-icons-core-release.aar (androidx.compose.material:material-icons-core-android:1.6.4) with IdentityTransform
Transforming material-icons-core-release.aar (androidx.compose.material:material-icons-core-android:1.6.4) with CopyTransform
Transforming material-icons-extended-release.aar (androidx.compose.material:material-icons-extended-android:1.6.4) with JetifyTransform
Transforming material-icons-extended-release.aar (androidx.compose.material:material-icons-extended-android:1.6.4) with AarToClassTransform
Transforming material-icons-extended-release.aar (androidx.compose.material:material-icons-extended-android:1.6.4) with IdentityTransform
Transforming material-icons-extended-release.aar (androidx.compose.material:material-icons-extended-android:1.6.4) with CopyTransform
Transforming material-ripple-release.aar (androidx.compose.material:material-ripple-android:1.6.4) with JetifyTransform
Transforming material-ripple-release.aar (androidx.compose.material:material-ripple-android:1.6.4) with AarToClassTransform
Transforming material-ripple-release.aar (androidx.compose.material:material-ripple-android:1.6.4) with IdentityTransform
Transforming material-ripple-release.aar (androidx.compose.material:material-ripple-android:1.6.4) with CopyTransform
Transforming ui-tooling-data-release.aar (androidx.compose.ui:ui-tooling-data-android:1.6.5) with JetifyTransform
Transforming ui-tooling-data-release.aar (androidx.compose.ui:ui-tooling-data-android:1.6.5) with AarToClassTransform
Transforming ui-tooling-data-release.aar (androidx.compose.ui:ui-tooling-data-android:1.6.5) with IdentityTransform
Transforming ui-tooling-data-release.aar (androidx.compose.ui:ui-tooling-data-android:1.6.5) with CopyTransform
Transforming foundation-layout-release.aar (androidx.compose.foundation:foundation-layout-android:1.6.5) with JetifyTransform
Transforming foundation-layout-release.aar (androidx.compose.foundation:foundation-layout-android:1.6.5) with AarToClassTransform
Transforming foundation-layout-release.aar (androidx.compose.foundation:foundation-layout-android:1.6.5) with IdentityTransform
Transforming foundation-layout-release.aar (androidx.compose.foundation:foundation-layout-android:1.6.5) with CopyTransform
Transforming foundation-release.aar (androidx.compose.foundation:foundation-android:1.6.5) with JetifyTransform
Transforming foundation-release.aar (androidx.compose.foundation:foundation-android:1.6.5) with AarToClassTransform
Transforming foundation-release.aar (androidx.compose.foundation:foundation-android:1.6.5) with IdentityTransform
Transforming foundation-release.aar (androidx.compose.foundation:foundation-android:1.6.5) with CopyTransform
Transforming animation-release.aar (androidx.compose.animation:animation-android:1.6.5) with JetifyTransform
Transforming animation-release.aar (androidx.compose.animation:animation-android:1.6.5) with AarToClassTransform
Transforming animation-release.aar (androidx.compose.animation:animation-android:1.6.5) with IdentityTransform
Transforming animation-release.aar (androidx.compose.animation:animation-android:1.6.5) with CopyTransform
Transforming animation-core-release.aar (androidx.compose.animation:animation-core-android:1.6.5) with JetifyTransform
Transforming animation-core-release.aar (androidx.compose.animation:animation-core-android:1.6.5) with AarToClassTransform
Transforming animation-core-release.aar (androidx.compose.animation:animation-core-android:1.6.5) with IdentityTransform
Transforming animation-core-release.aar (androidx.compose.animation:animation-core-android:1.6.5) with CopyTransform
Transforming ui-unit-release.aar (androidx.compose.ui:ui-unit-android:1.6.5) with JetifyTransform
Transforming ui-unit-release.aar (androidx.compose.ui:ui-unit-android:1.6.5) with AarToClassTransform
Transforming ui-unit-release.aar (androidx.compose.ui:ui-unit-android:1.6.5) with IdentityTransform
Transforming ui-unit-release.aar (androidx.compose.ui:ui-unit-android:1.6.5) with CopyTransform
Transforming ui-geometry-release.aar (androidx.compose.ui:ui-geometry-android:1.6.5) with JetifyTransform
Transforming ui-geometry-release.aar (androidx.compose.ui:ui-geometry-android:1.6.5) with AarToClassTransform
Transforming ui-geometry-release.aar (androidx.compose.ui:ui-geometry-android:1.6.5) with IdentityTransform
Transforming ui-geometry-release.aar (androidx.compose.ui:ui-geometry-android:1.6.5) with CopyTransform
Transforming ui-util-release.aar (androidx.compose.ui:ui-util-android:1.6.5) with JetifyTransform
Transforming ui-util-release.aar (androidx.compose.ui:ui-util-android:1.6.5) with AarToClassTransform
Transforming ui-util-release.aar (androidx.compose.ui:ui-util-android:1.6.5) with IdentityTransform
Transforming ui-util-release.aar (androidx.compose.ui:ui-util-android:1.6.5) with CopyTransform
Transforming ui-text-release.aar (androidx.compose.ui:ui-text-android:1.6.5) with JetifyTransform
Transforming ui-text-release.aar (androidx.compose.ui:ui-text-android:1.6.5) with AarToClassTransform
Transforming ui-text-release.aar (androidx.compose.ui:ui-text-android:1.6.5) with IdentityTransform
Transforming ui-text-release.aar (androidx.compose.ui:ui-text-android:1.6.5) with CopyTransform
Transforming ui-tooling-preview-release.aar (androidx.compose.ui:ui-tooling-preview-android:1.6.5) with JetifyTransform
Transforming ui-tooling-preview-release.aar (androidx.compose.ui:ui-tooling-preview-android:1.6.5) with AarToClassTransform
Transforming ui-tooling-preview-release.aar (androidx.compose.ui:ui-tooling-preview-android:1.6.5) with IdentityTransform
Transforming ui-tooling-preview-release.aar (androidx.compose.ui:ui-tooling-preview-android:1.6.5) with CopyTransform
Transforming ui-graphics-release.aar (androidx.compose.ui:ui-graphics-android:1.6.5) with JetifyTransform
Transforming ui-graphics-release.aar (androidx.compose.ui:ui-graphics-android:1.6.5) with AarToClassTransform
Transforming ui-graphics-release.aar (androidx.compose.ui:ui-graphics-android:1.6.5) with IdentityTransform
Transforming ui-graphics-release.aar (androidx.compose.ui:ui-graphics-android:1.6.5) with CopyTransform
Transforming ui-tooling-release.aar (androidx.compose.ui:ui-tooling-android:1.6.5) with JetifyTransform
Transforming ui-tooling-release.aar (androidx.compose.ui:ui-tooling-android:1.6.5) with AarToClassTransform
Transforming ui-tooling-release.aar (androidx.compose.ui:ui-tooling-android:1.6.5) with IdentityTransform
Transforming ui-tooling-release.aar (androidx.compose.ui:ui-tooling-android:1.6.5) with CopyTransform
Transforming activity-compose-1.8.1.aar (androidx.activity:activity-compose:1.8.1) with JetifyTransform
Transforming activity-compose-1.8.1.aar (androidx.activity:activity-compose:1.8.1) with AarToClassTransform
Transforming activity-compose-1.8.1.aar (androidx.activity:activity-compose:1.8.1) with IdentityTransform
Transforming activity-compose-1.8.1.aar (androidx.activity:activity-compose:1.8.1) with CopyTransform
Transforming customview-poolingcontainer-1.0.0.aar (androidx.customview:customview-poolingcontainer:1.0.0) with JetifyTransform
Transforming customview-poolingcontainer-1.0.0.aar (androidx.customview:customview-poolingcontainer:1.0.0) with AarToClassTransform
Transforming customview-poolingcontainer-1.0.0.aar (androidx.customview:customview-poolingcontainer:1.0.0) with IdentityTransform
Transforming customview-poolingcontainer-1.0.0.aar (androidx.customview:customview-poolingcontainer:1.0.0) with CopyTransform
Transforming core-ktx-1.12.0.aar (androidx.core:core-ktx:1.12.0) with JetifyTransform
Transforming core-ktx-1.12.0.aar (androidx.core:core-ktx:1.12.0) with AarToClassTransform
Transforming core-ktx-1.12.0.aar (androidx.core:core-ktx:1.12.0) with IdentityTransform
Transforming core-ktx-1.12.0.aar (androidx.core:core-ktx:1.12.0) with CopyTransform
Transforming loader-1.0.0.aar (androidx.loader:loader:1.0.0) with JetifyTransform
Transforming loader-1.0.0.aar (androidx.loader:loader:1.0.0) with AarToClassTransform
Transforming loader-1.0.0.aar (androidx.loader:loader:1.0.0) with IdentityTransform
Transforming loader-1.0.0.aar (androidx.loader:loader:1.0.0) with CopyTransform
Transforming viewpager-1.0.0.aar (androidx.viewpager:viewpager:1.0.0) with JetifyTransform
Transforming viewpager-1.0.0.aar (androidx.viewpager:viewpager:1.0.0) with AarToClassTransform
Transforming viewpager-1.0.0.aar (androidx.viewpager:viewpager:1.0.0) with IdentityTransform
Transforming viewpager-1.0.0.aar (androidx.viewpager:viewpager:1.0.0) with CopyTransform
Transforming customview-1.0.0.aar (androidx.customview:customview:1.0.0) with JetifyTransform
Transforming customview-1.0.0.aar (androidx.customview:customview:1.0.0) with AarToClassTransform
Transforming customview-1.0.0.aar (androidx.customview:customview:1.0.0) with IdentityTransform
Transforming customview-1.0.0.aar (androidx.customview:customview:1.0.0) with CopyTransform
Transforming autofill-1.0.0.aar (androidx.autofill:autofill:1.0.0) with JetifyTransform
Transforming autofill-1.0.0.aar (androidx.autofill:autofill:1.0.0) with AarToClassTransform
Transforming autofill-1.0.0.aar (androidx.autofill:autofill:1.0.0) with IdentityTransform
Transforming autofill-1.0.0.aar (androidx.autofill:autofill:1.0.0) with CopyTransform
Transforming emoji2-1.3.0.aar (androidx.emoji2:emoji2:1.3.0) with JetifyTransform
Transforming emoji2-1.3.0.aar (androidx.emoji2:emoji2:1.3.0) with AarToClassTransform
Transforming emoji2-1.3.0.aar (androidx.emoji2:emoji2:1.3.0) with IdentityTransform
Transforming emoji2-1.3.0.aar (androidx.emoji2:emoji2:1.3.0) with CopyTransform
Transforming core-1.12.0.aar (androidx.core:core:1.12.0) with JetifyTransform
Transforming core-1.12.0.aar (androidx.core:core:1.12.0) with AarToClassTransform
Transforming core-1.12.0.aar (androidx.core:core:1.12.0) with IdentityTransform
Transforming core-1.12.0.aar (androidx.core:core:1.12.0) with CopyTransform
Transforming core-1.12.0.aar (androidx.core:core:1.12.0) with JetifyTransform
Transforming core-1.12.0.aar (androidx.core:core:1.12.0) with AarToClassTransform
Transforming core-1.12.0.aar (androidx.core:core:1.12.0) with IdentityTransform
Transforming core-1.12.0.aar (androidx.core:core:1.12.0) with CopyTransform
Transforming lifecycle-process-2.7.0.aar (androidx.lifecycle:lifecycle-process:2.7.0) with JetifyTransform
Transforming lifecycle-process-2.7.0.aar (androidx.lifecycle:lifecycle-process:2.7.0) with AarToClassTransform
Transforming lifecycle-process-2.7.0.aar (androidx.lifecycle:lifecycle-process:2.7.0) with IdentityTransform
Transforming lifecycle-process-2.7.0.aar (androidx.lifecycle:lifecycle-process:2.7.0) with CopyTransform
Transforming lifecycle-livedata-core-ktx-2.7.0.aar (androidx.lifecycle:lifecycle-livedata-core-ktx:2.7.0) with JetifyTransform
Transforming lifecycle-livedata-core-ktx-2.7.0.aar (androidx.lifecycle:lifecycle-livedata-core-ktx:2.7.0) with AarToClassTransform
Transforming lifecycle-livedata-core-ktx-2.7.0.aar (androidx.lifecycle:lifecycle-livedata-core-ktx:2.7.0) with IdentityTransform
Transforming lifecycle-livedata-core-ktx-2.7.0.aar (androidx.lifecycle:lifecycle-livedata-core-ktx:2.7.0) with CopyTransform
Transforming lifecycle-livedata-2.7.0.aar (androidx.lifecycle:lifecycle-livedata:2.7.0) with JetifyTransform
Transforming lifecycle-livedata-2.7.0.aar (androidx.lifecycle:lifecycle-livedata:2.7.0) with AarToClassTransform
Transforming lifecycle-livedata-2.7.0.aar (androidx.lifecycle:lifecycle-livedata:2.7.0) with IdentityTransform
Transforming lifecycle-livedata-2.7.0.aar (androidx.lifecycle:lifecycle-livedata:2.7.0) with CopyTransform
Transforming lifecycle-viewmodel-ktx-2.7.0.aar (androidx.lifecycle:lifecycle-viewmodel-ktx:2.7.0) with JetifyTransform
Transforming lifecycle-viewmodel-ktx-2.7.0.aar (androidx.lifecycle:lifecycle-viewmodel-ktx:2.7.0) with AarToClassTransform
Transforming lifecycle-viewmodel-ktx-2.7.0.aar (androidx.lifecycle:lifecycle-viewmodel-ktx:2.7.0) with IdentityTransform
Transforming lifecycle-viewmodel-ktx-2.7.0.aar (androidx.lifecycle:lifecycle-viewmodel-ktx:2.7.0) with CopyTransform
Transforming lifecycle-common-java8-2.7.0.jar (androidx.lifecycle:lifecycle-common-java8:2.7.0) with JetifyTransform
Transforming lifecycle-common-java8-2.7.0.jar (androidx.lifecycle:lifecycle-common-java8:2.7.0) with IdentityTransform
Transforming lifecycle-common-java8-2.7.0.jar (androidx.lifecycle:lifecycle-common-java8:2.7.0) with IdentityTransform
Transforming lifecycle-common-java8-2.7.0.jar (androidx.lifecycle:lifecycle-common-java8:2.7.0) with CopyTransform
Transforming lifecycle-livedata-core-2.7.0.aar (androidx.lifecycle:lifecycle-livedata-core:2.7.0) with JetifyTransform
Transforming lifecycle-livedata-core-2.7.0.aar (androidx.lifecycle:lifecycle-livedata-core:2.7.0) with AarToClassTransform
Transforming lifecycle-livedata-core-2.7.0.aar (androidx.lifecycle:lifecycle-livedata-core:2.7.0) with IdentityTransform
Transforming lifecycle-livedata-core-2.7.0.aar (androidx.lifecycle:lifecycle-livedata-core:2.7.0) with CopyTransform
Transforming lifecycle-runtime-2.7.0.aar (androidx.lifecycle:lifecycle-runtime:2.7.0) with JetifyTransform
Transforming lifecycle-runtime-2.7.0.aar (androidx.lifecycle:lifecycle-runtime:2.7.0) with AarToClassTransform
Transforming lifecycle-runtime-2.7.0.aar (androidx.lifecycle:lifecycle-runtime:2.7.0) with IdentityTransform
Transforming lifecycle-runtime-2.7.0.aar (androidx.lifecycle:lifecycle-runtime:2.7.0) with CopyTransform
Transforming lifecycle-viewmodel-savedstate-2.7.0.aar (androidx.lifecycle:lifecycle-viewmodel-savedstate:2.7.0) with JetifyTransform
Transforming lifecycle-viewmodel-savedstate-2.7.0.aar (androidx.lifecycle:lifecycle-viewmodel-savedstate:2.7.0) with AarToClassTransform
Transforming lifecycle-viewmodel-savedstate-2.7.0.aar (androidx.lifecycle:lifecycle-viewmodel-savedstate:2.7.0) with IdentityTransform
Transforming lifecycle-viewmodel-savedstate-2.7.0.aar (androidx.lifecycle:lifecycle-viewmodel-savedstate:2.7.0) with CopyTransform
Transforming lifecycle-viewmodel-2.7.0.aar (androidx.lifecycle:lifecycle-viewmodel:2.7.0) with JetifyTransform
Transforming lifecycle-viewmodel-2.7.0.aar (androidx.lifecycle:lifecycle-viewmodel:2.7.0) with AarToClassTransform
Transforming lifecycle-viewmodel-2.7.0.aar (androidx.lifecycle:lifecycle-viewmodel:2.7.0) with IdentityTransform
Transforming lifecycle-viewmodel-2.7.0.aar (androidx.lifecycle:lifecycle-viewmodel:2.7.0) with CopyTransform
Transforming lifecycle-viewmodel-2.7.0.aar (androidx.lifecycle:lifecycle-viewmodel:2.7.0) with JetifyTransform
Transforming lifecycle-viewmodel-2.7.0.aar (androidx.lifecycle:lifecycle-viewmodel:2.7.0) with AarToClassTransform
Transforming lifecycle-viewmodel-2.7.0.aar (androidx.lifecycle:lifecycle-viewmodel:2.7.0) with IdentityTransform
Transforming lifecycle-viewmodel-2.7.0.aar (androidx.lifecycle:lifecycle-viewmodel:2.7.0) with CopyTransform
Transforming savedstate-ktx-1.2.1.aar (androidx.savedstate:savedstate-ktx:1.2.1) with JetifyTransform
Transforming savedstate-ktx-1.2.1.aar (androidx.savedstate:savedstate-ktx:1.2.1) with AarToClassTransform
Transforming savedstate-ktx-1.2.1.aar (androidx.savedstate:savedstate-ktx:1.2.1) with IdentityTransform
Transforming savedstate-ktx-1.2.1.aar (androidx.savedstate:savedstate-ktx:1.2.1) with CopyTransform
Transforming savedstate-1.2.1.aar (androidx.savedstate:savedstate:1.2.1) with JetifyTransform
Transforming savedstate-1.2.1.aar (androidx.savedstate:savedstate:1.2.1) with AarToClassTransform
Transforming savedstate-1.2.1.aar (androidx.savedstate:savedstate:1.2.1) with IdentityTransform
Transforming savedstate-1.2.1.aar (androidx.savedstate:savedstate:1.2.1) with CopyTransform
Transforming lifecycle-common-2.7.0.jar (androidx.lifecycle:lifecycle-common:2.7.0) with JetifyTransform
Transforming lifecycle-common-2.7.0.jar (androidx.lifecycle:lifecycle-common:2.7.0) with IdentityTransform
Transforming lifecycle-common-2.7.0.jar (androidx.lifecycle:lifecycle-common:2.7.0) with IdentityTransform
Transforming lifecycle-common-2.7.0.jar (androidx.lifecycle:lifecycle-common:2.7.0) with CopyTransform
Transforming lifecycle-runtime-ktx-2.7.0.aar (androidx.lifecycle:lifecycle-runtime-ktx:2.7.0) with JetifyTransform
Transforming lifecycle-runtime-ktx-2.7.0.aar (androidx.lifecycle:lifecycle-runtime-ktx:2.7.0) with AarToClassTransform
Transforming lifecycle-runtime-ktx-2.7.0.aar (androidx.lifecycle:lifecycle-runtime-ktx:2.7.0) with IdentityTransform
Transforming lifecycle-runtime-ktx-2.7.0.aar (androidx.lifecycle:lifecycle-runtime-ktx:2.7.0) with CopyTransform
Transforming lifecycle-viewmodel-compose-2.7.0.aar (androidx.lifecycle:lifecycle-viewmodel-compose:2.7.0) with JetifyTransform
Transforming lifecycle-viewmodel-compose-2.7.0.aar (androidx.lifecycle:lifecycle-viewmodel-compose:2.7.0) with AarToClassTransform
Transforming lifecycle-viewmodel-compose-2.7.0.aar (androidx.lifecycle:lifecycle-viewmodel-compose:2.7.0) with IdentityTransform
Transforming lifecycle-viewmodel-compose-2.7.0.aar (androidx.lifecycle:lifecycle-viewmodel-compose:2.7.0) with CopyTransform
Transforming ui-release.aar (androidx.compose.ui:ui-android:1.6.5) with JetifyTransform
Transforming ui-release.aar (androidx.compose.ui:ui-android:1.6.5) with AarToClassTransform
Transforming ui-release.aar (androidx.compose.ui:ui-android:1.6.5) with IdentityTransform
Transforming ui-release.aar (androidx.compose.ui:ui-android:1.6.5) with CopyTransform
Transforming ui-test-manifest-1.6.5.aar (androidx.compose.ui:ui-test-manifest:1.6.5) with JetifyTransform
Transforming ui-test-manifest-1.6.5.aar (androidx.compose.ui:ui-test-manifest:1.6.5) with AarToClassTransform
Transforming ui-test-manifest-1.6.5.aar (androidx.compose.ui:ui-test-manifest:1.6.5) with IdentityTransform
Transforming ui-test-manifest-1.6.5.aar (androidx.compose.ui:ui-test-manifest:1.6.5) with CopyTransform
Transforming ui-text-google-fonts-1.6.5.aar (androidx.compose.ui:ui-text-google-fonts:1.6.5) with JetifyTransform
Transforming ui-text-google-fonts-1.6.5.aar (androidx.compose.ui:ui-text-google-fonts:1.6.5) with AarToClassTransform
Transforming ui-text-google-fonts-1.6.5.aar (androidx.compose.ui:ui-text-google-fonts:1.6.5) with IdentityTransform
Transforming ui-text-google-fonts-1.6.5.aar (androidx.compose.ui:ui-text-google-fonts:1.6.5) with CopyTransform
Transforming datastore-1.0.0.aar (androidx.datastore:datastore:1.0.0) with JetifyTransform
Transforming datastore-1.0.0.aar (androidx.datastore:datastore:1.0.0) with AarToClassTransform
Transforming datastore-1.0.0.aar (androidx.datastore:datastore:1.0.0) with IdentityTransform
Transforming datastore-1.0.0.aar (androidx.datastore:datastore:1.0.0) with CopyTransform
Transforming datastore-preferences-core-1.0.0.jar (androidx.datastore:datastore-preferences-core:1.0.0) with JetifyTransform
Transforming datastore-preferences-core-1.0.0.jar (androidx.datastore:datastore-preferences-core:1.0.0) with IdentityTransform
Transforming datastore-preferences-core-1.0.0.jar (androidx.datastore:datastore-preferences-core:1.0.0) with IdentityTransform
Transforming datastore-preferences-core-1.0.0.jar (androidx.datastore:datastore-preferences-core:1.0.0) with CopyTransform
Transforming kotlinx-serialization-core-jvm-1.6.3.jar (org.jetbrains.kotlinx:kotlinx-serialization-core-jvm:1.6.3) with JetifyTransform
Transforming kotlinx-serialization-core-jvm-1.6.3.jar (org.jetbrains.kotlinx:kotlinx-serialization-core-jvm:1.6.3) with IdentityTransform
Transforming kotlinx-serialization-core-jvm-1.6.3.jar (org.jetbrains.kotlinx:kotlinx-serialization-core-jvm:1.6.3) with IdentityTransform
Transforming kotlinx-serialization-core-jvm-1.6.3.jar (org.jetbrains.kotlinx:kotlinx-serialization-core-jvm:1.6.3) with CopyTransform
Transforming kotlinx-serialization-json-jvm-1.6.3.jar (org.jetbrains.kotlinx:kotlinx-serialization-json-jvm:1.6.3) with JetifyTransform
Transforming kotlinx-serialization-json-jvm-1.6.3.jar (org.jetbrains.kotlinx:kotlinx-serialization-json-jvm:1.6.3) with IdentityTransform
Transforming kotlinx-serialization-json-jvm-1.6.3.jar (org.jetbrains.kotlinx:kotlinx-serialization-json-jvm:1.6.3) with IdentityTransform
Transforming kotlinx-serialization-json-jvm-1.6.3.jar (org.jetbrains.kotlinx:kotlinx-serialization-json-jvm:1.6.3) with CopyTransform
Transforming datastore-core-1.0.0.jar (androidx.datastore:datastore-core:1.0.0) with JetifyTransform
Transforming datastore-core-1.0.0.jar (androidx.datastore:datastore-core:1.0.0) with IdentityTransform
Transforming datastore-core-1.0.0.jar (androidx.datastore:datastore-core:1.0.0) with IdentityTransform
Transforming datastore-core-1.0.0.jar (androidx.datastore:datastore-core:1.0.0) with CopyTransform
Transforming runtime-saveable-release.aar (androidx.compose.runtime:runtime-saveable-android:1.6.5) with JetifyTransform
Transforming runtime-saveable-release.aar (androidx.compose.runtime:runtime-saveable-android:1.6.5) with AarToClassTransform
Transforming runtime-saveable-release.aar (androidx.compose.runtime:runtime-saveable-android:1.6.5) with IdentityTransform
Transforming runtime-saveable-release.aar (androidx.compose.runtime:runtime-saveable-android:1.6.5) with CopyTransform
Transforming runtime-release.aar (androidx.compose.runtime:runtime-android:1.6.5) with JetifyTransform
Transforming runtime-release.aar (androidx.compose.runtime:runtime-android:1.6.5) with AarToClassTransform
Transforming runtime-release.aar (androidx.compose.runtime:runtime-android:1.6.5) with IdentityTransform
Transforming runtime-release.aar (androidx.compose.runtime:runtime-android:1.6.5) with CopyTransform
Transforming kotlinx-coroutines-core-jvm-1.7.3.jar (org.jetbrains.kotlinx:kotlinx-coroutines-core-jvm:1.7.3) with JetifyTransform
Transforming kotlinx-coroutines-core-jvm-1.7.3.jar (org.jetbrains.kotlinx:kotlinx-coroutines-core-jvm:1.7.3) with IdentityTransform
Transforming kotlinx-coroutines-core-jvm-1.7.3.jar (org.jetbrains.kotlinx:kotlinx-coroutines-core-jvm:1.7.3) with IdentityTransform
Transforming kotlinx-coroutines-core-jvm-1.7.3.jar (org.jetbrains.kotlinx:kotlinx-coroutines-core-jvm:1.7.3) with CopyTransform
Transforming kotlinx-coroutines-android-1.7.3.jar (org.jetbrains.kotlinx:kotlinx-coroutines-android:1.7.3) with JetifyTransform
Transforming kotlinx-coroutines-android-1.7.3.jar (org.jetbrains.kotlinx:kotlinx-coroutines-android:1.7.3) with IdentityTransform
Transforming kotlinx-coroutines-android-1.7.3.jar (org.jetbrains.kotlinx:kotlinx-coroutines-android:1.7.3) with IdentityTransform
Transforming kotlinx-coroutines-android-1.7.3.jar (org.jetbrains.kotlinx:kotlinx-coroutines-android:1.7.3) with CopyTransform
Transforming kotlin-stdlib-jdk8-1.8.20.jar (org.jetbrains.kotlin:kotlin-stdlib-jdk8:1.8.20) with JetifyTransform
Transforming kotlin-stdlib-jdk8-1.8.20.jar (org.jetbrains.kotlin:kotlin-stdlib-jdk8:1.8.20) with IdentityTransform
Transforming kotlin-stdlib-jdk8-1.8.20.jar (org.jetbrains.kotlin:kotlin-stdlib-jdk8:1.8.20) with IdentityTransform
Transforming kotlin-stdlib-jdk8-1.8.20.jar (org.jetbrains.kotlin:kotlin-stdlib-jdk8:1.8.20) with CopyTransform
Transforming annotation-experimental-1.4.0.aar (androidx.annotation:annotation-experimental:1.4.0) with JetifyTransform
Transforming annotation-experimental-1.4.0.aar (androidx.annotation:annotation-experimental:1.4.0) with AarToClassTransform
Transforming annotation-experimental-1.4.0.aar (androidx.annotation:annotation-experimental:1.4.0) with IdentityTransform
Transforming annotation-experimental-1.4.0.aar (androidx.annotation:annotation-experimental:1.4.0) with CopyTransform
Transforming kotlin-stdlib-jdk7-1.8.20.jar (org.jetbrains.kotlin:kotlin-stdlib-jdk7:1.8.20) with JetifyTransform
Transforming kotlin-stdlib-jdk7-1.8.20.jar (org.jetbrains.kotlin:kotlin-stdlib-jdk7:1.8.20) with IdentityTransform
Transforming kotlin-stdlib-jdk7-1.8.20.jar (org.jetbrains.kotlin:kotlin-stdlib-jdk7:1.8.20) with IdentityTransform
Transforming kotlin-stdlib-jdk7-1.8.20.jar (org.jetbrains.kotlin:kotlin-stdlib-jdk7:1.8.20) with CopyTransform
Transforming versionedparcelable-1.1.1.aar (androidx.versionedparcelable:versionedparcelable:1.1.1) with JetifyTransform
Transforming versionedparcelable-1.1.1.aar (androidx.versionedparcelable:versionedparcelable:1.1.1) with AarToClassTransform
Transforming versionedparcelable-1.1.1.aar (androidx.versionedparcelable:versionedparcelable:1.1.1) with IdentityTransform
Transforming versionedparcelable-1.1.1.aar (androidx.versionedparcelable:versionedparcelable:1.1.1) with CopyTransform
Transforming collection-ktx-1.4.0.jar (androidx.collection:collection-ktx:1.4.0) with JetifyTransform
Transforming collection-ktx-1.4.0.jar (androidx.collection:collection-ktx:1.4.0) with IdentityTransform
Transforming collection-ktx-1.4.0.jar (androidx.collection:collection-ktx:1.4.0) with IdentityTransform
Transforming collection-ktx-1.4.0.jar (androidx.collection:collection-ktx:1.4.0) with CopyTransform
Transforming collection-jvm-1.4.0.jar (androidx.collection:collection-jvm:1.4.0) with JetifyTransform
Transforming collection-jvm-1.4.0.jar (androidx.collection:collection-jvm:1.4.0) with IdentityTransform
Transforming collection-jvm-1.4.0.jar (androidx.collection:collection-jvm:1.4.0) with IdentityTransform
Transforming collection-jvm-1.4.0.jar (androidx.collection:collection-jvm:1.4.0) with CopyTransform
Transforming interpolator-1.0.0.aar (androidx.interpolator:interpolator:1.0.0) with JetifyTransform
Transforming interpolator-1.0.0.aar (androidx.interpolator:interpolator:1.0.0) with AarToClassTransform
Transforming interpolator-1.0.0.aar (androidx.interpolator:interpolator:1.0.0) with IdentityTransform
Transforming interpolator-1.0.0.aar (androidx.interpolator:interpolator:1.0.0) with CopyTransform
Transforming core-runtime-2.2.0.aar (androidx.arch.core:core-runtime:2.2.0) with JetifyTransform
Transforming core-runtime-2.2.0.aar (androidx.arch.core:core-runtime:2.2.0) with AarToClassTransform
Transforming core-runtime-2.2.0.aar (androidx.arch.core:core-runtime:2.2.0) with IdentityTransform
Transforming core-runtime-2.2.0.aar (androidx.arch.core:core-runtime:2.2.0) with CopyTransform
Transforming core-common-2.2.0.jar (androidx.arch.core:core-common:2.2.0) with JetifyTransform
Transforming core-common-2.2.0.jar (androidx.arch.core:core-common:2.2.0) with IdentityTransform
Transforming core-common-2.2.0.jar (androidx.arch.core:core-common:2.2.0) with IdentityTransform
Transforming core-common-2.2.0.jar (androidx.arch.core:core-common:2.2.0) with CopyTransform
Transforming profileinstaller-1.3.0.aar (androidx.profileinstaller:profileinstaller:1.3.0) with JetifyTransform
Transforming profileinstaller-1.3.0.aar (androidx.profileinstaller:profileinstaller:1.3.0) with AarToClassTransform
Transforming profileinstaller-1.3.0.aar (androidx.profileinstaller:profileinstaller:1.3.0) with IdentityTransform
Transforming profileinstaller-1.3.0.aar (androidx.profileinstaller:profileinstaller:1.3.0) with CopyTransform
Transforming startup-runtime-1.1.1.aar (androidx.startup:startup-runtime:1.1.1) with JetifyTransform
Transforming startup-runtime-1.1.1.aar (androidx.startup:startup-runtime:1.1.1) with AarToClassTransform
Transforming startup-runtime-1.1.1.aar (androidx.startup:startup-runtime:1.1.1) with IdentityTransform
Transforming startup-runtime-1.1.1.aar (androidx.startup:startup-runtime:1.1.1) with CopyTransform
Transforming tracing-1.0.0.aar (androidx.tracing:tracing:1.0.0) with JetifyTransform
Transforming tracing-1.0.0.aar (androidx.tracing:tracing:1.0.0) with AarToClassTransform
Transforming tracing-1.0.0.aar (androidx.tracing:tracing:1.0.0) with IdentityTransform
Transforming tracing-1.0.0.aar (androidx.tracing:tracing:1.0.0) with CopyTransform
Transforming concurrent-futures-1.1.0.jar (androidx.concurrent:concurrent-futures:1.1.0) with JetifyTransform
Transforming concurrent-futures-1.1.0.jar (androidx.concurrent:concurrent-futures:1.1.0) with IdentityTransform
Transforming concurrent-futures-1.1.0.jar (androidx.concurrent:concurrent-futures:1.1.0) with IdentityTransform
Transforming concurrent-futures-1.1.0.jar (androidx.concurrent:concurrent-futures:1.1.0) with CopyTransform
Transforming annotation-jvm-1.7.0.jar (androidx.annotation:annotation-jvm:1.7.0) with JetifyTransform
Transforming annotation-jvm-1.7.0.jar (androidx.annotation:annotation-jvm:1.7.0) with IdentityTransform
Transforming annotation-jvm-1.7.0.jar (androidx.annotation:annotation-jvm:1.7.0) with IdentityTransform
Transforming annotation-jvm-1.7.0.jar (androidx.annotation:annotation-jvm:1.7.0) with CopyTransform
Transforming kotlin-stdlib-1.9.23.jar (org.jetbrains.kotlin:kotlin-stdlib:1.9.23) with JetifyTransform
Transforming kotlin-stdlib-1.9.23.jar (org.jetbrains.kotlin:kotlin-stdlib:1.9.23) with IdentityTransform
Transforming kotlin-stdlib-1.9.23.jar (org.jetbrains.kotlin:kotlin-stdlib:1.9.23) with IdentityTransform
Transforming kotlin-stdlib-1.9.23.jar (org.jetbrains.kotlin:kotlin-stdlib:1.9.23) with CopyTransform
Transforming tensorflow-lite-support-0.4.4.aar (org.tensorflow:tensorflow-lite-support:0.4.4) with JetifyTransform
Transforming tensorflow-lite-support-0.4.4.aar (org.tensorflow:tensorflow-lite-support:0.4.4) with AarToClassTransform
Transforming tensorflow-lite-support-0.4.4.aar (org.tensorflow:tensorflow-lite-support:0.4.4) with IdentityTransform
Transforming tensorflow-lite-support-0.4.4.aar (org.tensorflow:tensorflow-lite-support:0.4.4) with CopyTransform
Transforming tensorflow-lite-2.14.0.aar (org.tensorflow:tensorflow-lite:2.14.0) with JetifyTransform
Transforming tensorflow-lite-2.14.0.aar (org.tensorflow:tensorflow-lite:2.14.0) with AarToClassTransform
Transforming tensorflow-lite-2.14.0.aar (org.tensorflow:tensorflow-lite:2.14.0) with IdentityTransform
Transforming tensorflow-lite-2.14.0.aar (org.tensorflow:tensorflow-lite:2.14.0) with CopyTransform
Transforming annotations-23.0.0.jar (org.jetbrains:annotations:23.0.0) with JetifyTransform
Transforming annotations-23.0.0.jar (org.jetbrains:annotations:23.0.0) with IdentityTransform
Transforming annotations-23.0.0.jar (org.jetbrains:annotations:23.0.0) with IdentityTransform
Transforming annotations-23.0.0.jar (org.jetbrains:annotations:23.0.0) with CopyTransform
Transforming hilt-core-2.48.jar (com.google.dagger:hilt-core:2.48) with JetifyTransform
Transforming hilt-core-2.48.jar (com.google.dagger:hilt-core:2.48) with IdentityTransform
Transforming hilt-core-2.48.jar (com.google.dagger:hilt-core:2.48) with IdentityTransform
Transforming hilt-core-2.48.jar (com.google.dagger:hilt-core:2.48) with CopyTransform
Transforming dagger-2.48.jar (com.google.dagger:dagger:2.48) with JetifyTransform
Transforming dagger-2.48.jar (com.google.dagger:dagger:2.48) with IdentityTransform
Transforming dagger-2.48.jar (com.google.dagger:dagger:2.48) with IdentityTransform
Transforming dagger-2.48.jar (com.google.dagger:dagger:2.48) with CopyTransform
Transforming dagger-lint-aar-2.48.aar (com.google.dagger:dagger-lint-aar:2.48) with JetifyTransform
Transforming dagger-lint-aar-2.48.aar (com.google.dagger:dagger-lint-aar:2.48) with AarToClassTransform
Transforming dagger-lint-aar-2.48.aar (com.google.dagger:dagger-lint-aar:2.48) with IdentityTransform
Transforming dagger-lint-aar-2.48.aar (com.google.dagger:dagger-lint-aar:2.48) with CopyTransform
Transforming jsr305-3.0.2.jar (com.google.code.findbugs:jsr305:3.0.2) with JetifyTransform
Transforming jsr305-3.0.2.jar (com.google.code.findbugs:jsr305:3.0.2) with IdentityTransform
Transforming jsr305-3.0.2.jar (com.google.code.findbugs:jsr305:3.0.2) with IdentityTransform
Transforming jsr305-3.0.2.jar (com.google.code.findbugs:jsr305:3.0.2) with CopyTransform
Transforming javax.inject-1.jar (javax.inject:javax.inject:1) with JetifyTransform
Transforming javax.inject-1.jar (javax.inject:javax.inject:1) with IdentityTransform
Transforming javax.inject-1.jar (javax.inject:javax.inject:1) with IdentityTransform
Transforming javax.inject-1.jar (javax.inject:javax.inject:1) with CopyTransform
Transforming tensorflow-lite-support-api-0.4.4.aar (org.tensorflow:tensorflow-lite-support-api:0.4.4) with JetifyTransform
Transforming tensorflow-lite-support-api-0.4.4.aar (org.tensorflow:tensorflow-lite-support-api:0.4.4) with AarToClassTransform
Transforming tensorflow-lite-support-api-0.4.4.aar (org.tensorflow:tensorflow-lite-support-api:0.4.4) with IdentityTransform
Transforming tensorflow-lite-support-api-0.4.4.aar (org.tensorflow:tensorflow-lite-support-api:0.4.4) with CopyTransform
Transforming tensorflow-lite-api-2.14.0.aar (org.tensorflow:tensorflow-lite-api:2.14.0) with JetifyTransform
Transforming tensorflow-lite-api-2.14.0.aar (org.tensorflow:tensorflow-lite-api:2.14.0) with AarToClassTransform
Transforming tensorflow-lite-api-2.14.0.aar (org.tensorflow:tensorflow-lite-api:2.14.0) with IdentityTransform
Transforming tensorflow-lite-api-2.14.0.aar (org.tensorflow:tensorflow-lite-api:2.14.0) with CopyTransform
Transforming checker-qual-2.5.8.jar (org.checkerframework:checker-qual:2.5.8) with JetifyTransform
Transforming checker-qual-2.5.8.jar (org.checkerframework:checker-qual:2.5.8) with IdentityTransform
Transforming checker-qual-2.5.8.jar (org.checkerframework:checker-qual:2.5.8) with IdentityTransform
Transforming checker-qual-2.5.8.jar (org.checkerframework:checker-qual:2.5.8) with CopyTransform
Transforming image-1.0.0-beta1.aar (com.google.android.odml:image:1.0.0-beta1) with JetifyTransform
Transforming image-1.0.0-beta1.aar (com.google.android.odml:image:1.0.0-beta1) with AarToClassTransform
Transforming image-1.0.0-beta1.aar (com.google.android.odml:image:1.0.0-beta1) with IdentityTransform
Transforming image-1.0.0-beta1.aar (com.google.android.odml:image:1.0.0-beta1) with CopyTransform
Transforming listenablefuture-1.0.jar (com.google.guava:listenablefuture:1.0) with JetifyTransform
Transforming listenablefuture-1.0.jar (com.google.guava:listenablefuture:1.0) with IdentityTransform
Transforming listenablefuture-1.0.jar (com.google.guava:listenablefuture:1.0) with IdentityTransform
Transforming listenablefuture-1.0.jar (com.google.guava:listenablefuture:1.0) with CopyTransform
Transforming android.jar with JetifyTransform
Transforming android.jar with IdentityTransform
Transforming android.jar with IdentityTransform
Transforming android.jar with CopyTransform
Transforming core-lambda-stubs.jar with JetifyTransform
Transforming core-lambda-stubs.jar with IdentityTransform
Transforming core-lambda-stubs.jar with IdentityTransform
Transforming core-lambda-stubs.jar with CopyTransform
Transforming R.jar with JetifyTransform
Transforming R.jar with IdentityTransform
Transforming R.jar with IdentityTransform
Transforming R.jar with CopyTransform
Transforming jetified-hilt-navigation-compose-1.1.0-api.jar with JetifyTransform
Transforming jetified-hilt-navigation-compose-1.1.0-api.jar with IdentityTransform
Transforming jetified-hilt-navigation-compose-1.1.0-api.jar with IdentityTransform
Transforming jetified-hilt-navigation-compose-1.1.0-api.jar with CopyTransform
Transforming jetified-hilt-navigation-1.1.0-api.jar with JetifyTransform
Transforming jetified-hilt-navigation-1.1.0-api.jar with IdentityTransform
Transforming jetified-hilt-navigation-1.1.0-api.jar with IdentityTransform
Transforming jetified-hilt-navigation-1.1.0-api.jar with CopyTransform
Transforming jetified-hilt-android-2.48-api.jar with JetifyTransform
Transforming jetified-hilt-android-2.48-api.jar with IdentityTransform
Transforming jetified-hilt-android-2.48-api.jar with IdentityTransform
Transforming jetified-hilt-android-2.48-api.jar with CopyTransform
Transforming jetified-datastore-preferences-1.0.0-api.jar with JetifyTransform
Transforming jetified-datastore-preferences-1.0.0-api.jar with IdentityTransform
Transforming jetified-datastore-preferences-1.0.0-api.jar with IdentityTransform
Transforming jetified-datastore-preferences-1.0.0-api.jar with CopyTransform
Transforming fragment-1.5.1-api.jar with JetifyTransform
Transforming fragment-1.5.1-api.jar with IdentityTransform
Transforming fragment-1.5.1-api.jar with IdentityTransform
Transforming fragment-1.5.1-api.jar with CopyTransform
Transforming navigation-common-2.7.7-api.jar with JetifyTransform
Transforming navigation-common-2.7.7-api.jar with IdentityTransform
Transforming navigation-common-2.7.7-api.jar with IdentityTransform
Transforming navigation-common-2.7.7-api.jar with CopyTransform
Transforming navigation-runtime-2.7.7-api.jar with JetifyTransform
Transforming navigation-runtime-2.7.7-api.jar with IdentityTransform
Transforming navigation-runtime-2.7.7-api.jar with IdentityTransform
Transforming navigation-runtime-2.7.7-api.jar with CopyTransform
Transforming navigation-common-ktx-2.7.7-api.jar with JetifyTransform
Transforming navigation-common-ktx-2.7.7-api.jar with IdentityTransform
Transforming navigation-common-ktx-2.7.7-api.jar with IdentityTransform
Transforming navigation-common-ktx-2.7.7-api.jar with CopyTransform
Transforming navigation-runtime-ktx-2.7.7-api.jar with JetifyTransform
Transforming navigation-runtime-ktx-2.7.7-api.jar with IdentityTransform
Transforming navigation-runtime-ktx-2.7.7-api.jar with IdentityTransform
Transforming navigation-runtime-ktx-2.7.7-api.jar with CopyTransform
Transforming jetified-navigation-compose-2.7.7-api.jar with JetifyTransform
Transforming jetified-navigation-compose-2.7.7-api.jar with IdentityTransform
Transforming jetified-navigation-compose-2.7.7-api.jar with IdentityTransform
Transforming jetified-navigation-compose-2.7.7-api.jar with CopyTransform
Transforming jetified-material3-release-api.jar with JetifyTransform
Transforming jetified-material3-release-api.jar with IdentityTransform
Transforming jetified-material3-release-api.jar with IdentityTransform
Transforming jetified-material3-release-api.jar with CopyTransform
Transforming jetified-foundation-layout-release-api.jar with JetifyTransform
Transforming jetified-foundation-layout-release-api.jar with IdentityTransform
Transforming jetified-foundation-layout-release-api.jar with IdentityTransform
Transforming jetified-foundation-layout-release-api.jar with CopyTransform
Transforming jetified-material-icons-core-release-api.jar with JetifyTransform
Transforming jetified-material-icons-core-release-api.jar with IdentityTransform
Transforming jetified-material-icons-core-release-api.jar with IdentityTransform
Transforming jetified-material-icons-core-release-api.jar with CopyTransform
Transforming jetified-material-icons-extended-release-api.jar with JetifyTransform
Transforming jetified-material-icons-extended-release-api.jar with IdentityTransform
Transforming jetified-material-icons-extended-release-api.jar with IdentityTransform
Transforming jetified-material-icons-extended-release-api.jar with CopyTransform
Transforming jetified-material-ripple-release-api.jar with JetifyTransform
Transforming jetified-material-ripple-release-api.jar with IdentityTransform
Transforming jetified-material-ripple-release-api.jar with IdentityTransform
Transforming jetified-material-ripple-release-api.jar with CopyTransform
Transforming jetified-foundation-release-api.jar with JetifyTransform
Transforming jetified-foundation-release-api.jar with IdentityTransform
Transforming jetified-foundation-release-api.jar with IdentityTransform
Transforming jetified-foundation-release-api.jar with CopyTransform
Transforming jetified-animation-core-release-api.jar with JetifyTransform
Transforming jetified-animation-core-release-api.jar with IdentityTransform
Transforming jetified-animation-core-release-api.jar with IdentityTransform
Transforming jetified-animation-core-release-api.jar with CopyTransform
Transforming jetified-animation-release-api.jar with JetifyTransform
Transforming jetified-animation-release-api.jar with IdentityTransform
Transforming jetified-animation-release-api.jar with IdentityTransform
Transforming jetified-animation-release-api.jar with CopyTransform
Transforming jetified-ui-util-release-api.jar with JetifyTransform
Transforming jetified-ui-util-release-api.jar with IdentityTransform
Transforming jetified-ui-util-release-api.jar with IdentityTransform
Transforming jetified-ui-util-release-api.jar with CopyTransform
Transforming jetified-ui-unit-release-api.jar with JetifyTransform
Transforming jetified-ui-unit-release-api.jar with IdentityTransform
Transforming jetified-ui-unit-release-api.jar with IdentityTransform
Transforming jetified-ui-unit-release-api.jar with CopyTransform
Transforming jetified-ui-text-release-api.jar with JetifyTransform
Transforming jetified-ui-text-release-api.jar with IdentityTransform
Transforming jetified-ui-text-release-api.jar with IdentityTransform
Transforming jetified-ui-text-release-api.jar with CopyTransform
Transforming jetified-ui-geometry-release-api.jar with JetifyTransform
Transforming jetified-ui-geometry-release-api.jar with IdentityTransform
Transforming jetified-ui-geometry-release-api.jar with IdentityTransform
Transforming jetified-ui-geometry-release-api.jar with CopyTransform
Transforming jetified-ui-tooling-data-release-api.jar with JetifyTransform
Transforming jetified-ui-tooling-data-release-api.jar with IdentityTransform
Transforming jetified-ui-tooling-data-release-api.jar with IdentityTransform
Transforming jetified-ui-tooling-data-release-api.jar with CopyTransform
Transforming jetified-ui-tooling-preview-release-api.jar with JetifyTransform
Transforming jetified-ui-tooling-preview-release-api.jar with IdentityTransform
Transforming jetified-ui-tooling-preview-release-api.jar with IdentityTransform
Transforming jetified-ui-tooling-preview-release-api.jar with CopyTransform
Transforming jetified-ui-graphics-release-api.jar with JetifyTransform
Transforming jetified-ui-graphics-release-api.jar with IdentityTransform
Transforming jetified-ui-graphics-release-api.jar with IdentityTransform
Transforming jetified-ui-graphics-release-api.jar with CopyTransform
Transforming jetified-ui-release-api.jar with JetifyTransform
Transforming jetified-ui-release-api.jar with IdentityTransform
Transforming jetified-ui-release-api.jar with IdentityTransform
Transforming jetified-ui-release-api.jar with CopyTransform
Transforming jetified-ui-tooling-release-api.jar with JetifyTransform
Transforming jetified-ui-tooling-release-api.jar with IdentityTransform
Transforming jetified-ui-tooling-release-api.jar with IdentityTransform
Transforming jetified-ui-tooling-release-api.jar with CopyTransform
Transforming jetified-ui-text-google-fonts-1.6.5-api.jar with JetifyTransform
Transforming jetified-ui-text-google-fonts-1.6.5-api.jar with IdentityTransform
Transforming jetified-ui-text-google-fonts-1.6.5-api.jar with IdentityTransform
Transforming jetified-ui-text-google-fonts-1.6.5-api.jar with CopyTransform
Transforming jetified-ui-test-manifest-1.6.5-api.jar with JetifyTransform
Transforming jetified-ui-test-manifest-1.6.5-api.jar with IdentityTransform
Transforming jetified-ui-test-manifest-1.6.5-api.jar with IdentityTransform
Transforming jetified-ui-test-manifest-1.6.5-api.jar with CopyTransform
Transforming jetified-activity-ktx-1.8.1-api.jar with JetifyTransform
Transforming jetified-activity-ktx-1.8.1-api.jar with IdentityTransform
Transforming jetified-activity-ktx-1.8.1-api.jar with IdentityTransform
Transforming jetified-activity-ktx-1.8.1-api.jar with CopyTransform
Transforming jetified-activity-1.8.1-api.jar with JetifyTransform
Transforming jetified-activity-1.8.1-api.jar with IdentityTransform
Transforming jetified-activity-1.8.1-api.jar with IdentityTransform
Transforming jetified-activity-1.8.1-api.jar with CopyTransform
Transforming jetified-activity-compose-1.8.1-api.jar with JetifyTransform
Transforming jetified-activity-compose-1.8.1-api.jar with IdentityTransform
Transforming jetified-activity-compose-1.8.1-api.jar with IdentityTransform
Transforming jetified-activity-compose-1.8.1-api.jar with CopyTransform
Transforming loader-1.0.0-api.jar with JetifyTransform
Transforming loader-1.0.0-api.jar with IdentityTransform
Transforming loader-1.0.0-api.jar with IdentityTransform
Transforming loader-1.0.0-api.jar with CopyTransform
Transforming viewpager-1.0.0-api.jar with JetifyTransform
Transforming viewpager-1.0.0-api.jar with IdentityTransform
Transforming viewpager-1.0.0-api.jar with IdentityTransform
Transforming viewpager-1.0.0-api.jar with CopyTransform
Transforming customview-1.0.0-api.jar with JetifyTransform
Transforming customview-1.0.0-api.jar with IdentityTransform
Transforming customview-1.0.0-api.jar with IdentityTransform
Transforming customview-1.0.0-api.jar with CopyTransform
Transforming core-1.12.0-api.jar with JetifyTransform
Transforming core-1.12.0-api.jar with IdentityTransform
Transforming core-1.12.0-api.jar with IdentityTransform
Transforming core-1.12.0-api.jar with CopyTransform
Transforming jetified-lifecycle-livedata-core-ktx-2.7.0-api.jar with JetifyTransform
Transforming jetified-lifecycle-livedata-core-ktx-2.7.0-api.jar with IdentityTransform
Transforming jetified-lifecycle-livedata-core-ktx-2.7.0-api.jar with IdentityTransform
Transforming jetified-lifecycle-livedata-core-ktx-2.7.0-api.jar with CopyTransform
Transforming lifecycle-livedata-2.7.0-api.jar with JetifyTransform
Transforming lifecycle-livedata-2.7.0-api.jar with IdentityTransform
Transforming lifecycle-livedata-2.7.0-api.jar with IdentityTransform
Transforming lifecycle-livedata-2.7.0-api.jar with CopyTransform
Transforming lifecycle-livedata-core-2.7.0-api.jar with JetifyTransform
Transforming lifecycle-livedata-core-2.7.0-api.jar with IdentityTransform
Transforming lifecycle-livedata-core-2.7.0-api.jar with IdentityTransform
Transforming lifecycle-livedata-core-2.7.0-api.jar with CopyTransform
Transforming jetified-lifecycle-viewmodel-ktx-2.7.0-api.jar with JetifyTransform
Transforming jetified-lifecycle-viewmodel-ktx-2.7.0-api.jar with IdentityTransform
Transforming jetified-lifecycle-viewmodel-ktx-2.7.0-api.jar with IdentityTransform
Transforming jetified-lifecycle-viewmodel-ktx-2.7.0-api.jar with CopyTransform
Transforming lifecycle-common-java8-2.7.0.jar with JetifyTransform
Transforming lifecycle-common-java8-2.7.0.jar with IdentityTransform
Transforming lifecycle-common-java8-2.7.0.jar with IdentityTransform
Transforming lifecycle-common-java8-2.7.0.jar with CopyTransform
Transforming lifecycle-runtime-2.7.0-api.jar with JetifyTransform
Transforming lifecycle-runtime-2.7.0-api.jar with IdentityTransform
Transforming lifecycle-runtime-2.7.0-api.jar with IdentityTransform
Transforming lifecycle-runtime-2.7.0-api.jar with CopyTransform
Transforming lifecycle-viewmodel-2.7.0-api.jar with JetifyTransform
Transforming lifecycle-viewmodel-2.7.0-api.jar with IdentityTransform
Transforming lifecycle-viewmodel-2.7.0-api.jar with IdentityTransform
Transforming lifecycle-viewmodel-2.7.0-api.jar with CopyTransform
Transforming lifecycle-common-2.7.0.jar with JetifyTransform
Transforming lifecycle-common-2.7.0.jar with IdentityTransform
Transforming lifecycle-common-2.7.0.jar with IdentityTransform
Transforming lifecycle-common-2.7.0.jar with CopyTransform
Transforming jetified-lifecycle-viewmodel-compose-2.7.0-api.jar with JetifyTransform
Transforming jetified-lifecycle-viewmodel-compose-2.7.0-api.jar with IdentityTransform
Transforming jetified-lifecycle-viewmodel-compose-2.7.0-api.jar with IdentityTransform
Transforming jetified-lifecycle-viewmodel-compose-2.7.0-api.jar with CopyTransform
Transforming jetified-lifecycle-runtime-ktx-2.7.0-api.jar with JetifyTransform
Transforming jetified-lifecycle-runtime-ktx-2.7.0-api.jar with IdentityTransform
Transforming jetified-lifecycle-runtime-ktx-2.7.0-api.jar with IdentityTransform
Transforming jetified-lifecycle-runtime-ktx-2.7.0-api.jar with CopyTransform
Transforming jetified-lifecycle-viewmodel-savedstate-2.7.0-api.jar with JetifyTransform
Transforming jetified-lifecycle-viewmodel-savedstate-2.7.0-api.jar with IdentityTransform
Transforming jetified-lifecycle-viewmodel-savedstate-2.7.0-api.jar with IdentityTransform
Transforming jetified-lifecycle-viewmodel-savedstate-2.7.0-api.jar with CopyTransform
Transforming jetified-core-ktx-1.12.0-api.jar with JetifyTransform
Transforming jetified-core-ktx-1.12.0-api.jar with IdentityTransform
Transforming jetified-core-ktx-1.12.0-api.jar with IdentityTransform
Transforming jetified-core-ktx-1.12.0-api.jar with CopyTransform
Transforming jetified-savedstate-ktx-1.2.1-api.jar with JetifyTransform
Transforming jetified-savedstate-ktx-1.2.1-api.jar with IdentityTransform
Transforming jetified-savedstate-ktx-1.2.1-api.jar with IdentityTransform
Transforming jetified-savedstate-ktx-1.2.1-api.jar with CopyTransform
Transforming jetified-savedstate-1.2.1-api.jar with JetifyTransform
Transforming jetified-savedstate-1.2.1-api.jar with IdentityTransform
Transforming jetified-savedstate-1.2.1-api.jar with IdentityTransform
Transforming jetified-savedstate-1.2.1-api.jar with CopyTransform
Transforming jetified-datastore-1.0.0-api.jar with JetifyTransform
Transforming jetified-datastore-1.0.0-api.jar with IdentityTransform
Transforming jetified-datastore-1.0.0-api.jar with IdentityTransform
Transforming jetified-datastore-1.0.0-api.jar with CopyTransform
Transforming jetified-datastore-preferences-core-1.0.0.jar with JetifyTransform
Transforming jetified-datastore-preferences-core-1.0.0.jar with IdentityTransform
Transforming jetified-datastore-preferences-core-1.0.0.jar with IdentityTransform
Transforming jetified-datastore-preferences-core-1.0.0.jar with CopyTransform
Transforming jetified-runtime-saveable-release-api.jar with JetifyTransform
Transforming jetified-runtime-saveable-release-api.jar with IdentityTransform
Transforming jetified-runtime-saveable-release-api.jar with IdentityTransform
Transforming jetified-runtime-saveable-release-api.jar with CopyTransform
Transforming jetified-runtime-release-api.jar with JetifyTransform
Transforming jetified-runtime-release-api.jar with IdentityTransform
Transforming jetified-runtime-release-api.jar with IdentityTransform
Transforming jetified-runtime-release-api.jar with CopyTransform
Transforming jetified-datastore-core-1.0.0.jar with JetifyTransform
Transforming jetified-datastore-core-1.0.0.jar with IdentityTransform
Transforming jetified-datastore-core-1.0.0.jar with IdentityTransform
Transforming jetified-datastore-core-1.0.0.jar with CopyTransform
Transforming jetified-kotlinx-coroutines-core-jvm-1.7.3.jar with JetifyTransform
Transforming jetified-kotlinx-coroutines-core-jvm-1.7.3.jar with IdentityTransform
Transforming jetified-kotlinx-coroutines-core-jvm-1.7.3.jar with IdentityTransform
Transforming jetified-kotlinx-coroutines-core-jvm-1.7.3.jar with CopyTransform
Transforming jetified-kotlinx-coroutines-android-1.7.3.jar with JetifyTransform
Transforming jetified-kotlinx-coroutines-android-1.7.3.jar with IdentityTransform
Transforming jetified-kotlinx-coroutines-android-1.7.3.jar with IdentityTransform
Transforming jetified-kotlinx-coroutines-android-1.7.3.jar with CopyTransform
Transforming jetified-kotlin-stdlib-jdk8-1.8.20.jar with JetifyTransform
Transforming jetified-kotlin-stdlib-jdk8-1.8.20.jar with IdentityTransform
Transforming jetified-kotlin-stdlib-jdk8-1.8.20.jar with IdentityTransform
Transforming jetified-kotlin-stdlib-jdk8-1.8.20.jar with CopyTransform
Transforming jetified-kotlinx-serialization-core-jvm-1.6.3.jar with JetifyTransform
Transforming jetified-kotlinx-serialization-core-jvm-1.6.3.jar with IdentityTransform
Transforming jetified-kotlinx-serialization-core-jvm-1.6.3.jar with IdentityTransform
Transforming jetified-kotlinx-serialization-core-jvm-1.6.3.jar with CopyTransform
Transforming jetified-kotlinx-serialization-json-jvm-1.6.3.jar with JetifyTransform
Transforming jetified-kotlinx-serialization-json-jvm-1.6.3.jar with IdentityTransform
Transforming jetified-kotlinx-serialization-json-jvm-1.6.3.jar with IdentityTransform
Transforming jetified-kotlinx-serialization-json-jvm-1.6.3.jar with CopyTransform
Transforming jetified-annotation-experimental-1.4.0-api.jar with JetifyTransform
Transforming jetified-annotation-experimental-1.4.0-api.jar with IdentityTransform
Transforming jetified-annotation-experimental-1.4.0-api.jar with IdentityTransform
Transforming jetified-annotation-experimental-1.4.0-api.jar with CopyTransform
Transforming versionedparcelable-1.1.1-api.jar with JetifyTransform
Transforming versionedparcelable-1.1.1-api.jar with IdentityTransform
Transforming versionedparcelable-1.1.1-api.jar with IdentityTransform
Transforming versionedparcelable-1.1.1-api.jar with CopyTransform
Transforming core-runtime-2.2.0-api.jar with JetifyTransform
Transforming core-runtime-2.2.0-api.jar with IdentityTransform
Transforming core-runtime-2.2.0-api.jar with IdentityTransform
Transforming core-runtime-2.2.0-api.jar with CopyTransform
Transforming core-common-2.2.0.jar with JetifyTransform
Transforming core-common-2.2.0.jar with IdentityTransform
Transforming core-common-2.2.0.jar with IdentityTransform
Transforming core-common-2.2.0.jar with CopyTransform
Transforming jetified-collection-jvm-1.4.0.jar with JetifyTransform
Transforming jetified-collection-jvm-1.4.0.jar with IdentityTransform
Transforming jetified-collection-jvm-1.4.0.jar with IdentityTransform
Transforming jetified-collection-jvm-1.4.0.jar with CopyTransform
Transforming jetified-annotation-jvm-1.7.0.jar with JetifyTransform
Transforming jetified-annotation-jvm-1.7.0.jar with IdentityTransform
Transforming jetified-annotation-jvm-1.7.0.jar with IdentityTransform
Transforming jetified-annotation-jvm-1.7.0.jar with CopyTransform
Transforming jetified-kotlin-stdlib-jdk7-1.8.20.jar with JetifyTransform
Transforming jetified-kotlin-stdlib-jdk7-1.8.20.jar with IdentityTransform
Transforming jetified-kotlin-stdlib-jdk7-1.8.20.jar with IdentityTransform
Transforming jetified-kotlin-stdlib-jdk7-1.8.20.jar with CopyTransform
Transforming jetified-kotlin-stdlib-1.9.23.jar with JetifyTransform
Transforming jetified-kotlin-stdlib-1.9.23.jar with IdentityTransform
Transforming jetified-kotlin-stdlib-1.9.23.jar with IdentityTransform
Transforming jetified-kotlin-stdlib-1.9.23.jar with CopyTransform
Transforming jetified-tensorflow-lite-support-0.4.4-api.jar with JetifyTransform
Transforming jetified-tensorflow-lite-support-0.4.4-api.jar with IdentityTransform
Transforming jetified-tensorflow-lite-support-0.4.4-api.jar with IdentityTransform
Transforming jetified-tensorflow-lite-support-0.4.4-api.jar with CopyTransform
Transforming jetified-tensorflow-lite-2.14.0-api.jar with JetifyTransform
Transforming jetified-tensorflow-lite-2.14.0-api.jar with IdentityTransform
Transforming jetified-tensorflow-lite-2.14.0-api.jar with IdentityTransform
Transforming jetified-tensorflow-lite-2.14.0-api.jar with CopyTransform
Transforming jetified-annotations-23.0.0.jar with JetifyTransform
Transforming jetified-annotations-23.0.0.jar with IdentityTransform
Transforming jetified-annotations-23.0.0.jar with IdentityTransform
Transforming jetified-annotations-23.0.0.jar with CopyTransform
Transforming jetified-hilt-core-2.48.jar with JetifyTransform
Transforming jetified-hilt-core-2.48.jar with IdentityTransform
Transforming jetified-hilt-core-2.48.jar with IdentityTransform
Transforming jetified-hilt-core-2.48.jar with CopyTransform
Transforming jetified-dagger-2.48.jar with JetifyTransform
Transforming jetified-dagger-2.48.jar with IdentityTransform
Transforming jetified-dagger-2.48.jar with IdentityTransform
Transforming jetified-dagger-2.48.jar with CopyTransform
Transforming jetified-javax.inject-1.jar with JetifyTransform
Transforming jetified-javax.inject-1.jar with IdentityTransform
Transforming jetified-javax.inject-1.jar with IdentityTransform
Transforming jetified-javax.inject-1.jar with CopyTransform
Transforming jetified-dagger-lint-aar-2.48-api.jar with JetifyTransform
Transforming jetified-dagger-lint-aar-2.48-api.jar with IdentityTransform
Transforming jetified-dagger-lint-aar-2.48-api.jar with IdentityTransform
Transforming jetified-dagger-lint-aar-2.48-api.jar with CopyTransform
Transforming jetified-jsr305-3.0.2.jar with JetifyTransform
Transforming jetified-jsr305-3.0.2.jar with IdentityTransform
Transforming jetified-jsr305-3.0.2.jar with IdentityTransform
Transforming jetified-jsr305-3.0.2.jar with CopyTransform
Transforming jetified-tensorflow-lite-support-api-0.4.4-api.jar with JetifyTransform
Transforming jetified-tensorflow-lite-support-api-0.4.4-api.jar with IdentityTransform
Transforming jetified-tensorflow-lite-support-api-0.4.4-api.jar with IdentityTransform
Transforming jetified-tensorflow-lite-support-api-0.4.4-api.jar with CopyTransform
Transforming jetified-tensorflow-lite-api-2.14.0-api.jar with JetifyTransform
Transforming jetified-tensorflow-lite-api-2.14.0-api.jar with IdentityTransform
Transforming jetified-tensorflow-lite-api-2.14.0-api.jar with IdentityTransform
Transforming jetified-tensorflow-lite-api-2.14.0-api.jar with CopyTransform
Transforming jetified-checker-qual-2.5.8.jar with JetifyTransform
Transforming jetified-checker-qual-2.5.8.jar with IdentityTransform
Transforming jetified-checker-qual-2.5.8.jar with IdentityTransform
Transforming jetified-checker-qual-2.5.8.jar with CopyTransform
Transforming jetified-image-1.0.0-beta1-api.jar with JetifyTransform
Transforming jetified-image-1.0.0-beta1-api.jar with IdentityTransform
Transforming jetified-image-1.0.0-beta1-api.jar with IdentityTransform
Transforming jetified-image-1.0.0-beta1-api.jar with CopyTransform
Transforming debug with CopyTransform
Transforming debug with CopyTransform
Transforming classes with CopyTransform
Transforming core-for-system-modules.jar with JdkImageTransform
Transforming core-for-system-modules.jar with JdkImageTransform
Transforming core-for-system-modules.jar with JdkImageTransform
Transforming core-for-system-modules.jar with JdkImageTransform
Transforming android.jar with JetifyTransform
Transforming android.jar with IdentityTransform
Transforming android.jar with IdentityTransform
Transforming android.jar with CopyTransform
Transforming core-lambda-stubs.jar with JetifyTransform
Transforming core-lambda-stubs.jar with IdentityTransform
Transforming core-lambda-stubs.jar with IdentityTransform
Transforming core-lambda-stubs.jar with CopyTransform
Transforming R.jar with JetifyTransform
Transforming R.jar with IdentityTransform
Transforming R.jar with IdentityTransform
Transforming R.jar with CopyTransform
Transforming jetified-hilt-navigation-compose-1.1.0-api.jar with JetifyTransform
Transforming jetified-hilt-navigation-compose-1.1.0-api.jar with IdentityTransform
Transforming jetified-hilt-navigation-compose-1.1.0-api.jar with IdentityTransform
Transforming jetified-hilt-navigation-compose-1.1.0-api.jar with CopyTransform
Transforming jetified-hilt-navigation-1.1.0-api.jar with JetifyTransform
Transforming jetified-hilt-navigation-1.1.0-api.jar with IdentityTransform
Transforming jetified-hilt-navigation-1.1.0-api.jar with IdentityTransform
Transforming jetified-hilt-navigation-1.1.0-api.jar with CopyTransform
Transforming jetified-hilt-android-2.48-api.jar with JetifyTransform
Transforming jetified-hilt-android-2.48-api.jar with IdentityTransform
Transforming jetified-hilt-android-2.48-api.jar with IdentityTransform
Transforming jetified-hilt-android-2.48-api.jar with CopyTransform
Transforming jetified-datastore-preferences-1.0.0-api.jar with JetifyTransform
Transforming jetified-datastore-preferences-1.0.0-api.jar with IdentityTransform
Transforming jetified-datastore-preferences-1.0.0-api.jar with IdentityTransform
Transforming jetified-datastore-preferences-1.0.0-api.jar with CopyTransform
Transforming fragment-1.5.1-api.jar with JetifyTransform
Transforming fragment-1.5.1-api.jar with IdentityTransform
Transforming fragment-1.5.1-api.jar with IdentityTransform
Transforming fragment-1.5.1-api.jar with CopyTransform
Transforming navigation-common-2.7.7-api.jar with JetifyTransform
Transforming navigation-common-2.7.7-api.jar with IdentityTransform
Transforming navigation-common-2.7.7-api.jar with IdentityTransform
Transforming navigation-common-2.7.7-api.jar with CopyTransform
Transforming navigation-runtime-2.7.7-api.jar with JetifyTransform
Transforming navigation-runtime-2.7.7-api.jar with IdentityTransform
Transforming navigation-runtime-2.7.7-api.jar with IdentityTransform
Transforming navigation-runtime-2.7.7-api.jar with CopyTransform
Transforming navigation-common-ktx-2.7.7-api.jar with JetifyTransform
Transforming navigation-common-ktx-2.7.7-api.jar with IdentityTransform
Transforming navigation-common-ktx-2.7.7-api.jar with IdentityTransform
Transforming navigation-common-ktx-2.7.7-api.jar with CopyTransform
Transforming navigation-runtime-ktx-2.7.7-api.jar with JetifyTransform
Transforming navigation-runtime-ktx-2.7.7-api.jar with IdentityTransform
Transforming navigation-runtime-ktx-2.7.7-api.jar with IdentityTransform
Transforming navigation-runtime-ktx-2.7.7-api.jar with CopyTransform
Transforming jetified-navigation-compose-2.7.7-api.jar with JetifyTransform
Transforming jetified-navigation-compose-2.7.7-api.jar with IdentityTransform
Transforming jetified-navigation-compose-2.7.7-api.jar with IdentityTransform
Transforming jetified-navigation-compose-2.7.7-api.jar with CopyTransform
Transforming jetified-material3-release-api.jar with JetifyTransform
Transforming jetified-material3-release-api.jar with IdentityTransform
Transforming jetified-material3-release-api.jar with IdentityTransform
Transforming jetified-material3-release-api.jar with CopyTransform
Transforming jetified-foundation-layout-release-api.jar with JetifyTransform
Transforming jetified-foundation-layout-release-api.jar with IdentityTransform
Transforming jetified-foundation-layout-release-api.jar with IdentityTransform
Transforming jetified-foundation-layout-release-api.jar with CopyTransform
Transforming jetified-material-icons-core-release-api.jar with JetifyTransform
Transforming jetified-material-icons-core-release-api.jar with IdentityTransform
Transforming jetified-material-icons-core-release-api.jar with IdentityTransform
Transforming jetified-material-icons-core-release-api.jar with CopyTransform
Transforming jetified-material-icons-extended-release-api.jar with JetifyTransform
Transforming jetified-material-icons-extended-release-api.jar with IdentityTransform
Transforming jetified-material-icons-extended-release-api.jar with IdentityTransform
Transforming jetified-material-icons-extended-release-api.jar with CopyTransform
Transforming jetified-material-ripple-release-api.jar with JetifyTransform
Transforming jetified-material-ripple-release-api.jar with IdentityTransform
Transforming jetified-material-ripple-release-api.jar with IdentityTransform
Transforming jetified-material-ripple-release-api.jar with CopyTransform
Transforming jetified-foundation-release-api.jar with JetifyTransform
Transforming jetified-foundation-release-api.jar with IdentityTransform
Transforming jetified-foundation-release-api.jar with IdentityTransform
Transforming jetified-foundation-release-api.jar with CopyTransform
Transforming jetified-animation-core-release-api.jar with JetifyTransform
Transforming jetified-animation-core-release-api.jar with IdentityTransform
Transforming jetified-animation-core-release-api.jar with IdentityTransform
Transforming jetified-animation-core-release-api.jar with CopyTransform
Transforming jetified-animation-release-api.jar with JetifyTransform
Transforming jetified-animation-release-api.jar with IdentityTransform
Transforming jetified-animation-release-api.jar with IdentityTransform
Transforming jetified-animation-release-api.jar with CopyTransform
Transforming jetified-ui-util-release-api.jar with JetifyTransform
Transforming jetified-ui-util-release-api.jar with IdentityTransform
Transforming jetified-ui-util-release-api.jar with IdentityTransform
Transforming jetified-ui-util-release-api.jar with CopyTransform
Transforming jetified-ui-unit-release-api.jar with JetifyTransform
Transforming jetified-ui-unit-release-api.jar with IdentityTransform
Transforming jetified-ui-unit-release-api.jar with IdentityTransform
Transforming jetified-ui-unit-release-api.jar with CopyTransform
Transforming jetified-ui-text-release-api.jar with JetifyTransform
Transforming jetified-ui-text-release-api.jar with IdentityTransform
Transforming jetified-ui-text-release-api.jar with IdentityTransform
Transforming jetified-ui-text-release-api.jar with CopyTransform
Transforming jetified-ui-geometry-release-api.jar with JetifyTransform
Transforming jetified-ui-geometry-release-api.jar with IdentityTransform
Transforming jetified-ui-geometry-release-api.jar with IdentityTransform
Transforming jetified-ui-geometry-release-api.jar with CopyTransform
Transforming jetified-ui-tooling-data-release-api.jar with JetifyTransform
Transforming jetified-ui-tooling-data-release-api.jar with IdentityTransform
Transforming jetified-ui-tooling-data-release-api.jar with IdentityTransform
Transforming jetified-ui-tooling-data-release-api.jar with CopyTransform
Transforming jetified-ui-tooling-preview-release-api.jar with JetifyTransform
Transforming jetified-ui-tooling-preview-release-api.jar with IdentityTransform
Transforming jetified-ui-tooling-preview-release-api.jar with IdentityTransform
Transforming jetified-ui-tooling-preview-release-api.jar with CopyTransform
Transforming jetified-ui-graphics-release-api.jar with JetifyTransform
Transforming jetified-ui-graphics-release-api.jar with IdentityTransform
Transforming jetified-ui-graphics-release-api.jar with IdentityTransform
Transforming jetified-ui-graphics-release-api.jar with CopyTransform
Transforming jetified-ui-release-api.jar with JetifyTransform
Transforming jetified-ui-release-api.jar with IdentityTransform
Transforming jetified-ui-release-api.jar with IdentityTransform
Transforming jetified-ui-release-api.jar with CopyTransform
Transforming jetified-ui-tooling-release-api.jar with JetifyTransform
Transforming jetified-ui-tooling-release-api.jar with IdentityTransform
Transforming jetified-ui-tooling-release-api.jar with IdentityTransform
Transforming jetified-ui-tooling-release-api.jar with CopyTransform
Transforming jetified-ui-text-google-fonts-1.6.5-api.jar with JetifyTransform
Transforming jetified-ui-text-google-fonts-1.6.5-api.jar with IdentityTransform
Transforming jetified-ui-text-google-fonts-1.6.5-api.jar with IdentityTransform
Transforming jetified-ui-text-google-fonts-1.6.5-api.jar with CopyTransform
Transforming jetified-ui-test-manifest-1.6.5-api.jar with JetifyTransform
Transforming jetified-ui-test-manifest-1.6.5-api.jar with IdentityTransform
Transforming jetified-ui-test-manifest-1.6.5-api.jar with IdentityTransform
Transforming jetified-ui-test-manifest-1.6.5-api.jar with CopyTransform
Transforming jetified-activity-ktx-1.8.1-api.jar with JetifyTransform
Transforming jetified-activity-ktx-1.8.1-api.jar with IdentityTransform
Transforming jetified-activity-ktx-1.8.1-api.jar with IdentityTransform
Transforming jetified-activity-ktx-1.8.1-api.jar with CopyTransform
Transforming jetified-activity-1.8.1-api.jar with JetifyTransform
Transforming jetified-activity-1.8.1-api.jar with IdentityTransform
Transforming jetified-activity-1.8.1-api.jar with IdentityTransform
Transforming jetified-activity-1.8.1-api.jar with CopyTransform
Transforming jetified-activity-compose-1.8.1-api.jar with JetifyTransform
Transforming jetified-activity-compose-1.8.1-api.jar with IdentityTransform
Transforming jetified-activity-compose-1.8.1-api.jar with IdentityTransform
Transforming jetified-activity-compose-1.8.1-api.jar with CopyTransform
Transforming loader-1.0.0-api.jar with JetifyTransform
Transforming loader-1.0.0-api.jar with IdentityTransform
Transforming loader-1.0.0-api.jar with IdentityTransform
Transforming loader-1.0.0-api.jar with CopyTransform
Transforming viewpager-1.0.0-api.jar with JetifyTransform
Transforming viewpager-1.0.0-api.jar with IdentityTransform
Transforming viewpager-1.0.0-api.jar with IdentityTransform
Transforming viewpager-1.0.0-api.jar with CopyTransform
Transforming customview-1.0.0-api.jar with JetifyTransform
Transforming customview-1.0.0-api.jar with IdentityTransform
Transforming customview-1.0.0-api.jar with IdentityTransform
Transforming customview-1.0.0-api.jar with CopyTransform
Transforming core-1.12.0-api.jar with JetifyTransform
Transforming core-1.12.0-api.jar with IdentityTransform
Transforming core-1.12.0-api.jar with IdentityTransform
Transforming core-1.12.0-api.jar with CopyTransform
Transforming jetified-lifecycle-livedata-core-ktx-2.7.0-api.jar with JetifyTransform
Transforming jetified-lifecycle-livedata-core-ktx-2.7.0-api.jar with IdentityTransform
Transforming jetified-lifecycle-livedata-core-ktx-2.7.0-api.jar with IdentityTransform
Transforming jetified-lifecycle-livedata-core-ktx-2.7.0-api.jar with CopyTransform
Transforming lifecycle-livedata-2.7.0-api.jar with JetifyTransform
Transforming lifecycle-livedata-2.7.0-api.jar with IdentityTransform
Transforming lifecycle-livedata-2.7.0-api.jar with IdentityTransform
Transforming lifecycle-livedata-2.7.0-api.jar with CopyTransform
Transforming lifecycle-livedata-core-2.7.0-api.jar with JetifyTransform
Transforming lifecycle-livedata-core-2.7.0-api.jar with IdentityTransform
Transforming lifecycle-livedata-core-2.7.0-api.jar with IdentityTransform
Transforming lifecycle-livedata-core-2.7.0-api.jar with CopyTransform
Transforming jetified-lifecycle-viewmodel-ktx-2.7.0-api.jar with JetifyTransform
Transforming jetified-lifecycle-viewmodel-ktx-2.7.0-api.jar with IdentityTransform
Transforming jetified-lifecycle-viewmodel-ktx-2.7.0-api.jar with IdentityTransform
Transforming jetified-lifecycle-viewmodel-ktx-2.7.0-api.jar with CopyTransform
Transforming lifecycle-common-java8-2.7.0.jar with JetifyTransform
Transforming lifecycle-common-java8-2.7.0.jar with IdentityTransform
Transforming lifecycle-common-java8-2.7.0.jar with IdentityTransform
Transforming lifecycle-common-java8-2.7.0.jar with CopyTransform
Transforming lifecycle-runtime-2.7.0-api.jar with JetifyTransform
Transforming lifecycle-runtime-2.7.0-api.jar with IdentityTransform
Transforming lifecycle-runtime-2.7.0-api.jar with IdentityTransform
Transforming lifecycle-runtime-2.7.0-api.jar with CopyTransform
Transforming lifecycle-viewmodel-2.7.0-api.jar with JetifyTransform
Transforming lifecycle-viewmodel-2.7.0-api.jar with IdentityTransform
Transforming lifecycle-viewmodel-2.7.0-api.jar with IdentityTransform
Transforming lifecycle-viewmodel-2.7.0-api.jar with CopyTransform
Transforming lifecycle-common-2.7.0.jar with JetifyTransform
Transforming lifecycle-common-2.7.0.jar with IdentityTransform
Transforming lifecycle-common-2.7.0.jar with IdentityTransform
Transforming lifecycle-common-2.7.0.jar with CopyTransform
Transforming jetified-lifecycle-viewmodel-compose-2.7.0-api.jar with JetifyTransform
Transforming jetified-lifecycle-viewmodel-compose-2.7.0-api.jar with IdentityTransform
Transforming jetified-lifecycle-viewmodel-compose-2.7.0-api.jar with IdentityTransform
Transforming jetified-lifecycle-viewmodel-compose-2.7.0-api.jar with CopyTransform
Transforming jetified-lifecycle-runtime-ktx-2.7.0-api.jar with JetifyTransform
Transforming jetified-lifecycle-runtime-ktx-2.7.0-api.jar with IdentityTransform
Transforming jetified-lifecycle-runtime-ktx-2.7.0-api.jar with IdentityTransform
Transforming jetified-lifecycle-runtime-ktx-2.7.0-api.jar with CopyTransform
Transforming jetified-lifecycle-viewmodel-savedstate-2.7.0-api.jar with JetifyTransform
Transforming jetified-lifecycle-viewmodel-savedstate-2.7.0-api.jar with IdentityTransform
Transforming jetified-lifecycle-viewmodel-savedstate-2.7.0-api.jar with IdentityTransform
Transforming jetified-lifecycle-viewmodel-savedstate-2.7.0-api.jar with CopyTransform
Transforming jetified-core-ktx-1.12.0-api.jar with JetifyTransform
Transforming jetified-core-ktx-1.12.0-api.jar with IdentityTransform
Transforming jetified-core-ktx-1.12.0-api.jar with IdentityTransform
Transforming jetified-core-ktx-1.12.0-api.jar with CopyTransform
Transforming jetified-savedstate-ktx-1.2.1-api.jar with JetifyTransform
Transforming jetified-savedstate-ktx-1.2.1-api.jar with IdentityTransform
Transforming jetified-savedstate-ktx-1.2.1-api.jar with IdentityTransform
Transforming jetified-savedstate-ktx-1.2.1-api.jar with CopyTransform
Transforming jetified-savedstate-1.2.1-api.jar with JetifyTransform
Transforming jetified-savedstate-1.2.1-api.jar with IdentityTransform
Transforming jetified-savedstate-1.2.1-api.jar with IdentityTransform
Transforming jetified-savedstate-1.2.1-api.jar with CopyTransform
Transforming jetified-datastore-1.0.0-api.jar with JetifyTransform
Transforming jetified-datastore-1.0.0-api.jar with IdentityTransform
Transforming jetified-datastore-1.0.0-api.jar with IdentityTransform
Transforming jetified-datastore-1.0.0-api.jar with CopyTransform
Transforming jetified-datastore-preferences-core-1.0.0.jar with JetifyTransform
Transforming jetified-datastore-preferences-core-1.0.0.jar with IdentityTransform
Transforming jetified-datastore-preferences-core-1.0.0.jar with IdentityTransform
Transforming jetified-datastore-preferences-core-1.0.0.jar with CopyTransform
Transforming jetified-runtime-saveable-release-api.jar with JetifyTransform
Transforming jetified-runtime-saveable-release-api.jar with IdentityTransform
Transforming jetified-runtime-saveable-release-api.jar with IdentityTransform
Transforming jetified-runtime-saveable-release-api.jar with CopyTransform
Transforming jetified-runtime-release-api.jar with JetifyTransform
Transforming jetified-runtime-release-api.jar with IdentityTransform
Transforming jetified-runtime-release-api.jar with IdentityTransform
Transforming jetified-runtime-release-api.jar with CopyTransform
Transforming jetified-datastore-core-1.0.0.jar with JetifyTransform
Transforming jetified-datastore-core-1.0.0.jar with IdentityTransform
Transforming jetified-datastore-core-1.0.0.jar with IdentityTransform
Transforming jetified-datastore-core-1.0.0.jar with CopyTransform
Transforming jetified-kotlinx-coroutines-core-jvm-1.7.3.jar with JetifyTransform
Transforming jetified-kotlinx-coroutines-core-jvm-1.7.3.jar with IdentityTransform
Transforming jetified-kotlinx-coroutines-core-jvm-1.7.3.jar with IdentityTransform
Transforming jetified-kotlinx-coroutines-core-jvm-1.7.3.jar with CopyTransform
Transforming jetified-kotlinx-coroutines-android-1.7.3.jar with JetifyTransform
Transforming jetified-kotlinx-coroutines-android-1.7.3.jar with IdentityTransform
Transforming jetified-kotlinx-coroutines-android-1.7.3.jar with IdentityTransform
Transforming jetified-kotlinx-coroutines-android-1.7.3.jar with CopyTransform
Transforming jetified-kotlin-stdlib-jdk8-1.8.20.jar with JetifyTransform
Transforming jetified-kotlin-stdlib-jdk8-1.8.20.jar with IdentityTransform
Transforming jetified-kotlin-stdlib-jdk8-1.8.20.jar with IdentityTransform
Transforming jetified-kotlin-stdlib-jdk8-1.8.20.jar with CopyTransform
Transforming jetified-kotlinx-serialization-core-jvm-1.6.3.jar with JetifyTransform
Transforming jetified-kotlinx-serialization-core-jvm-1.6.3.jar with IdentityTransform
Transforming jetified-kotlinx-serialization-core-jvm-1.6.3.jar with IdentityTransform
Transforming jetified-kotlinx-serialization-core-jvm-1.6.3.jar with CopyTransform
Transforming jetified-kotlinx-serialization-json-jvm-1.6.3.jar with JetifyTransform
Transforming jetified-kotlinx-serialization-json-jvm-1.6.3.jar with IdentityTransform
Transforming jetified-kotlinx-serialization-json-jvm-1.6.3.jar with IdentityTransform
Transforming jetified-kotlinx-serialization-json-jvm-1.6.3.jar with CopyTransform
Transforming jetified-annotation-experimental-1.4.0-api.jar with JetifyTransform
Transforming jetified-annotation-experimental-1.4.0-api.jar with IdentityTransform
Transforming jetified-annotation-experimental-1.4.0-api.jar with IdentityTransform
Transforming jetified-annotation-experimental-1.4.0-api.jar with CopyTransform
Transforming versionedparcelable-1.1.1-api.jar with JetifyTransform
Transforming versionedparcelable-1.1.1-api.jar with IdentityTransform
Transforming versionedparcelable-1.1.1-api.jar with IdentityTransform
Transforming versionedparcelable-1.1.1-api.jar with CopyTransform
Transforming core-runtime-2.2.0-api.jar with JetifyTransform
Transforming core-runtime-2.2.0-api.jar with IdentityTransform
Transforming core-runtime-2.2.0-api.jar with IdentityTransform
Transforming core-runtime-2.2.0-api.jar with CopyTransform
Transforming core-common-2.2.0.jar with JetifyTransform
Transforming core-common-2.2.0.jar with IdentityTransform
Transforming core-common-2.2.0.jar with IdentityTransform
Transforming core-common-2.2.0.jar with CopyTransform
Transforming jetified-collection-jvm-1.4.0.jar with JetifyTransform
Transforming jetified-collection-jvm-1.4.0.jar with IdentityTransform
Transforming jetified-collection-jvm-1.4.0.jar with IdentityTransform
Transforming jetified-collection-jvm-1.4.0.jar with CopyTransform
Transforming jetified-annotation-jvm-1.7.0.jar with JetifyTransform
Transforming jetified-annotation-jvm-1.7.0.jar with IdentityTransform
Transforming jetified-annotation-jvm-1.7.0.jar with IdentityTransform
Transforming jetified-annotation-jvm-1.7.0.jar with CopyTransform
Transforming jetified-kotlin-stdlib-jdk7-1.8.20.jar with JetifyTransform
Transforming jetified-kotlin-stdlib-jdk7-1.8.20.jar with IdentityTransform
Transforming jetified-kotlin-stdlib-jdk7-1.8.20.jar with IdentityTransform
Transforming jetified-kotlin-stdlib-jdk7-1.8.20.jar with CopyTransform
Transforming jetified-kotlin-stdlib-1.9.23.jar with JetifyTransform
Transforming jetified-kotlin-stdlib-1.9.23.jar with IdentityTransform
Transforming jetified-kotlin-stdlib-1.9.23.jar with IdentityTransform
Transforming jetified-kotlin-stdlib-1.9.23.jar with CopyTransform
Transforming jetified-tensorflow-lite-support-0.4.4-api.jar with JetifyTransform
Transforming jetified-tensorflow-lite-support-0.4.4-api.jar with IdentityTransform
Transforming jetified-tensorflow-lite-support-0.4.4-api.jar with IdentityTransform
Transforming jetified-tensorflow-lite-support-0.4.4-api.jar with CopyTransform
Transforming jetified-tensorflow-lite-2.14.0-api.jar with JetifyTransform
Transforming jetified-tensorflow-lite-2.14.0-api.jar with IdentityTransform
Transforming jetified-tensorflow-lite-2.14.0-api.jar with IdentityTransform
Transforming jetified-tensorflow-lite-2.14.0-api.jar with CopyTransform
Transforming jetified-annotations-23.0.0.jar with JetifyTransform
Transforming jetified-annotations-23.0.0.jar with IdentityTransform
Transforming jetified-annotations-23.0.0.jar with IdentityTransform
Transforming jetified-annotations-23.0.0.jar with CopyTransform
Transforming jetified-hilt-core-2.48.jar with JetifyTransform
Transforming jetified-hilt-core-2.48.jar with IdentityTransform
Transforming jetified-hilt-core-2.48.jar with IdentityTransform
Transforming jetified-hilt-core-2.48.jar with CopyTransform
Transforming jetified-dagger-2.48.jar with JetifyTransform
Transforming jetified-dagger-2.48.jar with IdentityTransform
Transforming jetified-dagger-2.48.jar with IdentityTransform
Transforming jetified-dagger-2.48.jar with CopyTransform
Transforming jetified-javax.inject-1.jar with JetifyTransform
Transforming jetified-javax.inject-1.jar with IdentityTransform
Transforming jetified-javax.inject-1.jar with IdentityTransform
Transforming jetified-javax.inject-1.jar with CopyTransform
Transforming jetified-dagger-lint-aar-2.48-api.jar with JetifyTransform
Transforming jetified-dagger-lint-aar-2.48-api.jar with IdentityTransform
Transforming jetified-dagger-lint-aar-2.48-api.jar with IdentityTransform
Transforming jetified-dagger-lint-aar-2.48-api.jar with CopyTransform
Transforming jetified-jsr305-3.0.2.jar with JetifyTransform
Transforming jetified-jsr305-3.0.2.jar with IdentityTransform
Transforming jetified-jsr305-3.0.2.jar with IdentityTransform
Transforming jetified-jsr305-3.0.2.jar with CopyTransform
Transforming jetified-tensorflow-lite-support-api-0.4.4-api.jar with JetifyTransform
Transforming jetified-tensorflow-lite-support-api-0.4.4-api.jar with IdentityTransform
Transforming jetified-tensorflow-lite-support-api-0.4.4-api.jar with IdentityTransform
Transforming jetified-tensorflow-lite-support-api-0.4.4-api.jar with CopyTransform
Transforming jetified-tensorflow-lite-api-2.14.0-api.jar with JetifyTransform
Transforming jetified-tensorflow-lite-api-2.14.0-api.jar with IdentityTransform
Transforming jetified-tensorflow-lite-api-2.14.0-api.jar with IdentityTransform
Transforming jetified-tensorflow-lite-api-2.14.0-api.jar with CopyTransform
Transforming jetified-checker-qual-2.5.8.jar with JetifyTransform
Transforming jetified-checker-qual-2.5.8.jar with IdentityTransform
Transforming jetified-checker-qual-2.5.8.jar with IdentityTransform
Transforming jetified-checker-qual-2.5.8.jar with CopyTransform
Transforming jetified-image-1.0.0-beta1-api.jar with JetifyTransform
Transforming jetified-image-1.0.0-beta1-api.jar with IdentityTransform
Transforming jetified-image-1.0.0-beta1-api.jar with IdentityTransform
Transforming jetified-image-1.0.0-beta1-api.jar with CopyTransform
Transforming debug with CopyTransform
Transforming debug with CopyTransform
Transforming classes with CopyTransform
Transforming core-for-system-modules.jar with JdkImageTransform
Transforming core-for-system-modules.jar with JdkImageTransform
Build cache key for task ':app:hiltJavaCompileDebug' is 78ca25be6aed00074a4b8e6500601978
Skipping task ':app:hiltJavaCompileDebug' as it is up-to-date.
No compile result for :app:hiltJavaCompileDebug
Resolve mutations for :app:processDebugJavaRes (Thread[#428,Execution worker Thread 2,5,main]) started.
:app:processDebugJavaRes (Thread[#428,Execution worker Thread 2,5,main]) started.

> Task :app:processDebugJavaRes UP-TO-DATE
file or directory 'C:\Users\hameed\Documents\GitHub\owlen\app\src\main\resources', not found
file or directory 'C:\Users\hameed\Documents\GitHub\owlen\app\src\debug\resources', not found
file or directory 'C:\Users\hameed\Documents\GitHub\owlen\app\src\main\resources', not found
file or directory 'C:\Users\hameed\Documents\GitHub\owlen\app\src\debug\resources', not found
Caching disabled for task ':app:processDebugJavaRes' because:
  Caching has been disabled for the task
Skipping task ':app:processDebugJavaRes' as it is up-to-date.
Resolve mutations for :app:mergeDebugJavaResource (Thread[#428,Execution worker Thread 2,5,main]) started.
:app:mergeDebugJavaResource (Thread[#428,Execution worker Thread 2,5,main]) started.

> Task :app:mergeDebugJavaResource UP-TO-DATE
Transforming hilt-navigation-compose-1.1.0.aar (androidx.hilt:hilt-navigation-compose:1.1.0) with JetifyTransform
Transforming hilt-navigation-compose-1.1.0.aar (androidx.hilt:hilt-navigation-compose:1.1.0) with ExtractAarTransform
Transforming hilt-navigation-compose-1.1.0.aar (androidx.hilt:hilt-navigation-compose:1.1.0) with AarTransform
Transforming hilt-navigation-1.1.0.aar (androidx.hilt:hilt-navigation:1.1.0) with JetifyTransform
Transforming hilt-navigation-1.1.0.aar (androidx.hilt:hilt-navigation:1.1.0) with ExtractAarTransform
Transforming hilt-navigation-1.1.0.aar (androidx.hilt:hilt-navigation:1.1.0) with AarTransform
Transforming navigation-common-2.7.7.aar (androidx.navigation:navigation-common:2.7.7) with JetifyTransform
Transforming navigation-common-2.7.7.aar (androidx.navigation:navigation-common:2.7.7) with ExtractAarTransform
Transforming navigation-common-2.7.7.aar (androidx.navigation:navigation-common:2.7.7) with AarTransform
Transforming navigation-runtime-2.7.7.aar (androidx.navigation:navigation-runtime:2.7.7) with JetifyTransform
Transforming navigation-runtime-2.7.7.aar (androidx.navigation:navigation-runtime:2.7.7) with ExtractAarTransform
Transforming navigation-runtime-2.7.7.aar (androidx.navigation:navigation-runtime:2.7.7) with AarTransform
Transforming navigation-common-ktx-2.7.7.aar (androidx.navigation:navigation-common-ktx:2.7.7) with JetifyTransform
Transforming navigation-common-ktx-2.7.7.aar (androidx.navigation:navigation-common-ktx:2.7.7) with ExtractAarTransform
Transforming navigation-common-ktx-2.7.7.aar (androidx.navigation:navigation-common-ktx:2.7.7) with AarTransform
Transforming navigation-runtime-ktx-2.7.7.aar (androidx.navigation:navigation-runtime-ktx:2.7.7) with JetifyTransform
Transforming navigation-runtime-ktx-2.7.7.aar (androidx.navigation:navigation-runtime-ktx:2.7.7) with ExtractAarTransform
Transforming navigation-runtime-ktx-2.7.7.aar (androidx.navigation:navigation-runtime-ktx:2.7.7) with AarTransform
Transforming navigation-compose-2.7.7.aar (androidx.navigation:navigation-compose:2.7.7) with JetifyTransform
Transforming navigation-compose-2.7.7.aar (androidx.navigation:navigation-compose:2.7.7) with ExtractAarTransform
Transforming navigation-compose-2.7.7.aar (androidx.navigation:navigation-compose:2.7.7) with AarTransform
Transforming hilt-android-2.48.aar (com.google.dagger:hilt-android:2.48) with JetifyTransform
Transforming hilt-android-2.48.aar (com.google.dagger:hilt-android:2.48) with ExtractAarTransform
Transforming hilt-android-2.48.aar (com.google.dagger:hilt-android:2.48) with AarTransform
Transforming datastore-preferences-1.0.0.aar (androidx.datastore:datastore-preferences:1.0.0) with JetifyTransform
Transforming datastore-preferences-1.0.0.aar (androidx.datastore:datastore-preferences:1.0.0) with ExtractAarTransform
Transforming datastore-preferences-1.0.0.aar (androidx.datastore:datastore-preferences:1.0.0) with AarTransform
Transforming fragment-1.5.1.aar (androidx.fragment:fragment:1.5.1) with JetifyTransform
Transforming fragment-1.5.1.aar (androidx.fragment:fragment:1.5.1) with ExtractAarTransform
Transforming fragment-1.5.1.aar (androidx.fragment:fragment:1.5.1) with AarTransform
Transforming activity-ktx-1.8.1.aar (androidx.activity:activity-ktx:1.8.1) with JetifyTransform
Transforming activity-ktx-1.8.1.aar (androidx.activity:activity-ktx:1.8.1) with ExtractAarTransform
Transforming activity-ktx-1.8.1.aar (androidx.activity:activity-ktx:1.8.1) with AarTransform
Transforming activity-1.8.1.aar (androidx.activity:activity:1.8.1) with JetifyTransform
Transforming activity-1.8.1.aar (androidx.activity:activity:1.8.1) with ExtractAarTransform
Transforming activity-1.8.1.aar (androidx.activity:activity:1.8.1) with AarTransform
Transforming material3-release.aar (androidx.compose.material3:material3-android:1.2.1) with JetifyTransform
Transforming material3-release.aar (androidx.compose.material3:material3-android:1.2.1) with ExtractAarTransform
Transforming material3-release.aar (androidx.compose.material3:material3-android:1.2.1) with AarTransform
Transforming material-release.aar (androidx.compose.material:material-android:1.6.4) with JetifyTransform
Transforming material-release.aar (androidx.compose.material:material-android:1.6.4) with ExtractAarTransform
Transforming material-release.aar (androidx.compose.material:material-android:1.6.4) with AarTransform
Transforming material-icons-core-release.aar (androidx.compose.material:material-icons-core-android:1.6.4) with JetifyTransform
Transforming material-icons-core-release.aar (androidx.compose.material:material-icons-core-android:1.6.4) with ExtractAarTransform
Transforming material-icons-core-release.aar (androidx.compose.material:material-icons-core-android:1.6.4) with AarTransform
Transforming material-icons-extended-release.aar (androidx.compose.material:material-icons-extended-android:1.6.4) with JetifyTransform
Transforming material-icons-extended-release.aar (androidx.compose.material:material-icons-extended-android:1.6.4) with ExtractAarTransform
Transforming material-icons-extended-release.aar (androidx.compose.material:material-icons-extended-android:1.6.4) with AarTransform
Transforming material-ripple-release.aar (androidx.compose.material:material-ripple-android:1.6.4) with JetifyTransform
Transforming material-ripple-release.aar (androidx.compose.material:material-ripple-android:1.6.4) with ExtractAarTransform
Transforming material-ripple-release.aar (androidx.compose.material:material-ripple-android:1.6.4) with AarTransform
Transforming ui-tooling-data-release.aar (androidx.compose.ui:ui-tooling-data-android:1.6.5) with JetifyTransform
Transforming ui-tooling-data-release.aar (androidx.compose.ui:ui-tooling-data-android:1.6.5) with ExtractAarTransform
Transforming ui-tooling-data-release.aar (androidx.compose.ui:ui-tooling-data-android:1.6.5) with AarTransform
Transforming foundation-layout-release.aar (androidx.compose.foundation:foundation-layout-android:1.6.5) with JetifyTransform
Transforming foundation-layout-release.aar (androidx.compose.foundation:foundation-layout-android:1.6.5) with ExtractAarTransform
Transforming foundation-layout-release.aar (androidx.compose.foundation:foundation-layout-android:1.6.5) with AarTransform
Transforming foundation-release.aar (androidx.compose.foundation:foundation-android:1.6.5) with JetifyTransform
Transforming foundation-release.aar (androidx.compose.foundation:foundation-android:1.6.5) with ExtractAarTransform
Transforming foundation-release.aar (androidx.compose.foundation:foundation-android:1.6.5) with AarTransform
Transforming animation-release.aar (androidx.compose.animation:animation-android:1.6.5) with JetifyTransform
Transforming animation-release.aar (androidx.compose.animation:animation-android:1.6.5) with ExtractAarTransform
Transforming animation-release.aar (androidx.compose.animation:animation-android:1.6.5) with AarTransform
Transforming animation-core-release.aar (androidx.compose.animation:animation-core-android:1.6.5) with JetifyTransform
Transforming animation-core-release.aar (androidx.compose.animation:animation-core-android:1.6.5) with ExtractAarTransform
Transforming animation-core-release.aar (androidx.compose.animation:animation-core-android:1.6.5) with AarTransform
Transforming ui-unit-release.aar (androidx.compose.ui:ui-unit-android:1.6.5) with JetifyTransform
Transforming ui-unit-release.aar (androidx.compose.ui:ui-unit-android:1.6.5) with ExtractAarTransform
Transforming ui-unit-release.aar (androidx.compose.ui:ui-unit-android:1.6.5) with AarTransform
Transforming ui-geometry-release.aar (androidx.compose.ui:ui-geometry-android:1.6.5) with JetifyTransform
Transforming ui-geometry-release.aar (androidx.compose.ui:ui-geometry-android:1.6.5) with ExtractAarTransform
Transforming ui-geometry-release.aar (androidx.compose.ui:ui-geometry-android:1.6.5) with AarTransform
Transforming ui-util-release.aar (androidx.compose.ui:ui-util-android:1.6.5) with JetifyTransform
Transforming ui-util-release.aar (androidx.compose.ui:ui-util-android:1.6.5) with ExtractAarTransform
Transforming ui-util-release.aar (androidx.compose.ui:ui-util-android:1.6.5) with AarTransform
Transforming ui-text-release.aar (androidx.compose.ui:ui-text-android:1.6.5) with JetifyTransform
Transforming ui-text-release.aar (androidx.compose.ui:ui-text-android:1.6.5) with ExtractAarTransform
Transforming ui-text-release.aar (androidx.compose.ui:ui-text-android:1.6.5) with AarTransform
Transforming ui-tooling-preview-release.aar (androidx.compose.ui:ui-tooling-preview-android:1.6.5) with JetifyTransform
Transforming ui-tooling-preview-release.aar (androidx.compose.ui:ui-tooling-preview-android:1.6.5) with ExtractAarTransform
Transforming ui-tooling-preview-release.aar (androidx.compose.ui:ui-tooling-preview-android:1.6.5) with AarTransform
Transforming ui-graphics-release.aar (androidx.compose.ui:ui-graphics-android:1.6.5) with JetifyTransform
Transforming ui-graphics-release.aar (androidx.compose.ui:ui-graphics-android:1.6.5) with ExtractAarTransform
Transforming ui-graphics-release.aar (androidx.compose.ui:ui-graphics-android:1.6.5) with AarTransform
Transforming ui-tooling-release.aar (androidx.compose.ui:ui-tooling-android:1.6.5) with JetifyTransform
Transforming ui-tooling-release.aar (androidx.compose.ui:ui-tooling-android:1.6.5) with ExtractAarTransform
Transforming ui-tooling-release.aar (androidx.compose.ui:ui-tooling-android:1.6.5) with AarTransform
Transforming activity-compose-1.8.1.aar (androidx.activity:activity-compose:1.8.1) with JetifyTransform
Transforming activity-compose-1.8.1.aar (androidx.activity:activity-compose:1.8.1) with ExtractAarTransform
Transforming activity-compose-1.8.1.aar (androidx.activity:activity-compose:1.8.1) with AarTransform
Transforming customview-poolingcontainer-1.0.0.aar (androidx.customview:customview-poolingcontainer:1.0.0) with JetifyTransform
Transforming customview-poolingcontainer-1.0.0.aar (androidx.customview:customview-poolingcontainer:1.0.0) with ExtractAarTransform
Transforming customview-poolingcontainer-1.0.0.aar (androidx.customview:customview-poolingcontainer:1.0.0) with AarTransform
Transforming core-ktx-1.12.0.aar (androidx.core:core-ktx:1.12.0) with JetifyTransform
Transforming core-ktx-1.12.0.aar (androidx.core:core-ktx:1.12.0) with ExtractAarTransform
Transforming core-ktx-1.12.0.aar (androidx.core:core-ktx:1.12.0) with AarTransform
Transforming loader-1.0.0.aar (androidx.loader:loader:1.0.0) with JetifyTransform
Transforming loader-1.0.0.aar (androidx.loader:loader:1.0.0) with ExtractAarTransform
Transforming loader-1.0.0.aar (androidx.loader:loader:1.0.0) with AarTransform
Transforming viewpager-1.0.0.aar (androidx.viewpager:viewpager:1.0.0) with JetifyTransform
Transforming viewpager-1.0.0.aar (androidx.viewpager:viewpager:1.0.0) with ExtractAarTransform
Transforming viewpager-1.0.0.aar (androidx.viewpager:viewpager:1.0.0) with AarTransform
Transforming customview-1.0.0.aar (androidx.customview:customview:1.0.0) with JetifyTransform
Transforming customview-1.0.0.aar (androidx.customview:customview:1.0.0) with ExtractAarTransform
Transforming customview-1.0.0.aar (androidx.customview:customview:1.0.0) with AarTransform
Transforming autofill-1.0.0.aar (androidx.autofill:autofill:1.0.0) with JetifyTransform
Transforming autofill-1.0.0.aar (androidx.autofill:autofill:1.0.0) with ExtractAarTransform
Transforming autofill-1.0.0.aar (androidx.autofill:autofill:1.0.0) with AarTransform
Transforming emoji2-1.3.0.aar (androidx.emoji2:emoji2:1.3.0) with JetifyTransform
Transforming emoji2-1.3.0.aar (androidx.emoji2:emoji2:1.3.0) with ExtractAarTransform
Transforming emoji2-1.3.0.aar (androidx.emoji2:emoji2:1.3.0) with AarTransform
Transforming core-1.12.0.aar (androidx.core:core:1.12.0) with JetifyTransform
Transforming core-1.12.0.aar (androidx.core:core:1.12.0) with ExtractAarTransform
Transforming core-1.12.0.aar (androidx.core:core:1.12.0) with AarTransform
Transforming core-1.12.0.aar (androidx.core:core:1.12.0) with JetifyTransform
Transforming core-1.12.0.aar (androidx.core:core:1.12.0) with ExtractAarTransform
Transforming core-1.12.0.aar (androidx.core:core:1.12.0) with AarTransform
Transforming lifecycle-process-2.7.0.aar (androidx.lifecycle:lifecycle-process:2.7.0) with JetifyTransform
Transforming lifecycle-process-2.7.0.aar (androidx.lifecycle:lifecycle-process:2.7.0) with ExtractAarTransform
Transforming lifecycle-process-2.7.0.aar (androidx.lifecycle:lifecycle-process:2.7.0) with AarTransform
Transforming lifecycle-livedata-core-ktx-2.7.0.aar (androidx.lifecycle:lifecycle-livedata-core-ktx:2.7.0) with JetifyTransform
Transforming lifecycle-livedata-core-ktx-2.7.0.aar (androidx.lifecycle:lifecycle-livedata-core-ktx:2.7.0) with ExtractAarTransform
Transforming lifecycle-livedata-core-ktx-2.7.0.aar (androidx.lifecycle:lifecycle-livedata-core-ktx:2.7.0) with AarTransform
Transforming lifecycle-livedata-2.7.0.aar (androidx.lifecycle:lifecycle-livedata:2.7.0) with JetifyTransform
Transforming lifecycle-livedata-2.7.0.aar (androidx.lifecycle:lifecycle-livedata:2.7.0) with ExtractAarTransform
Transforming lifecycle-livedata-2.7.0.aar (androidx.lifecycle:lifecycle-livedata:2.7.0) with AarTransform
Transforming lifecycle-viewmodel-ktx-2.7.0.aar (androidx.lifecycle:lifecycle-viewmodel-ktx:2.7.0) with JetifyTransform
Transforming lifecycle-viewmodel-ktx-2.7.0.aar (androidx.lifecycle:lifecycle-viewmodel-ktx:2.7.0) with ExtractAarTransform
Transforming lifecycle-viewmodel-ktx-2.7.0.aar (androidx.lifecycle:lifecycle-viewmodel-ktx:2.7.0) with AarTransform
Transforming lifecycle-common-java8-2.7.0.jar (androidx.lifecycle:lifecycle-common-java8:2.7.0) with JetifyTransform
Transforming lifecycle-common-java8-2.7.0.jar (androidx.lifecycle:lifecycle-common-java8:2.7.0) with IdentityTransform
Transforming lifecycle-livedata-core-2.7.0.aar (androidx.lifecycle:lifecycle-livedata-core:2.7.0) with JetifyTransform
Transforming lifecycle-livedata-core-2.7.0.aar (androidx.lifecycle:lifecycle-livedata-core:2.7.0) with ExtractAarTransform
Transforming lifecycle-livedata-core-2.7.0.aar (androidx.lifecycle:lifecycle-livedata-core:2.7.0) with AarTransform
Transforming lifecycle-runtime-2.7.0.aar (androidx.lifecycle:lifecycle-runtime:2.7.0) with JetifyTransform
Transforming lifecycle-runtime-2.7.0.aar (androidx.lifecycle:lifecycle-runtime:2.7.0) with ExtractAarTransform
Transforming lifecycle-runtime-2.7.0.aar (androidx.lifecycle:lifecycle-runtime:2.7.0) with AarTransform
Transforming lifecycle-viewmodel-savedstate-2.7.0.aar (androidx.lifecycle:lifecycle-viewmodel-savedstate:2.7.0) with JetifyTransform
Transforming lifecycle-viewmodel-savedstate-2.7.0.aar (androidx.lifecycle:lifecycle-viewmodel-savedstate:2.7.0) with ExtractAarTransform
Transforming lifecycle-viewmodel-savedstate-2.7.0.aar (androidx.lifecycle:lifecycle-viewmodel-savedstate:2.7.0) with AarTransform
Transforming lifecycle-viewmodel-2.7.0.aar (androidx.lifecycle:lifecycle-viewmodel:2.7.0) with JetifyTransform
Transforming lifecycle-viewmodel-2.7.0.aar (androidx.lifecycle:lifecycle-viewmodel:2.7.0) with ExtractAarTransform
Transforming lifecycle-viewmodel-2.7.0.aar (androidx.lifecycle:lifecycle-viewmodel:2.7.0) with AarTransform
Transforming lifecycle-viewmodel-2.7.0.aar (androidx.lifecycle:lifecycle-viewmodel:2.7.0) with JetifyTransform
Transforming lifecycle-viewmodel-2.7.0.aar (androidx.lifecycle:lifecycle-viewmodel:2.7.0) with ExtractAarTransform
Transforming lifecycle-viewmodel-2.7.0.aar (androidx.lifecycle:lifecycle-viewmodel:2.7.0) with AarTransform
Transforming savedstate-ktx-1.2.1.aar (androidx.savedstate:savedstate-ktx:1.2.1) with JetifyTransform
Transforming savedstate-ktx-1.2.1.aar (androidx.savedstate:savedstate-ktx:1.2.1) with ExtractAarTransform
Transforming savedstate-ktx-1.2.1.aar (androidx.savedstate:savedstate-ktx:1.2.1) with AarTransform
Transforming savedstate-1.2.1.aar (androidx.savedstate:savedstate:1.2.1) with JetifyTransform
Transforming savedstate-1.2.1.aar (androidx.savedstate:savedstate:1.2.1) with ExtractAarTransform
Transforming savedstate-1.2.1.aar (androidx.savedstate:savedstate:1.2.1) with AarTransform
Transforming lifecycle-common-2.7.0.jar (androidx.lifecycle:lifecycle-common:2.7.0) with JetifyTransform
Transforming lifecycle-common-2.7.0.jar (androidx.lifecycle:lifecycle-common:2.7.0) with IdentityTransform
Transforming lifecycle-runtime-ktx-2.7.0.aar (androidx.lifecycle:lifecycle-runtime-ktx:2.7.0) with JetifyTransform
Transforming lifecycle-runtime-ktx-2.7.0.aar (androidx.lifecycle:lifecycle-runtime-ktx:2.7.0) with ExtractAarTransform
Transforming lifecycle-runtime-ktx-2.7.0.aar (androidx.lifecycle:lifecycle-runtime-ktx:2.7.0) with AarTransform
Transforming lifecycle-viewmodel-compose-2.7.0.aar (androidx.lifecycle:lifecycle-viewmodel-compose:2.7.0) with JetifyTransform
Transforming lifecycle-viewmodel-compose-2.7.0.aar (androidx.lifecycle:lifecycle-viewmodel-compose:2.7.0) with ExtractAarTransform
Transforming lifecycle-viewmodel-compose-2.7.0.aar (androidx.lifecycle:lifecycle-viewmodel-compose:2.7.0) with AarTransform
Transforming ui-release.aar (androidx.compose.ui:ui-android:1.6.5) with JetifyTransform
Transforming ui-release.aar (androidx.compose.ui:ui-android:1.6.5) with ExtractAarTransform
Transforming ui-release.aar (androidx.compose.ui:ui-android:1.6.5) with AarTransform
Transforming ui-test-manifest-1.6.5.aar (androidx.compose.ui:ui-test-manifest:1.6.5) with JetifyTransform
Transforming ui-test-manifest-1.6.5.aar (androidx.compose.ui:ui-test-manifest:1.6.5) with ExtractAarTransform
Transforming ui-test-manifest-1.6.5.aar (androidx.compose.ui:ui-test-manifest:1.6.5) with AarTransform
Transforming ui-text-google-fonts-1.6.5.aar (androidx.compose.ui:ui-text-google-fonts:1.6.5) with JetifyTransform
Transforming ui-text-google-fonts-1.6.5.aar (androidx.compose.ui:ui-text-google-fonts:1.6.5) with ExtractAarTransform
Transforming ui-text-google-fonts-1.6.5.aar (androidx.compose.ui:ui-text-google-fonts:1.6.5) with AarTransform
Transforming datastore-1.0.0.aar (androidx.datastore:datastore:1.0.0) with JetifyTransform
Transforming datastore-1.0.0.aar (androidx.datastore:datastore:1.0.0) with ExtractAarTransform
Transforming datastore-1.0.0.aar (androidx.datastore:datastore:1.0.0) with AarTransform
Transforming datastore-preferences-core-1.0.0.jar (androidx.datastore:datastore-preferences-core:1.0.0) with JetifyTransform
Transforming datastore-preferences-core-1.0.0.jar (androidx.datastore:datastore-preferences-core:1.0.0) with IdentityTransform
Transforming kotlinx-serialization-core-jvm-1.6.3.jar (org.jetbrains.kotlinx:kotlinx-serialization-core-jvm:1.6.3) with JetifyTransform
Transforming kotlinx-serialization-core-jvm-1.6.3.jar (org.jetbrains.kotlinx:kotlinx-serialization-core-jvm:1.6.3) with IdentityTransform
Transforming kotlinx-serialization-json-jvm-1.6.3.jar (org.jetbrains.kotlinx:kotlinx-serialization-json-jvm:1.6.3) with JetifyTransform
Transforming kotlinx-serialization-json-jvm-1.6.3.jar (org.jetbrains.kotlinx:kotlinx-serialization-json-jvm:1.6.3) with IdentityTransform
Transforming datastore-core-1.0.0.jar (androidx.datastore:datastore-core:1.0.0) with JetifyTransform
Transforming datastore-core-1.0.0.jar (androidx.datastore:datastore-core:1.0.0) with IdentityTransform
Transforming runtime-saveable-release.aar (androidx.compose.runtime:runtime-saveable-android:1.6.5) with JetifyTransform
Transforming runtime-saveable-release.aar (androidx.compose.runtime:runtime-saveable-android:1.6.5) with ExtractAarTransform
Transforming runtime-saveable-release.aar (androidx.compose.runtime:runtime-saveable-android:1.6.5) with AarTransform
Transforming runtime-release.aar (androidx.compose.runtime:runtime-android:1.6.5) with JetifyTransform
Transforming runtime-release.aar (androidx.compose.runtime:runtime-android:1.6.5) with ExtractAarTransform
Transforming runtime-release.aar (androidx.compose.runtime:runtime-android:1.6.5) with AarTransform
Transforming kotlinx-coroutines-core-jvm-1.7.3.jar (org.jetbrains.kotlinx:kotlinx-coroutines-core-jvm:1.7.3) with JetifyTransform
Transforming kotlinx-coroutines-core-jvm-1.7.3.jar (org.jetbrains.kotlinx:kotlinx-coroutines-core-jvm:1.7.3) with IdentityTransform
Transforming kotlinx-coroutines-android-1.7.3.jar (org.jetbrains.kotlinx:kotlinx-coroutines-android:1.7.3) with JetifyTransform
Transforming kotlinx-coroutines-android-1.7.3.jar (org.jetbrains.kotlinx:kotlinx-coroutines-android:1.7.3) with IdentityTransform
Transforming kotlin-stdlib-jdk8-1.8.20.jar (org.jetbrains.kotlin:kotlin-stdlib-jdk8:1.8.20) with JetifyTransform
Transforming kotlin-stdlib-jdk8-1.8.20.jar (org.jetbrains.kotlin:kotlin-stdlib-jdk8:1.8.20) with IdentityTransform
Transforming annotation-experimental-1.4.0.aar (androidx.annotation:annotation-experimental:1.4.0) with JetifyTransform
Transforming annotation-experimental-1.4.0.aar (androidx.annotation:annotation-experimental:1.4.0) with ExtractAarTransform
Transforming annotation-experimental-1.4.0.aar (androidx.annotation:annotation-experimental:1.4.0) with AarTransform
Transforming kotlin-stdlib-jdk7-1.8.20.jar (org.jetbrains.kotlin:kotlin-stdlib-jdk7:1.8.20) with JetifyTransform
Transforming kotlin-stdlib-jdk7-1.8.20.jar (org.jetbrains.kotlin:kotlin-stdlib-jdk7:1.8.20) with IdentityTransform
Transforming versionedparcelable-1.1.1.aar (androidx.versionedparcelable:versionedparcelable:1.1.1) with JetifyTransform
Transforming versionedparcelable-1.1.1.aar (androidx.versionedparcelable:versionedparcelable:1.1.1) with ExtractAarTransform
Transforming versionedparcelable-1.1.1.aar (androidx.versionedparcelable:versionedparcelable:1.1.1) with AarTransform
Transforming collection-ktx-1.4.0.jar (androidx.collection:collection-ktx:1.4.0) with JetifyTransform
Transforming collection-ktx-1.4.0.jar (androidx.collection:collection-ktx:1.4.0) with IdentityTransform
Transforming collection-jvm-1.4.0.jar (androidx.collection:collection-jvm:1.4.0) with JetifyTransform
Transforming collection-jvm-1.4.0.jar (androidx.collection:collection-jvm:1.4.0) with IdentityTransform
Transforming interpolator-1.0.0.aar (androidx.interpolator:interpolator:1.0.0) with JetifyTransform
Transforming interpolator-1.0.0.aar (androidx.interpolator:interpolator:1.0.0) with ExtractAarTransform
Transforming interpolator-1.0.0.aar (androidx.interpolator:interpolator:1.0.0) with AarTransform
Transforming core-runtime-2.2.0.aar (androidx.arch.core:core-runtime:2.2.0) with JetifyTransform
Transforming core-runtime-2.2.0.aar (androidx.arch.core:core-runtime:2.2.0) with ExtractAarTransform
Transforming core-runtime-2.2.0.aar (androidx.arch.core:core-runtime:2.2.0) with AarTransform
Transforming core-common-2.2.0.jar (androidx.arch.core:core-common:2.2.0) with JetifyTransform
Transforming core-common-2.2.0.jar (androidx.arch.core:core-common:2.2.0) with IdentityTransform
Transforming profileinstaller-1.3.0.aar (androidx.profileinstaller:profileinstaller:1.3.0) with JetifyTransform
Transforming profileinstaller-1.3.0.aar (androidx.profileinstaller:profileinstaller:1.3.0) with ExtractAarTransform
Transforming profileinstaller-1.3.0.aar (androidx.profileinstaller:profileinstaller:1.3.0) with AarTransform
Transforming startup-runtime-1.1.1.aar (androidx.startup:startup-runtime:1.1.1) with JetifyTransform
Transforming startup-runtime-1.1.1.aar (androidx.startup:startup-runtime:1.1.1) with ExtractAarTransform
Transforming startup-runtime-1.1.1.aar (androidx.startup:startup-runtime:1.1.1) with AarTransform
Transforming tracing-1.0.0.aar (androidx.tracing:tracing:1.0.0) with JetifyTransform
Transforming tracing-1.0.0.aar (androidx.tracing:tracing:1.0.0) with ExtractAarTransform
Transforming tracing-1.0.0.aar (androidx.tracing:tracing:1.0.0) with AarTransform
Transforming concurrent-futures-1.1.0.jar (androidx.concurrent:concurrent-futures:1.1.0) with JetifyTransform
Transforming concurrent-futures-1.1.0.jar (androidx.concurrent:concurrent-futures:1.1.0) with IdentityTransform
Transforming annotation-jvm-1.7.0.jar (androidx.annotation:annotation-jvm:1.7.0) with JetifyTransform
Transforming annotation-jvm-1.7.0.jar (androidx.annotation:annotation-jvm:1.7.0) with IdentityTransform
Transforming kotlin-stdlib-1.9.23.jar (org.jetbrains.kotlin:kotlin-stdlib:1.9.23) with JetifyTransform
Transforming kotlin-stdlib-1.9.23.jar (org.jetbrains.kotlin:kotlin-stdlib:1.9.23) with IdentityTransform
Transforming tensorflow-lite-support-0.4.4.aar (org.tensorflow:tensorflow-lite-support:0.4.4) with JetifyTransform
Transforming tensorflow-lite-support-0.4.4.aar (org.tensorflow:tensorflow-lite-support:0.4.4) with ExtractAarTransform
Transforming tensorflow-lite-support-0.4.4.aar (org.tensorflow:tensorflow-lite-support:0.4.4) with AarTransform
Transforming tensorflow-lite-2.14.0.aar (org.tensorflow:tensorflow-lite:2.14.0) with JetifyTransform
Transforming tensorflow-lite-2.14.0.aar (org.tensorflow:tensorflow-lite:2.14.0) with ExtractAarTransform
Transforming tensorflow-lite-2.14.0.aar (org.tensorflow:tensorflow-lite:2.14.0) with AarTransform
Transforming annotations-23.0.0.jar (org.jetbrains:annotations:23.0.0) with JetifyTransform
Transforming annotations-23.0.0.jar (org.jetbrains:annotations:23.0.0) with IdentityTransform
Transforming hilt-core-2.48.jar (com.google.dagger:hilt-core:2.48) with JetifyTransform
Transforming hilt-core-2.48.jar (com.google.dagger:hilt-core:2.48) with IdentityTransform
Transforming dagger-2.48.jar (com.google.dagger:dagger:2.48) with JetifyTransform
Transforming dagger-2.48.jar (com.google.dagger:dagger:2.48) with IdentityTransform
Transforming dagger-lint-aar-2.48.aar (com.google.dagger:dagger-lint-aar:2.48) with JetifyTransform
Transforming dagger-lint-aar-2.48.aar (com.google.dagger:dagger-lint-aar:2.48) with ExtractAarTransform
Transforming dagger-lint-aar-2.48.aar (com.google.dagger:dagger-lint-aar:2.48) with AarTransform
Transforming jsr305-3.0.2.jar (com.google.code.findbugs:jsr305:3.0.2) with JetifyTransform
Transforming jsr305-3.0.2.jar (com.google.code.findbugs:jsr305:3.0.2) with IdentityTransform
Transforming javax.inject-1.jar (javax.inject:javax.inject:1) with JetifyTransform
Transforming javax.inject-1.jar (javax.inject:javax.inject:1) with IdentityTransform
Transforming tensorflow-lite-support-api-0.4.4.aar (org.tensorflow:tensorflow-lite-support-api:0.4.4) with JetifyTransform
Transforming tensorflow-lite-support-api-0.4.4.aar (org.tensorflow:tensorflow-lite-support-api:0.4.4) with ExtractAarTransform
Transforming tensorflow-lite-support-api-0.4.4.aar (org.tensorflow:tensorflow-lite-support-api:0.4.4) with AarTransform
Transforming tensorflow-lite-api-2.14.0.aar (org.tensorflow:tensorflow-lite-api:2.14.0) with JetifyTransform
Transforming tensorflow-lite-api-2.14.0.aar (org.tensorflow:tensorflow-lite-api:2.14.0) with ExtractAarTransform
Transforming tensorflow-lite-api-2.14.0.aar (org.tensorflow:tensorflow-lite-api:2.14.0) with AarTransform
Transforming checker-qual-2.5.8.jar (org.checkerframework:checker-qual:2.5.8) with JetifyTransform
Transforming checker-qual-2.5.8.jar (org.checkerframework:checker-qual:2.5.8) with IdentityTransform
Transforming image-1.0.0-beta1.aar (com.google.android.odml:image:1.0.0-beta1) with JetifyTransform
Transforming image-1.0.0-beta1.aar (com.google.android.odml:image:1.0.0-beta1) with ExtractAarTransform
Transforming image-1.0.0-beta1.aar (com.google.android.odml:image:1.0.0-beta1) with AarTransform
Transforming listenablefuture-1.0.jar (com.google.guava:listenablefuture:1.0) with JetifyTransform
Transforming listenablefuture-1.0.jar (com.google.guava:listenablefuture:1.0) with IdentityTransform
Caching disabled for task ':app:mergeDebugJavaResource' because:
  Caching has been disabled for the task
Skipping task ':app:mergeDebugJavaResource' as it is up-to-date.
Resolve mutations for :app:checkDebugDuplicateClasses (Thread[#427,Execution worker,5,main]) started.
:app:checkDebugDuplicateClasses (Thread[#427,Execution worker,5,main]) started.

> Task :app:checkDebugDuplicateClasses UP-TO-DATE
Transforming hilt-navigation-compose-1.1.0.aar (androidx.hilt:hilt-navigation-compose:1.1.0) with JetifyTransform
Transforming hilt-navigation-compose-1.1.0.aar (androidx.hilt:hilt-navigation-compose:1.1.0) with AarToClassTransform
Transforming hilt-navigation-compose-1.1.0.aar (androidx.hilt:hilt-navigation-compose:1.1.0) with EnumerateClassesTransform
Transforming hilt-navigation-1.1.0.aar (androidx.hilt:hilt-navigation:1.1.0) with JetifyTransform
Transforming hilt-navigation-1.1.0.aar (androidx.hilt:hilt-navigation:1.1.0) with AarToClassTransform
Transforming hilt-navigation-1.1.0.aar (androidx.hilt:hilt-navigation:1.1.0) with EnumerateClassesTransform
Transforming navigation-common-2.7.7.aar (androidx.navigation:navigation-common:2.7.7) with JetifyTransform
Transforming navigation-common-2.7.7.aar (androidx.navigation:navigation-common:2.7.7) with AarToClassTransform
Transforming navigation-common-2.7.7.aar (androidx.navigation:navigation-common:2.7.7) with EnumerateClassesTransform
Transforming navigation-runtime-2.7.7.aar (androidx.navigation:navigation-runtime:2.7.7) with JetifyTransform
Transforming navigation-runtime-2.7.7.aar (androidx.navigation:navigation-runtime:2.7.7) with AarToClassTransform
Transforming navigation-runtime-2.7.7.aar (androidx.navigation:navigation-runtime:2.7.7) with EnumerateClassesTransform
Transforming navigation-common-ktx-2.7.7.aar (androidx.navigation:navigation-common-ktx:2.7.7) with JetifyTransform
Transforming navigation-common-ktx-2.7.7.aar (androidx.navigation:navigation-common-ktx:2.7.7) with AarToClassTransform
Transforming navigation-common-ktx-2.7.7.aar (androidx.navigation:navigation-common-ktx:2.7.7) with EnumerateClassesTransform
Transforming navigation-runtime-ktx-2.7.7.aar (androidx.navigation:navigation-runtime-ktx:2.7.7) with JetifyTransform
Transforming navigation-runtime-ktx-2.7.7.aar (androidx.navigation:navigation-runtime-ktx:2.7.7) with AarToClassTransform
Transforming navigation-runtime-ktx-2.7.7.aar (androidx.navigation:navigation-runtime-ktx:2.7.7) with EnumerateClassesTransform
Transforming navigation-compose-2.7.7.aar (androidx.navigation:navigation-compose:2.7.7) with JetifyTransform
Transforming navigation-compose-2.7.7.aar (androidx.navigation:navigation-compose:2.7.7) with AarToClassTransform
Transforming navigation-compose-2.7.7.aar (androidx.navigation:navigation-compose:2.7.7) with EnumerateClassesTransform
Transforming hilt-android-2.48.aar (com.google.dagger:hilt-android:2.48) with JetifyTransform
Transforming hilt-android-2.48.aar (com.google.dagger:hilt-android:2.48) with AarToClassTransform
Transforming hilt-android-2.48.aar (com.google.dagger:hilt-android:2.48) with EnumerateClassesTransform
Transforming datastore-preferences-1.0.0.aar (androidx.datastore:datastore-preferences:1.0.0) with JetifyTransform
Transforming datastore-preferences-1.0.0.aar (androidx.datastore:datastore-preferences:1.0.0) with AarToClassTransform
Transforming datastore-preferences-1.0.0.aar (androidx.datastore:datastore-preferences:1.0.0) with EnumerateClassesTransform
Transforming fragment-1.5.1.aar (androidx.fragment:fragment:1.5.1) with JetifyTransform
Transforming fragment-1.5.1.aar (androidx.fragment:fragment:1.5.1) with AarToClassTransform
Transforming fragment-1.5.1.aar (androidx.fragment:fragment:1.5.1) with EnumerateClassesTransform
Transforming activity-ktx-1.8.1.aar (androidx.activity:activity-ktx:1.8.1) with JetifyTransform
Transforming activity-ktx-1.8.1.aar (androidx.activity:activity-ktx:1.8.1) with AarToClassTransform
Transforming activity-ktx-1.8.1.aar (androidx.activity:activity-ktx:1.8.1) with EnumerateClassesTransform
Transforming activity-1.8.1.aar (androidx.activity:activity:1.8.1) with JetifyTransform
Transforming activity-1.8.1.aar (androidx.activity:activity:1.8.1) with AarToClassTransform
Transforming activity-1.8.1.aar (androidx.activity:activity:1.8.1) with EnumerateClassesTransform
Transforming material3-release.aar (androidx.compose.material3:material3-android:1.2.1) with JetifyTransform
Transforming material3-release.aar (androidx.compose.material3:material3-android:1.2.1) with AarToClassTransform
Transforming material3-release.aar (androidx.compose.material3:material3-android:1.2.1) with EnumerateClassesTransform
Transforming material-release.aar (androidx.compose.material:material-android:1.6.4) with JetifyTransform
Transforming material-release.aar (androidx.compose.material:material-android:1.6.4) with AarToClassTransform
Transforming material-release.aar (androidx.compose.material:material-android:1.6.4) with EnumerateClassesTransform
Transforming material-icons-core-release.aar (androidx.compose.material:material-icons-core-android:1.6.4) with JetifyTransform
Transforming material-icons-core-release.aar (androidx.compose.material:material-icons-core-android:1.6.4) with AarToClassTransform
Transforming material-icons-core-release.aar (androidx.compose.material:material-icons-core-android:1.6.4) with EnumerateClassesTransform
Transforming material-icons-extended-release.aar (androidx.compose.material:material-icons-extended-android:1.6.4) with JetifyTransform
Transforming material-icons-extended-release.aar (androidx.compose.material:material-icons-extended-android:1.6.4) with AarToClassTransform
Transforming material-icons-extended-release.aar (androidx.compose.material:material-icons-extended-android:1.6.4) with EnumerateClassesTransform
Transforming material-ripple-release.aar (androidx.compose.material:material-ripple-android:1.6.4) with JetifyTransform
Transforming material-ripple-release.aar (androidx.compose.material:material-ripple-android:1.6.4) with AarToClassTransform
Transforming material-ripple-release.aar (androidx.compose.material:material-ripple-android:1.6.4) with EnumerateClassesTransform
Transforming ui-tooling-data-release.aar (androidx.compose.ui:ui-tooling-data-android:1.6.5) with JetifyTransform
Transforming ui-tooling-data-release.aar (androidx.compose.ui:ui-tooling-data-android:1.6.5) with AarToClassTransform
Transforming ui-tooling-data-release.aar (androidx.compose.ui:ui-tooling-data-android:1.6.5) with EnumerateClassesTransform
Transforming foundation-layout-release.aar (androidx.compose.foundation:foundation-layout-android:1.6.5) with JetifyTransform
Transforming foundation-layout-release.aar (androidx.compose.foundation:foundation-layout-android:1.6.5) with AarToClassTransform
Transforming foundation-layout-release.aar (androidx.compose.foundation:foundation-layout-android:1.6.5) with EnumerateClassesTransform
Transforming foundation-release.aar (androidx.compose.foundation:foundation-android:1.6.5) with JetifyTransform
Transforming foundation-release.aar (androidx.compose.foundation:foundation-android:1.6.5) with AarToClassTransform
Transforming foundation-release.aar (androidx.compose.foundation:foundation-android:1.6.5) with EnumerateClassesTransform
Transforming animation-release.aar (androidx.compose.animation:animation-android:1.6.5) with JetifyTransform
Transforming animation-release.aar (androidx.compose.animation:animation-android:1.6.5) with AarToClassTransform
Transforming animation-release.aar (androidx.compose.animation:animation-android:1.6.5) with EnumerateClassesTransform
Transforming animation-core-release.aar (androidx.compose.animation:animation-core-android:1.6.5) with JetifyTransform
Transforming animation-core-release.aar (androidx.compose.animation:animation-core-android:1.6.5) with AarToClassTransform
Transforming animation-core-release.aar (androidx.compose.animation:animation-core-android:1.6.5) with EnumerateClassesTransform
Transforming ui-unit-release.aar (androidx.compose.ui:ui-unit-android:1.6.5) with JetifyTransform
Transforming ui-unit-release.aar (androidx.compose.ui:ui-unit-android:1.6.5) with AarToClassTransform
Transforming ui-unit-release.aar (androidx.compose.ui:ui-unit-android:1.6.5) with EnumerateClassesTransform
Transforming ui-geometry-release.aar (androidx.compose.ui:ui-geometry-android:1.6.5) with JetifyTransform
Transforming ui-geometry-release.aar (androidx.compose.ui:ui-geometry-android:1.6.5) with AarToClassTransform
Transforming ui-geometry-release.aar (androidx.compose.ui:ui-geometry-android:1.6.5) with EnumerateClassesTransform
Transforming ui-util-release.aar (androidx.compose.ui:ui-util-android:1.6.5) with JetifyTransform
Transforming ui-util-release.aar (androidx.compose.ui:ui-util-android:1.6.5) with AarToClassTransform
Transforming ui-util-release.aar (androidx.compose.ui:ui-util-android:1.6.5) with EnumerateClassesTransform
Transforming ui-text-release.aar (androidx.compose.ui:ui-text-android:1.6.5) with JetifyTransform
Transforming ui-text-release.aar (androidx.compose.ui:ui-text-android:1.6.5) with AarToClassTransform
Transforming ui-text-release.aar (androidx.compose.ui:ui-text-android:1.6.5) with EnumerateClassesTransform
Transforming ui-tooling-preview-release.aar (androidx.compose.ui:ui-tooling-preview-android:1.6.5) with JetifyTransform
Transforming ui-tooling-preview-release.aar (androidx.compose.ui:ui-tooling-preview-android:1.6.5) with AarToClassTransform
Transforming ui-tooling-preview-release.aar (androidx.compose.ui:ui-tooling-preview-android:1.6.5) with EnumerateClassesTransform
Transforming ui-graphics-release.aar (androidx.compose.ui:ui-graphics-android:1.6.5) with JetifyTransform
Transforming ui-graphics-release.aar (androidx.compose.ui:ui-graphics-android:1.6.5) with AarToClassTransform
Transforming ui-graphics-release.aar (androidx.compose.ui:ui-graphics-android:1.6.5) with EnumerateClassesTransform
Transforming ui-tooling-release.aar (androidx.compose.ui:ui-tooling-android:1.6.5) with JetifyTransform
Transforming ui-tooling-release.aar (androidx.compose.ui:ui-tooling-android:1.6.5) with AarToClassTransform
Transforming ui-tooling-release.aar (androidx.compose.ui:ui-tooling-android:1.6.5) with EnumerateClassesTransform
Transforming activity-compose-1.8.1.aar (androidx.activity:activity-compose:1.8.1) with JetifyTransform
Transforming activity-compose-1.8.1.aar (androidx.activity:activity-compose:1.8.1) with AarToClassTransform
Transforming activity-compose-1.8.1.aar (androidx.activity:activity-compose:1.8.1) with EnumerateClassesTransform
Transforming customview-poolingcontainer-1.0.0.aar (androidx.customview:customview-poolingcontainer:1.0.0) with JetifyTransform
Transforming customview-poolingcontainer-1.0.0.aar (androidx.customview:customview-poolingcontainer:1.0.0) with AarToClassTransform
Transforming customview-poolingcontainer-1.0.0.aar (androidx.customview:customview-poolingcontainer:1.0.0) with EnumerateClassesTransform
Transforming core-ktx-1.12.0.aar (androidx.core:core-ktx:1.12.0) with JetifyTransform
Transforming core-ktx-1.12.0.aar (androidx.core:core-ktx:1.12.0) with AarToClassTransform
Transforming core-ktx-1.12.0.aar (androidx.core:core-ktx:1.12.0) with EnumerateClassesTransform
Transforming loader-1.0.0.aar (androidx.loader:loader:1.0.0) with JetifyTransform
Transforming loader-1.0.0.aar (androidx.loader:loader:1.0.0) with AarToClassTransform
Transforming loader-1.0.0.aar (androidx.loader:loader:1.0.0) with EnumerateClassesTransform
Transforming viewpager-1.0.0.aar (androidx.viewpager:viewpager:1.0.0) with JetifyTransform
Transforming viewpager-1.0.0.aar (androidx.viewpager:viewpager:1.0.0) with AarToClassTransform
Transforming viewpager-1.0.0.aar (androidx.viewpager:viewpager:1.0.0) with EnumerateClassesTransform
Transforming customview-1.0.0.aar (androidx.customview:customview:1.0.0) with JetifyTransform
Transforming customview-1.0.0.aar (androidx.customview:customview:1.0.0) with AarToClassTransform
Transforming customview-1.0.0.aar (androidx.customview:customview:1.0.0) with EnumerateClassesTransform
Transforming autofill-1.0.0.aar (androidx.autofill:autofill:1.0.0) with JetifyTransform
Transforming autofill-1.0.0.aar (androidx.autofill:autofill:1.0.0) with AarToClassTransform
Transforming autofill-1.0.0.aar (androidx.autofill:autofill:1.0.0) with EnumerateClassesTransform
Transforming emoji2-1.3.0.aar (androidx.emoji2:emoji2:1.3.0) with JetifyTransform
Transforming emoji2-1.3.0.aar (androidx.emoji2:emoji2:1.3.0) with AarToClassTransform
Transforming emoji2-1.3.0.aar (androidx.emoji2:emoji2:1.3.0) with EnumerateClassesTransform
Transforming core-1.12.0.aar (androidx.core:core:1.12.0) with JetifyTransform
Transforming core-1.12.0.aar (androidx.core:core:1.12.0) with AarToClassTransform
Transforming core-1.12.0.aar (androidx.core:core:1.12.0) with EnumerateClassesTransform
Transforming core-1.12.0.aar (androidx.core:core:1.12.0) with JetifyTransform
Transforming core-1.12.0.aar (androidx.core:core:1.12.0) with AarToClassTransform
Transforming core-1.12.0.aar (androidx.core:core:1.12.0) with EnumerateClassesTransform
Transforming lifecycle-process-2.7.0.aar (androidx.lifecycle:lifecycle-process:2.7.0) with JetifyTransform
Transforming lifecycle-process-2.7.0.aar (androidx.lifecycle:lifecycle-process:2.7.0) with AarToClassTransform
Transforming lifecycle-process-2.7.0.aar (androidx.lifecycle:lifecycle-process:2.7.0) with EnumerateClassesTransform
Transforming lifecycle-livedata-core-ktx-2.7.0.aar (androidx.lifecycle:lifecycle-livedata-core-ktx:2.7.0) with JetifyTransform
Transforming lifecycle-livedata-core-ktx-2.7.0.aar (androidx.lifecycle:lifecycle-livedata-core-ktx:2.7.0) with AarToClassTransform
Transforming lifecycle-livedata-core-ktx-2.7.0.aar (androidx.lifecycle:lifecycle-livedata-core-ktx:2.7.0) with EnumerateClassesTransform
Transforming lifecycle-livedata-2.7.0.aar (androidx.lifecycle:lifecycle-livedata:2.7.0) with JetifyTransform
Transforming lifecycle-livedata-2.7.0.aar (androidx.lifecycle:lifecycle-livedata:2.7.0) with AarToClassTransform
Transforming lifecycle-livedata-2.7.0.aar (androidx.lifecycle:lifecycle-livedata:2.7.0) with EnumerateClassesTransform
Transforming lifecycle-viewmodel-ktx-2.7.0.aar (androidx.lifecycle:lifecycle-viewmodel-ktx:2.7.0) with JetifyTransform
Transforming lifecycle-viewmodel-ktx-2.7.0.aar (androidx.lifecycle:lifecycle-viewmodel-ktx:2.7.0) with AarToClassTransform
Transforming lifecycle-viewmodel-ktx-2.7.0.aar (androidx.lifecycle:lifecycle-viewmodel-ktx:2.7.0) with EnumerateClassesTransform
Transforming lifecycle-common-java8-2.7.0.jar (androidx.lifecycle:lifecycle-common-java8:2.7.0) with JetifyTransform
Transforming lifecycle-common-java8-2.7.0.jar (androidx.lifecycle:lifecycle-common-java8:2.7.0) with IdentityTransform
Transforming lifecycle-common-java8-2.7.0.jar (androidx.lifecycle:lifecycle-common-java8:2.7.0) with EnumerateClassesTransform
Transforming lifecycle-livedata-core-2.7.0.aar (androidx.lifecycle:lifecycle-livedata-core:2.7.0) with JetifyTransform
Transforming lifecycle-livedata-core-2.7.0.aar (androidx.lifecycle:lifecycle-livedata-core:2.7.0) with AarToClassTransform
Transforming lifecycle-livedata-core-2.7.0.aar (androidx.lifecycle:lifecycle-livedata-core:2.7.0) with EnumerateClassesTransform
Transforming lifecycle-runtime-2.7.0.aar (androidx.lifecycle:lifecycle-runtime:2.7.0) with JetifyTransform
Transforming lifecycle-runtime-2.7.0.aar (androidx.lifecycle:lifecycle-runtime:2.7.0) with AarToClassTransform
Transforming lifecycle-runtime-2.7.0.aar (androidx.lifecycle:lifecycle-runtime:2.7.0) with EnumerateClassesTransform
Transforming lifecycle-viewmodel-savedstate-2.7.0.aar (androidx.lifecycle:lifecycle-viewmodel-savedstate:2.7.0) with JetifyTransform
Transforming lifecycle-viewmodel-savedstate-2.7.0.aar (androidx.lifecycle:lifecycle-viewmodel-savedstate:2.7.0) with AarToClassTransform
Transforming lifecycle-viewmodel-savedstate-2.7.0.aar (androidx.lifecycle:lifecycle-viewmodel-savedstate:2.7.0) with EnumerateClassesTransform
Transforming lifecycle-viewmodel-2.7.0.aar (androidx.lifecycle:lifecycle-viewmodel:2.7.0) with JetifyTransform
Transforming lifecycle-viewmodel-2.7.0.aar (androidx.lifecycle:lifecycle-viewmodel:2.7.0) with AarToClassTransform
Transforming lifecycle-viewmodel-2.7.0.aar (androidx.lifecycle:lifecycle-viewmodel:2.7.0) with EnumerateClassesTransform
Transforming lifecycle-viewmodel-2.7.0.aar (androidx.lifecycle:lifecycle-viewmodel:2.7.0) with JetifyTransform
Transforming lifecycle-viewmodel-2.7.0.aar (androidx.lifecycle:lifecycle-viewmodel:2.7.0) with AarToClassTransform
Transforming lifecycle-viewmodel-2.7.0.aar (androidx.lifecycle:lifecycle-viewmodel:2.7.0) with EnumerateClassesTransform
Transforming savedstate-ktx-1.2.1.aar (androidx.savedstate:savedstate-ktx:1.2.1) with JetifyTransform
Transforming savedstate-ktx-1.2.1.aar (androidx.savedstate:savedstate-ktx:1.2.1) with AarToClassTransform
Transforming savedstate-ktx-1.2.1.aar (androidx.savedstate:savedstate-ktx:1.2.1) with EnumerateClassesTransform
Transforming savedstate-1.2.1.aar (androidx.savedstate:savedstate:1.2.1) with JetifyTransform
Transforming savedstate-1.2.1.aar (androidx.savedstate:savedstate:1.2.1) with AarToClassTransform
Transforming savedstate-1.2.1.aar (androidx.savedstate:savedstate:1.2.1) with EnumerateClassesTransform
Transforming lifecycle-common-2.7.0.jar (androidx.lifecycle:lifecycle-common:2.7.0) with JetifyTransform
Transforming lifecycle-common-2.7.0.jar (androidx.lifecycle:lifecycle-common:2.7.0) with IdentityTransform
Transforming lifecycle-common-2.7.0.jar (androidx.lifecycle:lifecycle-common:2.7.0) with EnumerateClassesTransform
Transforming lifecycle-runtime-ktx-2.7.0.aar (androidx.lifecycle:lifecycle-runtime-ktx:2.7.0) with JetifyTransform
Transforming lifecycle-runtime-ktx-2.7.0.aar (androidx.lifecycle:lifecycle-runtime-ktx:2.7.0) with AarToClassTransform
Transforming lifecycle-runtime-ktx-2.7.0.aar (androidx.lifecycle:lifecycle-runtime-ktx:2.7.0) with EnumerateClassesTransform
Transforming lifecycle-viewmodel-compose-2.7.0.aar (androidx.lifecycle:lifecycle-viewmodel-compose:2.7.0) with JetifyTransform
Transforming lifecycle-viewmodel-compose-2.7.0.aar (androidx.lifecycle:lifecycle-viewmodel-compose:2.7.0) with AarToClassTransform
Transforming lifecycle-viewmodel-compose-2.7.0.aar (androidx.lifecycle:lifecycle-viewmodel-compose:2.7.0) with EnumerateClassesTransform
Transforming ui-release.aar (androidx.compose.ui:ui-android:1.6.5) with JetifyTransform
Transforming ui-release.aar (androidx.compose.ui:ui-android:1.6.5) with AarToClassTransform
Transforming ui-release.aar (androidx.compose.ui:ui-android:1.6.5) with EnumerateClassesTransform
Transforming ui-test-manifest-1.6.5.aar (androidx.compose.ui:ui-test-manifest:1.6.5) with JetifyTransform
Transforming ui-test-manifest-1.6.5.aar (androidx.compose.ui:ui-test-manifest:1.6.5) with AarToClassTransform
Transforming ui-test-manifest-1.6.5.aar (androidx.compose.ui:ui-test-manifest:1.6.5) with EnumerateClassesTransform
Transforming ui-text-google-fonts-1.6.5.aar (androidx.compose.ui:ui-text-google-fonts:1.6.5) with JetifyTransform
Transforming ui-text-google-fonts-1.6.5.aar (androidx.compose.ui:ui-text-google-fonts:1.6.5) with AarToClassTransform
Transforming ui-text-google-fonts-1.6.5.aar (androidx.compose.ui:ui-text-google-fonts:1.6.5) with EnumerateClassesTransform
Transforming datastore-1.0.0.aar (androidx.datastore:datastore:1.0.0) with JetifyTransform
Transforming datastore-1.0.0.aar (androidx.datastore:datastore:1.0.0) with AarToClassTransform
Transforming datastore-1.0.0.aar (androidx.datastore:datastore:1.0.0) with EnumerateClassesTransform
Transforming datastore-preferences-core-1.0.0.jar (androidx.datastore:datastore-preferences-core:1.0.0) with JetifyTransform
Transforming datastore-preferences-core-1.0.0.jar (androidx.datastore:datastore-preferences-core:1.0.0) with IdentityTransform
Transforming datastore-preferences-core-1.0.0.jar (androidx.datastore:datastore-preferences-core:1.0.0) with EnumerateClassesTransform
Transforming kotlinx-serialization-core-jvm-1.6.3.jar (org.jetbrains.kotlinx:kotlinx-serialization-core-jvm:1.6.3) with JetifyTransform
Transforming kotlinx-serialization-core-jvm-1.6.3.jar (org.jetbrains.kotlinx:kotlinx-serialization-core-jvm:1.6.3) with IdentityTransform
Transforming kotlinx-serialization-core-jvm-1.6.3.jar (org.jetbrains.kotlinx:kotlinx-serialization-core-jvm:1.6.3) with EnumerateClassesTransform
Transforming kotlinx-serialization-json-jvm-1.6.3.jar (org.jetbrains.kotlinx:kotlinx-serialization-json-jvm:1.6.3) with JetifyTransform
Transforming kotlinx-serialization-json-jvm-1.6.3.jar (org.jetbrains.kotlinx:kotlinx-serialization-json-jvm:1.6.3) with IdentityTransform
Transforming kotlinx-serialization-json-jvm-1.6.3.jar (org.jetbrains.kotlinx:kotlinx-serialization-json-jvm:1.6.3) with EnumerateClassesTransform
Transforming datastore-core-1.0.0.jar (androidx.datastore:datastore-core:1.0.0) with JetifyTransform
Transforming datastore-core-1.0.0.jar (androidx.datastore:datastore-core:1.0.0) with IdentityTransform
Transforming datastore-core-1.0.0.jar (androidx.datastore:datastore-core:1.0.0) with EnumerateClassesTransform
Transforming runtime-saveable-release.aar (androidx.compose.runtime:runtime-saveable-android:1.6.5) with JetifyTransform
Transforming runtime-saveable-release.aar (androidx.compose.runtime:runtime-saveable-android:1.6.5) with AarToClassTransform
Transforming runtime-saveable-release.aar (androidx.compose.runtime:runtime-saveable-android:1.6.5) with EnumerateClassesTransform
Transforming runtime-release.aar (androidx.compose.runtime:runtime-android:1.6.5) with JetifyTransform
Transforming runtime-release.aar (androidx.compose.runtime:runtime-android:1.6.5) with AarToClassTransform
Transforming runtime-release.aar (androidx.compose.runtime:runtime-android:1.6.5) with EnumerateClassesTransform
Transforming kotlinx-coroutines-core-jvm-1.7.3.jar (org.jetbrains.kotlinx:kotlinx-coroutines-core-jvm:1.7.3) with JetifyTransform
Transforming kotlinx-coroutines-core-jvm-1.7.3.jar (org.jetbrains.kotlinx:kotlinx-coroutines-core-jvm:1.7.3) with IdentityTransform
Transforming kotlinx-coroutines-core-jvm-1.7.3.jar (org.jetbrains.kotlinx:kotlinx-coroutines-core-jvm:1.7.3) with EnumerateClassesTransform
Transforming kotlinx-coroutines-android-1.7.3.jar (org.jetbrains.kotlinx:kotlinx-coroutines-android:1.7.3) with JetifyTransform
Transforming kotlinx-coroutines-android-1.7.3.jar (org.jetbrains.kotlinx:kotlinx-coroutines-android:1.7.3) with IdentityTransform
Transforming kotlinx-coroutines-android-1.7.3.jar (org.jetbrains.kotlinx:kotlinx-coroutines-android:1.7.3) with EnumerateClassesTransform
Transforming kotlin-stdlib-jdk8-1.8.20.jar (org.jetbrains.kotlin:kotlin-stdlib-jdk8:1.8.20) with JetifyTransform
Transforming kotlin-stdlib-jdk8-1.8.20.jar (org.jetbrains.kotlin:kotlin-stdlib-jdk8:1.8.20) with IdentityTransform
Transforming kotlin-stdlib-jdk8-1.8.20.jar (org.jetbrains.kotlin:kotlin-stdlib-jdk8:1.8.20) with EnumerateClassesTransform
Transforming annotation-experimental-1.4.0.aar (androidx.annotation:annotation-experimental:1.4.0) with JetifyTransform
Transforming annotation-experimental-1.4.0.aar (androidx.annotation:annotation-experimental:1.4.0) with AarToClassTransform
Transforming annotation-experimental-1.4.0.aar (androidx.annotation:annotation-experimental:1.4.0) with EnumerateClassesTransform
Transforming kotlin-stdlib-jdk7-1.8.20.jar (org.jetbrains.kotlin:kotlin-stdlib-jdk7:1.8.20) with JetifyTransform
Transforming kotlin-stdlib-jdk7-1.8.20.jar (org.jetbrains.kotlin:kotlin-stdlib-jdk7:1.8.20) with IdentityTransform
Transforming kotlin-stdlib-jdk7-1.8.20.jar (org.jetbrains.kotlin:kotlin-stdlib-jdk7:1.8.20) with EnumerateClassesTransform
Transforming versionedparcelable-1.1.1.aar (androidx.versionedparcelable:versionedparcelable:1.1.1) with JetifyTransform
Transforming versionedparcelable-1.1.1.aar (androidx.versionedparcelable:versionedparcelable:1.1.1) with AarToClassTransform
Transforming versionedparcelable-1.1.1.aar (androidx.versionedparcelable:versionedparcelable:1.1.1) with EnumerateClassesTransform
Transforming collection-ktx-1.4.0.jar (androidx.collection:collection-ktx:1.4.0) with JetifyTransform
Transforming collection-ktx-1.4.0.jar (androidx.collection:collection-ktx:1.4.0) with IdentityTransform
Transforming collection-ktx-1.4.0.jar (androidx.collection:collection-ktx:1.4.0) with EnumerateClassesTransform
Transforming collection-jvm-1.4.0.jar (androidx.collection:collection-jvm:1.4.0) with JetifyTransform
Transforming collection-jvm-1.4.0.jar (androidx.collection:collection-jvm:1.4.0) with IdentityTransform
Transforming collection-jvm-1.4.0.jar (androidx.collection:collection-jvm:1.4.0) with EnumerateClassesTransform
Transforming interpolator-1.0.0.aar (androidx.interpolator:interpolator:1.0.0) with JetifyTransform
Transforming interpolator-1.0.0.aar (androidx.interpolator:interpolator:1.0.0) with AarToClassTransform
Transforming interpolator-1.0.0.aar (androidx.interpolator:interpolator:1.0.0) with EnumerateClassesTransform
Transforming core-runtime-2.2.0.aar (androidx.arch.core:core-runtime:2.2.0) with JetifyTransform
Transforming core-runtime-2.2.0.aar (androidx.arch.core:core-runtime:2.2.0) with AarToClassTransform
Transforming core-runtime-2.2.0.aar (androidx.arch.core:core-runtime:2.2.0) with EnumerateClassesTransform
Transforming core-common-2.2.0.jar (androidx.arch.core:core-common:2.2.0) with JetifyTransform
Transforming core-common-2.2.0.jar (androidx.arch.core:core-common:2.2.0) with IdentityTransform
Transforming core-common-2.2.0.jar (androidx.arch.core:core-common:2.2.0) with EnumerateClassesTransform
Transforming profileinstaller-1.3.0.aar (androidx.profileinstaller:profileinstaller:1.3.0) with JetifyTransform
Transforming profileinstaller-1.3.0.aar (androidx.profileinstaller:profileinstaller:1.3.0) with AarToClassTransform
Transforming profileinstaller-1.3.0.aar (androidx.profileinstaller:profileinstaller:1.3.0) with EnumerateClassesTransform
Transforming startup-runtime-1.1.1.aar (androidx.startup:startup-runtime:1.1.1) with JetifyTransform
Transforming startup-runtime-1.1.1.aar (androidx.startup:startup-runtime:1.1.1) with AarToClassTransform
Transforming startup-runtime-1.1.1.aar (androidx.startup:startup-runtime:1.1.1) with EnumerateClassesTransform
Transforming tracing-1.0.0.aar (androidx.tracing:tracing:1.0.0) with JetifyTransform
Transforming tracing-1.0.0.aar (androidx.tracing:tracing:1.0.0) with AarToClassTransform
Transforming tracing-1.0.0.aar (androidx.tracing:tracing:1.0.0) with EnumerateClassesTransform
Transforming concurrent-futures-1.1.0.jar (androidx.concurrent:concurrent-futures:1.1.0) with JetifyTransform
Transforming concurrent-futures-1.1.0.jar (androidx.concurrent:concurrent-futures:1.1.0) with IdentityTransform
Transforming concurrent-futures-1.1.0.jar (androidx.concurrent:concurrent-futures:1.1.0) with EnumerateClassesTransform
Transforming annotation-jvm-1.7.0.jar (androidx.annotation:annotation-jvm:1.7.0) with JetifyTransform
Transforming annotation-jvm-1.7.0.jar (androidx.annotation:annotation-jvm:1.7.0) with IdentityTransform
Transforming annotation-jvm-1.7.0.jar (androidx.annotation:annotation-jvm:1.7.0) with EnumerateClassesTransform
Transforming kotlin-stdlib-1.9.23.jar (org.jetbrains.kotlin:kotlin-stdlib:1.9.23) with JetifyTransform
Transforming kotlin-stdlib-1.9.23.jar (org.jetbrains.kotlin:kotlin-stdlib:1.9.23) with IdentityTransform
Transforming kotlin-stdlib-1.9.23.jar (org.jetbrains.kotlin:kotlin-stdlib:1.9.23) with EnumerateClassesTransform
Transforming tensorflow-lite-support-0.4.4.aar (org.tensorflow:tensorflow-lite-support:0.4.4) with JetifyTransform
Transforming tensorflow-lite-support-0.4.4.aar (org.tensorflow:tensorflow-lite-support:0.4.4) with AarToClassTransform
Transforming tensorflow-lite-support-0.4.4.aar (org.tensorflow:tensorflow-lite-support:0.4.4) with EnumerateClassesTransform
Transforming tensorflow-lite-2.14.0.aar (org.tensorflow:tensorflow-lite:2.14.0) with JetifyTransform
Transforming tensorflow-lite-2.14.0.aar (org.tensorflow:tensorflow-lite:2.14.0) with AarToClassTransform
Transforming tensorflow-lite-2.14.0.aar (org.tensorflow:tensorflow-lite:2.14.0) with EnumerateClassesTransform
Transforming annotations-23.0.0.jar (org.jetbrains:annotations:23.0.0) with JetifyTransform
Transforming annotations-23.0.0.jar (org.jetbrains:annotations:23.0.0) with IdentityTransform
Transforming annotations-23.0.0.jar (org.jetbrains:annotations:23.0.0) with EnumerateClassesTransform
Transforming hilt-core-2.48.jar (com.google.dagger:hilt-core:2.48) with JetifyTransform
Transforming hilt-core-2.48.jar (com.google.dagger:hilt-core:2.48) with IdentityTransform
Transforming hilt-core-2.48.jar (com.google.dagger:hilt-core:2.48) with EnumerateClassesTransform
Transforming dagger-2.48.jar (com.google.dagger:dagger:2.48) with JetifyTransform
Transforming dagger-2.48.jar (com.google.dagger:dagger:2.48) with IdentityTransform
Transforming dagger-2.48.jar (com.google.dagger:dagger:2.48) with EnumerateClassesTransform
Transforming dagger-lint-aar-2.48.aar (com.google.dagger:dagger-lint-aar:2.48) with JetifyTransform
Transforming dagger-lint-aar-2.48.aar (com.google.dagger:dagger-lint-aar:2.48) with AarToClassTransform
Transforming dagger-lint-aar-2.48.aar (com.google.dagger:dagger-lint-aar:2.48) with EnumerateClassesTransform
Transforming jsr305-3.0.2.jar (com.google.code.findbugs:jsr305:3.0.2) with JetifyTransform
Transforming jsr305-3.0.2.jar (com.google.code.findbugs:jsr305:3.0.2) with IdentityTransform
Transforming jsr305-3.0.2.jar (com.google.code.findbugs:jsr305:3.0.2) with EnumerateClassesTransform
Transforming javax.inject-1.jar (javax.inject:javax.inject:1) with JetifyTransform
Transforming javax.inject-1.jar (javax.inject:javax.inject:1) with IdentityTransform
Transforming javax.inject-1.jar (javax.inject:javax.inject:1) with EnumerateClassesTransform
Transforming tensorflow-lite-support-api-0.4.4.aar (org.tensorflow:tensorflow-lite-support-api:0.4.4) with JetifyTransform
Transforming tensorflow-lite-support-api-0.4.4.aar (org.tensorflow:tensorflow-lite-support-api:0.4.4) with AarToClassTransform
Transforming tensorflow-lite-support-api-0.4.4.aar (org.tensorflow:tensorflow-lite-support-api:0.4.4) with EnumerateClassesTransform
Transforming tensorflow-lite-api-2.14.0.aar (org.tensorflow:tensorflow-lite-api:2.14.0) with JetifyTransform
Transforming tensorflow-lite-api-2.14.0.aar (org.tensorflow:tensorflow-lite-api:2.14.0) with AarToClassTransform
Transforming tensorflow-lite-api-2.14.0.aar (org.tensorflow:tensorflow-lite-api:2.14.0) with EnumerateClassesTransform
Transforming checker-qual-2.5.8.jar (org.checkerframework:checker-qual:2.5.8) with JetifyTransform
Transforming checker-qual-2.5.8.jar (org.checkerframework:checker-qual:2.5.8) with IdentityTransform
Transforming checker-qual-2.5.8.jar (org.checkerframework:checker-qual:2.5.8) with EnumerateClassesTransform
Transforming image-1.0.0-beta1.aar (com.google.android.odml:image:1.0.0-beta1) with JetifyTransform
Transforming image-1.0.0-beta1.aar (com.google.android.odml:image:1.0.0-beta1) with AarToClassTransform
Transforming image-1.0.0-beta1.aar (com.google.android.odml:image:1.0.0-beta1) with EnumerateClassesTransform
Transforming listenablefuture-1.0.jar (com.google.guava:listenablefuture:1.0) with JetifyTransform
Transforming listenablefuture-1.0.jar (com.google.guava:listenablefuture:1.0) with IdentityTransform
Transforming listenablefuture-1.0.jar (com.google.guava:listenablefuture:1.0) with EnumerateClassesTransform
Caching disabled for task ':app:checkDebugDuplicateClasses' because:
  Caching has been disabled for the task
Skipping task ':app:checkDebugDuplicateClasses' as it is up-to-date.
Resolve mutations for :app:desugarDebugFileDependencies (Thread[#427,Execution worker,5,main]) started.
:app:desugarDebugFileDependencies (Thread[#427,Execution worker,5,main]) started.

> Task :app:desugarDebugFileDependencies UP-TO-DATE
Build cache key for task ':app:desugarDebugFileDependencies' is 667929d846771f74bd8ece95ddd8f0fc
Skipping task ':app:desugarDebugFileDependencies' as it is up-to-date.
Resolve mutations for :app:mergeExtDexDebug (Thread[#427,Execution worker,5,main]) started.
:app:mergeExtDexDebug (Thread[#427,Execution worker,5,main]) started.

> Task :app:mergeExtDexDebug UP-TO-DATE
Transforming hilt-navigation-compose-1.1.0.aar (androidx.hilt:hilt-navigation-compose:1.1.0) with JetifyTransform
Transforming hilt-navigation-compose-1.1.0.aar (androidx.hilt:hilt-navigation-compose:1.1.0) with AarToClassTransform
Transforming hilt-navigation-compose-1.1.0.aar (androidx.hilt:hilt-navigation-compose:1.1.0) with IdentityTransform
Transforming hilt-navigation-compose-1.1.0.aar (androidx.hilt:hilt-navigation-compose:1.1.0) with DexingNoClasspathTransform
Transforming hilt-navigation-1.1.0.aar (androidx.hilt:hilt-navigation:1.1.0) with JetifyTransform
Transforming hilt-navigation-1.1.0.aar (androidx.hilt:hilt-navigation:1.1.0) with AarToClassTransform
Transforming hilt-navigation-1.1.0.aar (androidx.hilt:hilt-navigation:1.1.0) with IdentityTransform
Transforming hilt-navigation-1.1.0.aar (androidx.hilt:hilt-navigation:1.1.0) with DexingNoClasspathTransform
Transforming navigation-common-2.7.7.aar (androidx.navigation:navigation-common:2.7.7) with JetifyTransform
Transforming navigation-common-2.7.7.aar (androidx.navigation:navigation-common:2.7.7) with AarToClassTransform
Transforming navigation-common-2.7.7.aar (androidx.navigation:navigation-common:2.7.7) with IdentityTransform
Transforming navigation-common-2.7.7.aar (androidx.navigation:navigation-common:2.7.7) with DexingNoClasspathTransform
Transforming navigation-runtime-2.7.7.aar (androidx.navigation:navigation-runtime:2.7.7) with JetifyTransform
Transforming navigation-runtime-2.7.7.aar (androidx.navigation:navigation-runtime:2.7.7) with AarToClassTransform
Transforming navigation-runtime-2.7.7.aar (androidx.navigation:navigation-runtime:2.7.7) with IdentityTransform
Transforming navigation-runtime-2.7.7.aar (androidx.navigation:navigation-runtime:2.7.7) with DexingNoClasspathTransform
Transforming navigation-common-ktx-2.7.7.aar (androidx.navigation:navigation-common-ktx:2.7.7) with JetifyTransform
Transforming navigation-common-ktx-2.7.7.aar (androidx.navigation:navigation-common-ktx:2.7.7) with AarToClassTransform
Transforming navigation-common-ktx-2.7.7.aar (androidx.navigation:navigation-common-ktx:2.7.7) with IdentityTransform
Transforming navigation-common-ktx-2.7.7.aar (androidx.navigation:navigation-common-ktx:2.7.7) with DexingNoClasspathTransform
Transforming navigation-runtime-ktx-2.7.7.aar (androidx.navigation:navigation-runtime-ktx:2.7.7) with JetifyTransform
Transforming navigation-runtime-ktx-2.7.7.aar (androidx.navigation:navigation-runtime-ktx:2.7.7) with AarToClassTransform
Transforming navigation-runtime-ktx-2.7.7.aar (androidx.navigation:navigation-runtime-ktx:2.7.7) with IdentityTransform
Transforming navigation-runtime-ktx-2.7.7.aar (androidx.navigation:navigation-runtime-ktx:2.7.7) with DexingNoClasspathTransform
Transforming navigation-compose-2.7.7.aar (androidx.navigation:navigation-compose:2.7.7) with JetifyTransform
Transforming navigation-compose-2.7.7.aar (androidx.navigation:navigation-compose:2.7.7) with AarToClassTransform
Transforming navigation-compose-2.7.7.aar (androidx.navigation:navigation-compose:2.7.7) with IdentityTransform
Transforming navigation-compose-2.7.7.aar (androidx.navigation:navigation-compose:2.7.7) with DexingNoClasspathTransform
Transforming hilt-android-2.48.aar (com.google.dagger:hilt-android:2.48) with JetifyTransform
Transforming hilt-android-2.48.aar (com.google.dagger:hilt-android:2.48) with AarToClassTransform
Transforming hilt-android-2.48.aar (com.google.dagger:hilt-android:2.48) with IdentityTransform
Transforming hilt-android-2.48.aar (com.google.dagger:hilt-android:2.48) with DexingNoClasspathTransform
Transforming datastore-preferences-1.0.0.aar (androidx.datastore:datastore-preferences:1.0.0) with JetifyTransform
Transforming datastore-preferences-1.0.0.aar (androidx.datastore:datastore-preferences:1.0.0) with AarToClassTransform
Transforming datastore-preferences-1.0.0.aar (androidx.datastore:datastore-preferences:1.0.0) with IdentityTransform
Transforming datastore-preferences-1.0.0.aar (androidx.datastore:datastore-preferences:1.0.0) with DexingNoClasspathTransform
Transforming fragment-1.5.1.aar (androidx.fragment:fragment:1.5.1) with JetifyTransform
Transforming fragment-1.5.1.aar (androidx.fragment:fragment:1.5.1) with AarToClassTransform
Transforming fragment-1.5.1.aar (androidx.fragment:fragment:1.5.1) with IdentityTransform
Transforming fragment-1.5.1.aar (androidx.fragment:fragment:1.5.1) with DexingNoClasspathTransform
Transforming activity-ktx-1.8.1.aar (androidx.activity:activity-ktx:1.8.1) with JetifyTransform
Transforming activity-ktx-1.8.1.aar (androidx.activity:activity-ktx:1.8.1) with AarToClassTransform
Transforming activity-ktx-1.8.1.aar (androidx.activity:activity-ktx:1.8.1) with IdentityTransform
Transforming activity-ktx-1.8.1.aar (androidx.activity:activity-ktx:1.8.1) with DexingNoClasspathTransform
Transforming activity-1.8.1.aar (androidx.activity:activity:1.8.1) with JetifyTransform
Transforming activity-1.8.1.aar (androidx.activity:activity:1.8.1) with AarToClassTransform
Transforming activity-1.8.1.aar (androidx.activity:activity:1.8.1) with IdentityTransform
Transforming activity-1.8.1.aar (androidx.activity:activity:1.8.1) with DexingNoClasspathTransform
Transforming material3-release.aar (androidx.compose.material3:material3-android:1.2.1) with JetifyTransform
Transforming material3-release.aar (androidx.compose.material3:material3-android:1.2.1) with AarToClassTransform
Transforming material3-release.aar (androidx.compose.material3:material3-android:1.2.1) with IdentityTransform
Transforming material3-release.aar (androidx.compose.material3:material3-android:1.2.1) with DexingNoClasspathTransform
Transforming material-release.aar (androidx.compose.material:material-android:1.6.4) with JetifyTransform
Transforming material-release.aar (androidx.compose.material:material-android:1.6.4) with AarToClassTransform
Transforming material-release.aar (androidx.compose.material:material-android:1.6.4) with IdentityTransform
Transforming material-release.aar (androidx.compose.material:material-android:1.6.4) with DexingNoClasspathTransform
Transforming material-icons-core-release.aar (androidx.compose.material:material-icons-core-android:1.6.4) with JetifyTransform
Transforming material-icons-core-release.aar (androidx.compose.material:material-icons-core-android:1.6.4) with AarToClassTransform
Transforming material-icons-core-release.aar (androidx.compose.material:material-icons-core-android:1.6.4) with IdentityTransform
Transforming material-icons-core-release.aar (androidx.compose.material:material-icons-core-android:1.6.4) with DexingNoClasspathTransform
Transforming material-icons-extended-release.aar (androidx.compose.material:material-icons-extended-android:1.6.4) with JetifyTransform
Transforming material-icons-extended-release.aar (androidx.compose.material:material-icons-extended-android:1.6.4) with AarToClassTransform
Transforming material-icons-extended-release.aar (androidx.compose.material:material-icons-extended-android:1.6.4) with IdentityTransform
Transforming material-icons-extended-release.aar (androidx.compose.material:material-icons-extended-android:1.6.4) with DexingNoClasspathTransform
Transforming material-ripple-release.aar (androidx.compose.material:material-ripple-android:1.6.4) with JetifyTransform
Transforming material-ripple-release.aar (androidx.compose.material:material-ripple-android:1.6.4) with AarToClassTransform
Transforming material-ripple-release.aar (androidx.compose.material:material-ripple-android:1.6.4) with IdentityTransform
Transforming material-ripple-release.aar (androidx.compose.material:material-ripple-android:1.6.4) with DexingNoClasspathTransform
Transforming ui-tooling-data-release.aar (androidx.compose.ui:ui-tooling-data-android:1.6.5) with JetifyTransform
Transforming ui-tooling-data-release.aar (androidx.compose.ui:ui-tooling-data-android:1.6.5) with AarToClassTransform
Transforming ui-tooling-data-release.aar (androidx.compose.ui:ui-tooling-data-android:1.6.5) with IdentityTransform
Transforming ui-tooling-data-release.aar (androidx.compose.ui:ui-tooling-data-android:1.6.5) with DexingNoClasspathTransform
Transforming foundation-layout-release.aar (androidx.compose.foundation:foundation-layout-android:1.6.5) with JetifyTransform
Transforming foundation-layout-release.aar (androidx.compose.foundation:foundation-layout-android:1.6.5) with AarToClassTransform
Transforming foundation-layout-release.aar (androidx.compose.foundation:foundation-layout-android:1.6.5) with IdentityTransform
Transforming foundation-layout-release.aar (androidx.compose.foundation:foundation-layout-android:1.6.5) with DexingNoClasspathTransform
Transforming foundation-release.aar (androidx.compose.foundation:foundation-android:1.6.5) with JetifyTransform
Transforming foundation-release.aar (androidx.compose.foundation:foundation-android:1.6.5) with AarToClassTransform
Transforming foundation-release.aar (androidx.compose.foundation:foundation-android:1.6.5) with IdentityTransform
Transforming foundation-release.aar (androidx.compose.foundation:foundation-android:1.6.5) with DexingNoClasspathTransform
Transforming animation-release.aar (androidx.compose.animation:animation-android:1.6.5) with JetifyTransform
Transforming animation-release.aar (androidx.compose.animation:animation-android:1.6.5) with AarToClassTransform
Transforming animation-release.aar (androidx.compose.animation:animation-android:1.6.5) with IdentityTransform
Transforming animation-release.aar (androidx.compose.animation:animation-android:1.6.5) with DexingNoClasspathTransform
Transforming animation-core-release.aar (androidx.compose.animation:animation-core-android:1.6.5) with JetifyTransform
Transforming animation-core-release.aar (androidx.compose.animation:animation-core-android:1.6.5) with AarToClassTransform
Transforming animation-core-release.aar (androidx.compose.animation:animation-core-android:1.6.5) with IdentityTransform
Transforming animation-core-release.aar (androidx.compose.animation:animation-core-android:1.6.5) with DexingNoClasspathTransform
Transforming ui-unit-release.aar (androidx.compose.ui:ui-unit-android:1.6.5) with JetifyTransform
Transforming ui-unit-release.aar (androidx.compose.ui:ui-unit-android:1.6.5) with AarToClassTransform
Transforming ui-unit-release.aar (androidx.compose.ui:ui-unit-android:1.6.5) with IdentityTransform
Transforming ui-unit-release.aar (androidx.compose.ui:ui-unit-android:1.6.5) with DexingNoClasspathTransform
Transforming ui-geometry-release.aar (androidx.compose.ui:ui-geometry-android:1.6.5) with JetifyTransform
Transforming ui-geometry-release.aar (androidx.compose.ui:ui-geometry-android:1.6.5) with AarToClassTransform
Transforming ui-geometry-release.aar (androidx.compose.ui:ui-geometry-android:1.6.5) with IdentityTransform
Transforming ui-geometry-release.aar (androidx.compose.ui:ui-geometry-android:1.6.5) with DexingNoClasspathTransform
Transforming ui-util-release.aar (androidx.compose.ui:ui-util-android:1.6.5) with JetifyTransform
Transforming ui-util-release.aar (androidx.compose.ui:ui-util-android:1.6.5) with AarToClassTransform
Transforming ui-util-release.aar (androidx.compose.ui:ui-util-android:1.6.5) with IdentityTransform
Transforming ui-util-release.aar (androidx.compose.ui:ui-util-android:1.6.5) with DexingNoClasspathTransform
Transforming ui-text-release.aar (androidx.compose.ui:ui-text-android:1.6.5) with JetifyTransform
Transforming ui-text-release.aar (androidx.compose.ui:ui-text-android:1.6.5) with AarToClassTransform
Transforming ui-text-release.aar (androidx.compose.ui:ui-text-android:1.6.5) with IdentityTransform
Transforming ui-text-release.aar (androidx.compose.ui:ui-text-android:1.6.5) with DexingNoClasspathTransform
Transforming ui-tooling-preview-release.aar (androidx.compose.ui:ui-tooling-preview-android:1.6.5) with JetifyTransform
Transforming ui-tooling-preview-release.aar (androidx.compose.ui:ui-tooling-preview-android:1.6.5) with AarToClassTransform
Transforming ui-tooling-preview-release.aar (androidx.compose.ui:ui-tooling-preview-android:1.6.5) with IdentityTransform
Transforming ui-tooling-preview-release.aar (androidx.compose.ui:ui-tooling-preview-android:1.6.5) with DexingNoClasspathTransform
Transforming ui-graphics-release.aar (androidx.compose.ui:ui-graphics-android:1.6.5) with JetifyTransform
Transforming ui-graphics-release.aar (androidx.compose.ui:ui-graphics-android:1.6.5) with AarToClassTransform
Transforming ui-graphics-release.aar (androidx.compose.ui:ui-graphics-android:1.6.5) with IdentityTransform
Transforming ui-graphics-release.aar (androidx.compose.ui:ui-graphics-android:1.6.5) with DexingNoClasspathTransform
Transforming ui-tooling-release.aar (androidx.compose.ui:ui-tooling-android:1.6.5) with JetifyTransform
Transforming ui-tooling-release.aar (androidx.compose.ui:ui-tooling-android:1.6.5) with AarToClassTransform
Transforming ui-tooling-release.aar (androidx.compose.ui:ui-tooling-android:1.6.5) with IdentityTransform
Transforming ui-tooling-release.aar (androidx.compose.ui:ui-tooling-android:1.6.5) with DexingNoClasspathTransform
Transforming activity-compose-1.8.1.aar (androidx.activity:activity-compose:1.8.1) with JetifyTransform
Transforming activity-compose-1.8.1.aar (androidx.activity:activity-compose:1.8.1) with AarToClassTransform
Transforming activity-compose-1.8.1.aar (androidx.activity:activity-compose:1.8.1) with IdentityTransform
Transforming activity-compose-1.8.1.aar (androidx.activity:activity-compose:1.8.1) with DexingNoClasspathTransform
Transforming customview-poolingcontainer-1.0.0.aar (androidx.customview:customview-poolingcontainer:1.0.0) with JetifyTransform
Transforming customview-poolingcontainer-1.0.0.aar (androidx.customview:customview-poolingcontainer:1.0.0) with AarToClassTransform
Transforming customview-poolingcontainer-1.0.0.aar (androidx.customview:customview-poolingcontainer:1.0.0) with IdentityTransform
Transforming customview-poolingcontainer-1.0.0.aar (androidx.customview:customview-poolingcontainer:1.0.0) with DexingNoClasspathTransform
Transforming core-ktx-1.12.0.aar (androidx.core:core-ktx:1.12.0) with JetifyTransform
Transforming core-ktx-1.12.0.aar (androidx.core:core-ktx:1.12.0) with AarToClassTransform
Transforming core-ktx-1.12.0.aar (androidx.core:core-ktx:1.12.0) with IdentityTransform
Transforming core-ktx-1.12.0.aar (androidx.core:core-ktx:1.12.0) with DexingNoClasspathTransform
Transforming loader-1.0.0.aar (androidx.loader:loader:1.0.0) with JetifyTransform
Transforming loader-1.0.0.aar (androidx.loader:loader:1.0.0) with AarToClassTransform
Transforming loader-1.0.0.aar (androidx.loader:loader:1.0.0) with IdentityTransform
Transforming loader-1.0.0.aar (androidx.loader:loader:1.0.0) with DexingNoClasspathTransform
Transforming viewpager-1.0.0.aar (androidx.viewpager:viewpager:1.0.0) with JetifyTransform
Transforming viewpager-1.0.0.aar (androidx.viewpager:viewpager:1.0.0) with AarToClassTransform
Transforming viewpager-1.0.0.aar (androidx.viewpager:viewpager:1.0.0) with IdentityTransform
Transforming viewpager-1.0.0.aar (androidx.viewpager:viewpager:1.0.0) with DexingNoClasspathTransform
Transforming customview-1.0.0.aar (androidx.customview:customview:1.0.0) with JetifyTransform
Transforming customview-1.0.0.aar (androidx.customview:customview:1.0.0) with AarToClassTransform
Transforming customview-1.0.0.aar (androidx.customview:customview:1.0.0) with IdentityTransform
Transforming customview-1.0.0.aar (androidx.customview:customview:1.0.0) with DexingNoClasspathTransform
Transforming autofill-1.0.0.aar (androidx.autofill:autofill:1.0.0) with JetifyTransform
Transforming autofill-1.0.0.aar (androidx.autofill:autofill:1.0.0) with AarToClassTransform
Transforming autofill-1.0.0.aar (androidx.autofill:autofill:1.0.0) with IdentityTransform
Transforming autofill-1.0.0.aar (androidx.autofill:autofill:1.0.0) with DexingNoClasspathTransform
Transforming emoji2-1.3.0.aar (androidx.emoji2:emoji2:1.3.0) with JetifyTransform
Transforming emoji2-1.3.0.aar (androidx.emoji2:emoji2:1.3.0) with AarToClassTransform
Transforming emoji2-1.3.0.aar (androidx.emoji2:emoji2:1.3.0) with IdentityTransform
Transforming emoji2-1.3.0.aar (androidx.emoji2:emoji2:1.3.0) with DexingNoClasspathTransform
Transforming core-1.12.0.aar (androidx.core:core:1.12.0) with JetifyTransform
Transforming core-1.12.0.aar (androidx.core:core:1.12.0) with AarToClassTransform
Transforming core-1.12.0.aar (androidx.core:core:1.12.0) with IdentityTransform
Transforming core-1.12.0.aar (androidx.core:core:1.12.0) with DexingNoClasspathTransform
Transforming core-1.12.0.aar (androidx.core:core:1.12.0) with JetifyTransform
Transforming core-1.12.0.aar (androidx.core:core:1.12.0) with AarToClassTransform
Transforming core-1.12.0.aar (androidx.core:core:1.12.0) with IdentityTransform
Transforming core-1.12.0.aar (androidx.core:core:1.12.0) with DexingNoClasspathTransform
Transforming lifecycle-process-2.7.0.aar (androidx.lifecycle:lifecycle-process:2.7.0) with JetifyTransform
Transforming lifecycle-process-2.7.0.aar (androidx.lifecycle:lifecycle-process:2.7.0) with AarToClassTransform
Transforming lifecycle-process-2.7.0.aar (androidx.lifecycle:lifecycle-process:2.7.0) with IdentityTransform
Transforming lifecycle-process-2.7.0.aar (androidx.lifecycle:lifecycle-process:2.7.0) with DexingNoClasspathTransform
Transforming lifecycle-livedata-core-ktx-2.7.0.aar (androidx.lifecycle:lifecycle-livedata-core-ktx:2.7.0) with JetifyTransform
Transforming lifecycle-livedata-core-ktx-2.7.0.aar (androidx.lifecycle:lifecycle-livedata-core-ktx:2.7.0) with AarToClassTransform
Transforming lifecycle-livedata-core-ktx-2.7.0.aar (androidx.lifecycle:lifecycle-livedata-core-ktx:2.7.0) with IdentityTransform
Transforming lifecycle-livedata-core-ktx-2.7.0.aar (androidx.lifecycle:lifecycle-livedata-core-ktx:2.7.0) with DexingNoClasspathTransform
Transforming lifecycle-livedata-2.7.0.aar (androidx.lifecycle:lifecycle-livedata:2.7.0) with JetifyTransform
Transforming lifecycle-livedata-2.7.0.aar (androidx.lifecycle:lifecycle-livedata:2.7.0) with AarToClassTransform
Transforming lifecycle-livedata-2.7.0.aar (androidx.lifecycle:lifecycle-livedata:2.7.0) with IdentityTransform
Transforming lifecycle-livedata-2.7.0.aar (androidx.lifecycle:lifecycle-livedata:2.7.0) with DexingNoClasspathTransform
Transforming lifecycle-viewmodel-ktx-2.7.0.aar (androidx.lifecycle:lifecycle-viewmodel-ktx:2.7.0) with JetifyTransform
Transforming lifecycle-viewmodel-ktx-2.7.0.aar (androidx.lifecycle:lifecycle-viewmodel-ktx:2.7.0) with AarToClassTransform
Transforming lifecycle-viewmodel-ktx-2.7.0.aar (androidx.lifecycle:lifecycle-viewmodel-ktx:2.7.0) with IdentityTransform
Transforming lifecycle-viewmodel-ktx-2.7.0.aar (androidx.lifecycle:lifecycle-viewmodel-ktx:2.7.0) with DexingNoClasspathTransform
Transforming lifecycle-common-java8-2.7.0.jar (androidx.lifecycle:lifecycle-common-java8:2.7.0) with JetifyTransform
Transforming lifecycle-common-java8-2.7.0.jar (androidx.lifecycle:lifecycle-common-java8:2.7.0) with IdentityTransform
Transforming lifecycle-common-java8-2.7.0.jar (androidx.lifecycle:lifecycle-common-java8:2.7.0) with IdentityTransform
Transforming lifecycle-common-java8-2.7.0.jar (androidx.lifecycle:lifecycle-common-java8:2.7.0) with DexingNoClasspathTransform
Transforming lifecycle-livedata-core-2.7.0.aar (androidx.lifecycle:lifecycle-livedata-core:2.7.0) with JetifyTransform
Transforming lifecycle-livedata-core-2.7.0.aar (androidx.lifecycle:lifecycle-livedata-core:2.7.0) with AarToClassTransform
Transforming lifecycle-livedata-core-2.7.0.aar (androidx.lifecycle:lifecycle-livedata-core:2.7.0) with IdentityTransform
Transforming lifecycle-livedata-core-2.7.0.aar (androidx.lifecycle:lifecycle-livedata-core:2.7.0) with DexingNoClasspathTransform
Transforming lifecycle-runtime-2.7.0.aar (androidx.lifecycle:lifecycle-runtime:2.7.0) with JetifyTransform
Transforming lifecycle-runtime-2.7.0.aar (androidx.lifecycle:lifecycle-runtime:2.7.0) with AarToClassTransform
Transforming lifecycle-runtime-2.7.0.aar (androidx.lifecycle:lifecycle-runtime:2.7.0) with IdentityTransform
Transforming lifecycle-runtime-2.7.0.aar (androidx.lifecycle:lifecycle-runtime:2.7.0) with DexingNoClasspathTransform
Transforming lifecycle-viewmodel-savedstate-2.7.0.aar (androidx.lifecycle:lifecycle-viewmodel-savedstate:2.7.0) with JetifyTransform
Transforming lifecycle-viewmodel-savedstate-2.7.0.aar (androidx.lifecycle:lifecycle-viewmodel-savedstate:2.7.0) with AarToClassTransform
Transforming lifecycle-viewmodel-savedstate-2.7.0.aar (androidx.lifecycle:lifecycle-viewmodel-savedstate:2.7.0) with IdentityTransform
Transforming lifecycle-viewmodel-savedstate-2.7.0.aar (androidx.lifecycle:lifecycle-viewmodel-savedstate:2.7.0) with DexingNoClasspathTransform
Transforming lifecycle-viewmodel-2.7.0.aar (androidx.lifecycle:lifecycle-viewmodel:2.7.0) with JetifyTransform
Transforming lifecycle-viewmodel-2.7.0.aar (androidx.lifecycle:lifecycle-viewmodel:2.7.0) with AarToClassTransform
Transforming lifecycle-viewmodel-2.7.0.aar (androidx.lifecycle:lifecycle-viewmodel:2.7.0) with IdentityTransform
Transforming lifecycle-viewmodel-2.7.0.aar (androidx.lifecycle:lifecycle-viewmodel:2.7.0) with DexingNoClasspathTransform
Transforming lifecycle-viewmodel-2.7.0.aar (androidx.lifecycle:lifecycle-viewmodel:2.7.0) with JetifyTransform
Transforming lifecycle-viewmodel-2.7.0.aar (androidx.lifecycle:lifecycle-viewmodel:2.7.0) with AarToClassTransform
Transforming lifecycle-viewmodel-2.7.0.aar (androidx.lifecycle:lifecycle-viewmodel:2.7.0) with IdentityTransform
Transforming lifecycle-viewmodel-2.7.0.aar (androidx.lifecycle:lifecycle-viewmodel:2.7.0) with DexingNoClasspathTransform
Transforming savedstate-ktx-1.2.1.aar (androidx.savedstate:savedstate-ktx:1.2.1) with JetifyTransform
Transforming savedstate-ktx-1.2.1.aar (androidx.savedstate:savedstate-ktx:1.2.1) with AarToClassTransform
Transforming savedstate-ktx-1.2.1.aar (androidx.savedstate:savedstate-ktx:1.2.1) with IdentityTransform
Transforming savedstate-ktx-1.2.1.aar (androidx.savedstate:savedstate-ktx:1.2.1) with DexingNoClasspathTransform
Transforming savedstate-1.2.1.aar (androidx.savedstate:savedstate:1.2.1) with JetifyTransform
Transforming savedstate-1.2.1.aar (androidx.savedstate:savedstate:1.2.1) with AarToClassTransform
Transforming savedstate-1.2.1.aar (androidx.savedstate:savedstate:1.2.1) with IdentityTransform
Transforming savedstate-1.2.1.aar (androidx.savedstate:savedstate:1.2.1) with DexingNoClasspathTransform
Transforming lifecycle-common-2.7.0.jar (androidx.lifecycle:lifecycle-common:2.7.0) with JetifyTransform
Transforming lifecycle-common-2.7.0.jar (androidx.lifecycle:lifecycle-common:2.7.0) with IdentityTransform
Transforming lifecycle-common-2.7.0.jar (androidx.lifecycle:lifecycle-common:2.7.0) with IdentityTransform
Transforming lifecycle-common-2.7.0.jar (androidx.lifecycle:lifecycle-common:2.7.0) with DexingNoClasspathTransform
Transforming lifecycle-runtime-ktx-2.7.0.aar (androidx.lifecycle:lifecycle-runtime-ktx:2.7.0) with JetifyTransform
Transforming lifecycle-runtime-ktx-2.7.0.aar (androidx.lifecycle:lifecycle-runtime-ktx:2.7.0) with AarToClassTransform
Transforming lifecycle-runtime-ktx-2.7.0.aar (androidx.lifecycle:lifecycle-runtime-ktx:2.7.0) with IdentityTransform
Transforming lifecycle-runtime-ktx-2.7.0.aar (androidx.lifecycle:lifecycle-runtime-ktx:2.7.0) with DexingNoClasspathTransform
Transforming lifecycle-viewmodel-compose-2.7.0.aar (androidx.lifecycle:lifecycle-viewmodel-compose:2.7.0) with JetifyTransform
Transforming lifecycle-viewmodel-compose-2.7.0.aar (androidx.lifecycle:lifecycle-viewmodel-compose:2.7.0) with AarToClassTransform
Transforming lifecycle-viewmodel-compose-2.7.0.aar (androidx.lifecycle:lifecycle-viewmodel-compose:2.7.0) with IdentityTransform
Transforming lifecycle-viewmodel-compose-2.7.0.aar (androidx.lifecycle:lifecycle-viewmodel-compose:2.7.0) with DexingNoClasspathTransform
Transforming ui-release.aar (androidx.compose.ui:ui-android:1.6.5) with JetifyTransform
Transforming ui-release.aar (androidx.compose.ui:ui-android:1.6.5) with AarToClassTransform
Transforming ui-release.aar (androidx.compose.ui:ui-android:1.6.5) with IdentityTransform
Transforming ui-release.aar (androidx.compose.ui:ui-android:1.6.5) with DexingNoClasspathTransform
Transforming ui-test-manifest-1.6.5.aar (androidx.compose.ui:ui-test-manifest:1.6.5) with JetifyTransform
Transforming ui-test-manifest-1.6.5.aar (androidx.compose.ui:ui-test-manifest:1.6.5) with AarToClassTransform
Transforming ui-test-manifest-1.6.5.aar (androidx.compose.ui:ui-test-manifest:1.6.5) with IdentityTransform
Transforming ui-test-manifest-1.6.5.aar (androidx.compose.ui:ui-test-manifest:1.6.5) with DexingNoClasspathTransform
Transforming ui-text-google-fonts-1.6.5.aar (androidx.compose.ui:ui-text-google-fonts:1.6.5) with JetifyTransform
Transforming ui-text-google-fonts-1.6.5.aar (androidx.compose.ui:ui-text-google-fonts:1.6.5) with AarToClassTransform
Transforming ui-text-google-fonts-1.6.5.aar (androidx.compose.ui:ui-text-google-fonts:1.6.5) with IdentityTransform
Transforming ui-text-google-fonts-1.6.5.aar (androidx.compose.ui:ui-text-google-fonts:1.6.5) with DexingNoClasspathTransform
Transforming datastore-1.0.0.aar (androidx.datastore:datastore:1.0.0) with JetifyTransform
Transforming datastore-1.0.0.aar (androidx.datastore:datastore:1.0.0) with AarToClassTransform
Transforming datastore-1.0.0.aar (androidx.datastore:datastore:1.0.0) with IdentityTransform
Transforming datastore-1.0.0.aar (androidx.datastore:datastore:1.0.0) with DexingNoClasspathTransform
Transforming datastore-preferences-core-1.0.0.jar (androidx.datastore:datastore-preferences-core:1.0.0) with JetifyTransform
Transforming datastore-preferences-core-1.0.0.jar (androidx.datastore:datastore-preferences-core:1.0.0) with IdentityTransform
Transforming datastore-preferences-core-1.0.0.jar (androidx.datastore:datastore-preferences-core:1.0.0) with IdentityTransform
Transforming datastore-preferences-core-1.0.0.jar (androidx.datastore:datastore-preferences-core:1.0.0) with DexingNoClasspathTransform
Transforming kotlinx-serialization-core-jvm-1.6.3.jar (org.jetbrains.kotlinx:kotlinx-serialization-core-jvm:1.6.3) with JetifyTransform
Transforming kotlinx-serialization-core-jvm-1.6.3.jar (org.jetbrains.kotlinx:kotlinx-serialization-core-jvm:1.6.3) with IdentityTransform
Transforming kotlinx-serialization-core-jvm-1.6.3.jar (org.jetbrains.kotlinx:kotlinx-serialization-core-jvm:1.6.3) with IdentityTransform
Transforming kotlinx-serialization-core-jvm-1.6.3.jar (org.jetbrains.kotlinx:kotlinx-serialization-core-jvm:1.6.3) with DexingNoClasspathTransform
Transforming kotlinx-serialization-json-jvm-1.6.3.jar (org.jetbrains.kotlinx:kotlinx-serialization-json-jvm:1.6.3) with JetifyTransform
Transforming kotlinx-serialization-json-jvm-1.6.3.jar (org.jetbrains.kotlinx:kotlinx-serialization-json-jvm:1.6.3) with IdentityTransform
Transforming kotlinx-serialization-json-jvm-1.6.3.jar (org.jetbrains.kotlinx:kotlinx-serialization-json-jvm:1.6.3) with IdentityTransform
Transforming kotlinx-serialization-json-jvm-1.6.3.jar (org.jetbrains.kotlinx:kotlinx-serialization-json-jvm:1.6.3) with DexingNoClasspathTransform
Transforming datastore-core-1.0.0.jar (androidx.datastore:datastore-core:1.0.0) with JetifyTransform
Transforming datastore-core-1.0.0.jar (androidx.datastore:datastore-core:1.0.0) with IdentityTransform
Transforming datastore-core-1.0.0.jar (androidx.datastore:datastore-core:1.0.0) with IdentityTransform
Transforming datastore-core-1.0.0.jar (androidx.datastore:datastore-core:1.0.0) with DexingNoClasspathTransform
Transforming runtime-saveable-release.aar (androidx.compose.runtime:runtime-saveable-android:1.6.5) with JetifyTransform
Transforming runtime-saveable-release.aar (androidx.compose.runtime:runtime-saveable-android:1.6.5) with AarToClassTransform
Transforming runtime-saveable-release.aar (androidx.compose.runtime:runtime-saveable-android:1.6.5) with IdentityTransform
Transforming runtime-saveable-release.aar (androidx.compose.runtime:runtime-saveable-android:1.6.5) with DexingNoClasspathTransform
Transforming runtime-release.aar (androidx.compose.runtime:runtime-android:1.6.5) with JetifyTransform
Transforming runtime-release.aar (androidx.compose.runtime:runtime-android:1.6.5) with AarToClassTransform
Transforming runtime-release.aar (androidx.compose.runtime:runtime-android:1.6.5) with IdentityTransform
Transforming runtime-release.aar (androidx.compose.runtime:runtime-android:1.6.5) with DexingNoClasspathTransform
Transforming kotlinx-coroutines-core-jvm-1.7.3.jar (org.jetbrains.kotlinx:kotlinx-coroutines-core-jvm:1.7.3) with JetifyTransform
Transforming kotlinx-coroutines-core-jvm-1.7.3.jar (org.jetbrains.kotlinx:kotlinx-coroutines-core-jvm:1.7.3) with IdentityTransform
Transforming kotlinx-coroutines-core-jvm-1.7.3.jar (org.jetbrains.kotlinx:kotlinx-coroutines-core-jvm:1.7.3) with IdentityTransform
Transforming kotlinx-coroutines-core-jvm-1.7.3.jar (org.jetbrains.kotlinx:kotlinx-coroutines-core-jvm:1.7.3) with DexingNoClasspathTransform
Transforming kotlinx-coroutines-android-1.7.3.jar (org.jetbrains.kotlinx:kotlinx-coroutines-android:1.7.3) with JetifyTransform
Transforming kotlinx-coroutines-android-1.7.3.jar (org.jetbrains.kotlinx:kotlinx-coroutines-android:1.7.3) with IdentityTransform
Transforming kotlinx-coroutines-android-1.7.3.jar (org.jetbrains.kotlinx:kotlinx-coroutines-android:1.7.3) with IdentityTransform
Transforming kotlinx-coroutines-android-1.7.3.jar (org.jetbrains.kotlinx:kotlinx-coroutines-android:1.7.3) with DexingNoClasspathTransform
Transforming kotlin-stdlib-jdk8-1.8.20.jar (org.jetbrains.kotlin:kotlin-stdlib-jdk8:1.8.20) with JetifyTransform
Transforming kotlin-stdlib-jdk8-1.8.20.jar (org.jetbrains.kotlin:kotlin-stdlib-jdk8:1.8.20) with IdentityTransform
Transforming kotlin-stdlib-jdk8-1.8.20.jar (org.jetbrains.kotlin:kotlin-stdlib-jdk8:1.8.20) with IdentityTransform
Transforming kotlin-stdlib-jdk8-1.8.20.jar (org.jetbrains.kotlin:kotlin-stdlib-jdk8:1.8.20) with DexingNoClasspathTransform
Transforming annotation-experimental-1.4.0.aar (androidx.annotation:annotation-experimental:1.4.0) with JetifyTransform
Transforming annotation-experimental-1.4.0.aar (androidx.annotation:annotation-experimental:1.4.0) with AarToClassTransform
Transforming annotation-experimental-1.4.0.aar (androidx.annotation:annotation-experimental:1.4.0) with IdentityTransform
Transforming annotation-experimental-1.4.0.aar (androidx.annotation:annotation-experimental:1.4.0) with DexingNoClasspathTransform
Transforming kotlin-stdlib-jdk7-1.8.20.jar (org.jetbrains.kotlin:kotlin-stdlib-jdk7:1.8.20) with JetifyTransform
Transforming kotlin-stdlib-jdk7-1.8.20.jar (org.jetbrains.kotlin:kotlin-stdlib-jdk7:1.8.20) with IdentityTransform
Transforming kotlin-stdlib-jdk7-1.8.20.jar (org.jetbrains.kotlin:kotlin-stdlib-jdk7:1.8.20) with IdentityTransform
Transforming kotlin-stdlib-jdk7-1.8.20.jar (org.jetbrains.kotlin:kotlin-stdlib-jdk7:1.8.20) with DexingNoClasspathTransform
Transforming versionedparcelable-1.1.1.aar (androidx.versionedparcelable:versionedparcelable:1.1.1) with JetifyTransform
Transforming versionedparcelable-1.1.1.aar (androidx.versionedparcelable:versionedparcelable:1.1.1) with AarToClassTransform
Transforming versionedparcelable-1.1.1.aar (androidx.versionedparcelable:versionedparcelable:1.1.1) with IdentityTransform
Transforming versionedparcelable-1.1.1.aar (androidx.versionedparcelable:versionedparcelable:1.1.1) with DexingNoClasspathTransform
Transforming collection-ktx-1.4.0.jar (androidx.collection:collection-ktx:1.4.0) with JetifyTransform
Transforming collection-ktx-1.4.0.jar (androidx.collection:collection-ktx:1.4.0) with IdentityTransform
Transforming collection-ktx-1.4.0.jar (androidx.collection:collection-ktx:1.4.0) with IdentityTransform
Transforming collection-ktx-1.4.0.jar (androidx.collection:collection-ktx:1.4.0) with DexingNoClasspathTransform
Transforming collection-jvm-1.4.0.jar (androidx.collection:collection-jvm:1.4.0) with JetifyTransform
Transforming collection-jvm-1.4.0.jar (androidx.collection:collection-jvm:1.4.0) with IdentityTransform
Transforming collection-jvm-1.4.0.jar (androidx.collection:collection-jvm:1.4.0) with IdentityTransform
Transforming collection-jvm-1.4.0.jar (androidx.collection:collection-jvm:1.4.0) with DexingNoClasspathTransform
Transforming interpolator-1.0.0.aar (androidx.interpolator:interpolator:1.0.0) with JetifyTransform
Transforming interpolator-1.0.0.aar (androidx.interpolator:interpolator:1.0.0) with AarToClassTransform
Transforming interpolator-1.0.0.aar (androidx.interpolator:interpolator:1.0.0) with IdentityTransform
Transforming interpolator-1.0.0.aar (androidx.interpolator:interpolator:1.0.0) with DexingNoClasspathTransform
Transforming core-runtime-2.2.0.aar (androidx.arch.core:core-runtime:2.2.0) with JetifyTransform
Transforming core-runtime-2.2.0.aar (androidx.arch.core:core-runtime:2.2.0) with AarToClassTransform
Transforming core-runtime-2.2.0.aar (androidx.arch.core:core-runtime:2.2.0) with IdentityTransform
Transforming core-runtime-2.2.0.aar (androidx.arch.core:core-runtime:2.2.0) with DexingNoClasspathTransform
Transforming core-common-2.2.0.jar (androidx.arch.core:core-common:2.2.0) with JetifyTransform
Transforming core-common-2.2.0.jar (androidx.arch.core:core-common:2.2.0) with IdentityTransform
Transforming core-common-2.2.0.jar (androidx.arch.core:core-common:2.2.0) with IdentityTransform
Transforming core-common-2.2.0.jar (androidx.arch.core:core-common:2.2.0) with DexingNoClasspathTransform
Transforming profileinstaller-1.3.0.aar (androidx.profileinstaller:profileinstaller:1.3.0) with JetifyTransform
Transforming profileinstaller-1.3.0.aar (androidx.profileinstaller:profileinstaller:1.3.0) with AarToClassTransform
Transforming profileinstaller-1.3.0.aar (androidx.profileinstaller:profileinstaller:1.3.0) with IdentityTransform
Transforming profileinstaller-1.3.0.aar (androidx.profileinstaller:profileinstaller:1.3.0) with DexingNoClasspathTransform
Transforming startup-runtime-1.1.1.aar (androidx.startup:startup-runtime:1.1.1) with JetifyTransform
Transforming startup-runtime-1.1.1.aar (androidx.startup:startup-runtime:1.1.1) with AarToClassTransform
Transforming startup-runtime-1.1.1.aar (androidx.startup:startup-runtime:1.1.1) with IdentityTransform
Transforming startup-runtime-1.1.1.aar (androidx.startup:startup-runtime:1.1.1) with DexingNoClasspathTransform
Transforming tracing-1.0.0.aar (androidx.tracing:tracing:1.0.0) with JetifyTransform
Transforming tracing-1.0.0.aar (androidx.tracing:tracing:1.0.0) with AarToClassTransform
Transforming tracing-1.0.0.aar (androidx.tracing:tracing:1.0.0) with IdentityTransform
Transforming tracing-1.0.0.aar (androidx.tracing:tracing:1.0.0) with DexingNoClasspathTransform
Transforming concurrent-futures-1.1.0.jar (androidx.concurrent:concurrent-futures:1.1.0) with JetifyTransform
Transforming concurrent-futures-1.1.0.jar (androidx.concurrent:concurrent-futures:1.1.0) with IdentityTransform
Transforming concurrent-futures-1.1.0.jar (androidx.concurrent:concurrent-futures:1.1.0) with IdentityTransform
Transforming concurrent-futures-1.1.0.jar (androidx.concurrent:concurrent-futures:1.1.0) with DexingNoClasspathTransform
Transforming annotation-jvm-1.7.0.jar (androidx.annotation:annotation-jvm:1.7.0) with JetifyTransform
Transforming annotation-jvm-1.7.0.jar (androidx.annotation:annotation-jvm:1.7.0) with IdentityTransform
Transforming annotation-jvm-1.7.0.jar (androidx.annotation:annotation-jvm:1.7.0) with IdentityTransform
Transforming annotation-jvm-1.7.0.jar (androidx.annotation:annotation-jvm:1.7.0) with DexingNoClasspathTransform
Transforming kotlin-stdlib-1.9.23.jar (org.jetbrains.kotlin:kotlin-stdlib:1.9.23) with JetifyTransform
Transforming kotlin-stdlib-1.9.23.jar (org.jetbrains.kotlin:kotlin-stdlib:1.9.23) with IdentityTransform
Transforming kotlin-stdlib-1.9.23.jar (org.jetbrains.kotlin:kotlin-stdlib:1.9.23) with IdentityTransform
Transforming kotlin-stdlib-1.9.23.jar (org.jetbrains.kotlin:kotlin-stdlib:1.9.23) with DexingNoClasspathTransform
Transforming tensorflow-lite-support-0.4.4.aar (org.tensorflow:tensorflow-lite-support:0.4.4) with JetifyTransform
Transforming tensorflow-lite-support-0.4.4.aar (org.tensorflow:tensorflow-lite-support:0.4.4) with AarToClassTransform
Transforming tensorflow-lite-support-0.4.4.aar (org.tensorflow:tensorflow-lite-support:0.4.4) with IdentityTransform
Transforming tensorflow-lite-support-0.4.4.aar (org.tensorflow:tensorflow-lite-support:0.4.4) with DexingNoClasspathTransform
Transforming tensorflow-lite-2.14.0.aar (org.tensorflow:tensorflow-lite:2.14.0) with JetifyTransform
Transforming tensorflow-lite-2.14.0.aar (org.tensorflow:tensorflow-lite:2.14.0) with AarToClassTransform
Transforming tensorflow-lite-2.14.0.aar (org.tensorflow:tensorflow-lite:2.14.0) with IdentityTransform
Transforming tensorflow-lite-2.14.0.aar (org.tensorflow:tensorflow-lite:2.14.0) with DexingNoClasspathTransform
Transforming annotations-23.0.0.jar (org.jetbrains:annotations:23.0.0) with JetifyTransform
Transforming annotations-23.0.0.jar (org.jetbrains:annotations:23.0.0) with IdentityTransform
Transforming annotations-23.0.0.jar (org.jetbrains:annotations:23.0.0) with IdentityTransform
Transforming annotations-23.0.0.jar (org.jetbrains:annotations:23.0.0) with DexingNoClasspathTransform
Transforming hilt-core-2.48.jar (com.google.dagger:hilt-core:2.48) with JetifyTransform
Transforming hilt-core-2.48.jar (com.google.dagger:hilt-core:2.48) with IdentityTransform
Transforming hilt-core-2.48.jar (com.google.dagger:hilt-core:2.48) with IdentityTransform
Transforming hilt-core-2.48.jar (com.google.dagger:hilt-core:2.48) with DexingNoClasspathTransform
Transforming dagger-2.48.jar (com.google.dagger:dagger:2.48) with JetifyTransform
Transforming dagger-2.48.jar (com.google.dagger:dagger:2.48) with IdentityTransform
Transforming dagger-2.48.jar (com.google.dagger:dagger:2.48) with IdentityTransform
Transforming dagger-2.48.jar (com.google.dagger:dagger:2.48) with DexingNoClasspathTransform
Transforming dagger-lint-aar-2.48.aar (com.google.dagger:dagger-lint-aar:2.48) with JetifyTransform
Transforming dagger-lint-aar-2.48.aar (com.google.dagger:dagger-lint-aar:2.48) with AarToClassTransform
Transforming dagger-lint-aar-2.48.aar (com.google.dagger:dagger-lint-aar:2.48) with IdentityTransform
Transforming dagger-lint-aar-2.48.aar (com.google.dagger:dagger-lint-aar:2.48) with DexingNoClasspathTransform
Transforming jsr305-3.0.2.jar (com.google.code.findbugs:jsr305:3.0.2) with JetifyTransform
Transforming jsr305-3.0.2.jar (com.google.code.findbugs:jsr305:3.0.2) with IdentityTransform
Transforming jsr305-3.0.2.jar (com.google.code.findbugs:jsr305:3.0.2) with IdentityTransform
Transforming jsr305-3.0.2.jar (com.google.code.findbugs:jsr305:3.0.2) with DexingNoClasspathTransform
Transforming javax.inject-1.jar (javax.inject:javax.inject:1) with JetifyTransform
Transforming javax.inject-1.jar (javax.inject:javax.inject:1) with IdentityTransform
Transforming javax.inject-1.jar (javax.inject:javax.inject:1) with IdentityTransform
Transforming javax.inject-1.jar (javax.inject:javax.inject:1) with DexingNoClasspathTransform
Transforming tensorflow-lite-support-api-0.4.4.aar (org.tensorflow:tensorflow-lite-support-api:0.4.4) with JetifyTransform
Transforming tensorflow-lite-support-api-0.4.4.aar (org.tensorflow:tensorflow-lite-support-api:0.4.4) with AarToClassTransform
Transforming tensorflow-lite-support-api-0.4.4.aar (org.tensorflow:tensorflow-lite-support-api:0.4.4) with IdentityTransform
Transforming tensorflow-lite-support-api-0.4.4.aar (org.tensorflow:tensorflow-lite-support-api:0.4.4) with DexingNoClasspathTransform
Transforming tensorflow-lite-api-2.14.0.aar (org.tensorflow:tensorflow-lite-api:2.14.0) with JetifyTransform
Transforming tensorflow-lite-api-2.14.0.aar (org.tensorflow:tensorflow-lite-api:2.14.0) with AarToClassTransform
Transforming tensorflow-lite-api-2.14.0.aar (org.tensorflow:tensorflow-lite-api:2.14.0) with IdentityTransform
Transforming tensorflow-lite-api-2.14.0.aar (org.tensorflow:tensorflow-lite-api:2.14.0) with DexingNoClasspathTransform
Transforming checker-qual-2.5.8.jar (org.checkerframework:checker-qual:2.5.8) with JetifyTransform
Transforming checker-qual-2.5.8.jar (org.checkerframework:checker-qual:2.5.8) with IdentityTransform
Transforming checker-qual-2.5.8.jar (org.checkerframework:checker-qual:2.5.8) with IdentityTransform
Transforming checker-qual-2.5.8.jar (org.checkerframework:checker-qual:2.5.8) with DexingNoClasspathTransform
Transforming image-1.0.0-beta1.aar (com.google.android.odml:image:1.0.0-beta1) with JetifyTransform
Transforming image-1.0.0-beta1.aar (com.google.android.odml:image:1.0.0-beta1) with AarToClassTransform
Transforming image-1.0.0-beta1.aar (com.google.android.odml:image:1.0.0-beta1) with IdentityTransform
Transforming image-1.0.0-beta1.aar (com.google.android.odml:image:1.0.0-beta1) with DexingNoClasspathTransform
Transforming listenablefuture-1.0.jar (com.google.guava:listenablefuture:1.0) with JetifyTransform
Transforming listenablefuture-1.0.jar (com.google.guava:listenablefuture:1.0) with IdentityTransform
Transforming listenablefuture-1.0.jar (com.google.guava:listenablefuture:1.0) with IdentityTransform
Transforming listenablefuture-1.0.jar (com.google.guava:listenablefuture:1.0) with DexingNoClasspathTransform
Build cache key for task ':app:mergeExtDexDebug' is a2264e8ab42c32c877e4fea390b992cd
Skipping task ':app:mergeExtDexDebug' as it is up-to-date.
Resolve mutations for :app:mergeLibDexDebug (Thread[#428,Execution worker Thread 2,5,main]) started.
:app:mergeLibDexDebug (Thread[#428,Execution worker Thread 2,5,main]) started.

> Task :app:mergeLibDexDebug UP-TO-DATE
Build cache key for task ':app:mergeLibDexDebug' is 67bf0e624fd78d91d2554ba7d20e3802
Skipping task ':app:mergeLibDexDebug' as it is up-to-date.
Resolve mutations for :app:transformDebugClassesWithAsm (Thread[#428,Execution worker Thread 2,5,main]) started.
:app:transformDebugClassesWithAsm (Thread[#428,Execution worker Thread 2,5,main]) started.

> Task :app:transformDebugClassesWithAsm UP-TO-DATE
Transforming hilt-navigation-compose-1.1.0.aar (androidx.hilt:hilt-navigation-compose:1.1.0) with JetifyTransform
Transforming hilt-navigation-compose-1.1.0.aar (androidx.hilt:hilt-navigation-compose:1.1.0) with AarToClassTransform
Transforming hilt-navigation-1.1.0.aar (androidx.hilt:hilt-navigation:1.1.0) with JetifyTransform
Transforming hilt-navigation-1.1.0.aar (androidx.hilt:hilt-navigation:1.1.0) with AarToClassTransform
Transforming navigation-common-2.7.7.aar (androidx.navigation:navigation-common:2.7.7) with JetifyTransform
Transforming navigation-common-2.7.7.aar (androidx.navigation:navigation-common:2.7.7) with AarToClassTransform
Transforming navigation-runtime-2.7.7.aar (androidx.navigation:navigation-runtime:2.7.7) with JetifyTransform
Transforming navigation-runtime-2.7.7.aar (androidx.navigation:navigation-runtime:2.7.7) with AarToClassTransform
Transforming navigation-common-ktx-2.7.7.aar (androidx.navigation:navigation-common-ktx:2.7.7) with JetifyTransform
Transforming navigation-common-ktx-2.7.7.aar (androidx.navigation:navigation-common-ktx:2.7.7) with AarToClassTransform
Transforming navigation-runtime-ktx-2.7.7.aar (androidx.navigation:navigation-runtime-ktx:2.7.7) with JetifyTransform
Transforming navigation-runtime-ktx-2.7.7.aar (androidx.navigation:navigation-runtime-ktx:2.7.7) with AarToClassTransform
Transforming navigation-compose-2.7.7.aar (androidx.navigation:navigation-compose:2.7.7) with JetifyTransform
Transforming navigation-compose-2.7.7.aar (androidx.navigation:navigation-compose:2.7.7) with AarToClassTransform
Transforming hilt-android-2.48.aar (com.google.dagger:hilt-android:2.48) with JetifyTransform
Transforming hilt-android-2.48.aar (com.google.dagger:hilt-android:2.48) with AarToClassTransform
Transforming datastore-preferences-1.0.0.aar (androidx.datastore:datastore-preferences:1.0.0) with JetifyTransform
Transforming datastore-preferences-1.0.0.aar (androidx.datastore:datastore-preferences:1.0.0) with AarToClassTransform
Transforming fragment-1.5.1.aar (androidx.fragment:fragment:1.5.1) with JetifyTransform
Transforming fragment-1.5.1.aar (androidx.fragment:fragment:1.5.1) with AarToClassTransform
Transforming activity-ktx-1.8.1.aar (androidx.activity:activity-ktx:1.8.1) with JetifyTransform
Transforming activity-ktx-1.8.1.aar (androidx.activity:activity-ktx:1.8.1) with AarToClassTransform
Transforming activity-1.8.1.aar (androidx.activity:activity:1.8.1) with JetifyTransform
Transforming activity-1.8.1.aar (androidx.activity:activity:1.8.1) with AarToClassTransform
Transforming material3-release.aar (androidx.compose.material3:material3-android:1.2.1) with JetifyTransform
Transforming material3-release.aar (androidx.compose.material3:material3-android:1.2.1) with AarToClassTransform
Transforming material-release.aar (androidx.compose.material:material-android:1.6.4) with JetifyTransform
Transforming material-release.aar (androidx.compose.material:material-android:1.6.4) with AarToClassTransform
Transforming material-icons-core-release.aar (androidx.compose.material:material-icons-core-android:1.6.4) with JetifyTransform
Transforming material-icons-core-release.aar (androidx.compose.material:material-icons-core-android:1.6.4) with AarToClassTransform
Transforming material-icons-extended-release.aar (androidx.compose.material:material-icons-extended-android:1.6.4) with JetifyTransform
Transforming material-icons-extended-release.aar (androidx.compose.material:material-icons-extended-android:1.6.4) with AarToClassTransform
Transforming material-ripple-release.aar (androidx.compose.material:material-ripple-android:1.6.4) with JetifyTransform
Transforming material-ripple-release.aar (androidx.compose.material:material-ripple-android:1.6.4) with AarToClassTransform
Transforming ui-tooling-data-release.aar (androidx.compose.ui:ui-tooling-data-android:1.6.5) with JetifyTransform
Transforming ui-tooling-data-release.aar (androidx.compose.ui:ui-tooling-data-android:1.6.5) with AarToClassTransform
Transforming foundation-layout-release.aar (androidx.compose.foundation:foundation-layout-android:1.6.5) with JetifyTransform
Transforming foundation-layout-release.aar (androidx.compose.foundation:foundation-layout-android:1.6.5) with AarToClassTransform
Transforming foundation-release.aar (androidx.compose.foundation:foundation-android:1.6.5) with JetifyTransform
Transforming foundation-release.aar (androidx.compose.foundation:foundation-android:1.6.5) with AarToClassTransform
Transforming animation-release.aar (androidx.compose.animation:animation-android:1.6.5) with JetifyTransform
Transforming animation-release.aar (androidx.compose.animation:animation-android:1.6.5) with AarToClassTransform
Transforming animation-core-release.aar (androidx.compose.animation:animation-core-android:1.6.5) with JetifyTransform
Transforming animation-core-release.aar (androidx.compose.animation:animation-core-android:1.6.5) with AarToClassTransform
Transforming ui-unit-release.aar (androidx.compose.ui:ui-unit-android:1.6.5) with JetifyTransform
Transforming ui-unit-release.aar (androidx.compose.ui:ui-unit-android:1.6.5) with AarToClassTransform
Transforming ui-geometry-release.aar (androidx.compose.ui:ui-geometry-android:1.6.5) with JetifyTransform
Transforming ui-geometry-release.aar (androidx.compose.ui:ui-geometry-android:1.6.5) with AarToClassTransform
Transforming ui-util-release.aar (androidx.compose.ui:ui-util-android:1.6.5) with JetifyTransform
Transforming ui-util-release.aar (androidx.compose.ui:ui-util-android:1.6.5) with AarToClassTransform
Transforming ui-text-release.aar (androidx.compose.ui:ui-text-android:1.6.5) with JetifyTransform
Transforming ui-text-release.aar (androidx.compose.ui:ui-text-android:1.6.5) with AarToClassTransform
Transforming ui-tooling-preview-release.aar (androidx.compose.ui:ui-tooling-preview-android:1.6.5) with JetifyTransform
Transforming ui-tooling-preview-release.aar (androidx.compose.ui:ui-tooling-preview-android:1.6.5) with AarToClassTransform
Transforming ui-graphics-release.aar (androidx.compose.ui:ui-graphics-android:1.6.5) with JetifyTransform
Transforming ui-graphics-release.aar (androidx.compose.ui:ui-graphics-android:1.6.5) with AarToClassTransform
Transforming ui-tooling-release.aar (androidx.compose.ui:ui-tooling-android:1.6.5) with JetifyTransform
Transforming ui-tooling-release.aar (androidx.compose.ui:ui-tooling-android:1.6.5) with AarToClassTransform
Transforming activity-compose-1.8.1.aar (androidx.activity:activity-compose:1.8.1) with JetifyTransform
Transforming activity-compose-1.8.1.aar (androidx.activity:activity-compose:1.8.1) with AarToClassTransform
Transforming customview-poolingcontainer-1.0.0.aar (androidx.customview:customview-poolingcontainer:1.0.0) with JetifyTransform
Transforming customview-poolingcontainer-1.0.0.aar (androidx.customview:customview-poolingcontainer:1.0.0) with AarToClassTransform
Transforming core-ktx-1.12.0.aar (androidx.core:core-ktx:1.12.0) with JetifyTransform
Transforming core-ktx-1.12.0.aar (androidx.core:core-ktx:1.12.0) with AarToClassTransform
Transforming loader-1.0.0.aar (androidx.loader:loader:1.0.0) with JetifyTransform
Transforming loader-1.0.0.aar (androidx.loader:loader:1.0.0) with AarToClassTransform
Transforming viewpager-1.0.0.aar (androidx.viewpager:viewpager:1.0.0) with JetifyTransform
Transforming viewpager-1.0.0.aar (androidx.viewpager:viewpager:1.0.0) with AarToClassTransform
Transforming customview-1.0.0.aar (androidx.customview:customview:1.0.0) with JetifyTransform
Transforming customview-1.0.0.aar (androidx.customview:customview:1.0.0) with AarToClassTransform
Transforming autofill-1.0.0.aar (androidx.autofill:autofill:1.0.0) with JetifyTransform
Transforming autofill-1.0.0.aar (androidx.autofill:autofill:1.0.0) with AarToClassTransform
Transforming emoji2-1.3.0.aar (androidx.emoji2:emoji2:1.3.0) with JetifyTransform
Transforming emoji2-1.3.0.aar (androidx.emoji2:emoji2:1.3.0) with AarToClassTransform
Transforming core-1.12.0.aar (androidx.core:core:1.12.0) with JetifyTransform
Transforming core-1.12.0.aar (androidx.core:core:1.12.0) with AarToClassTransform
Transforming core-1.12.0.aar (androidx.core:core:1.12.0) with JetifyTransform
Transforming core-1.12.0.aar (androidx.core:core:1.12.0) with AarToClassTransform
Transforming lifecycle-process-2.7.0.aar (androidx.lifecycle:lifecycle-process:2.7.0) with JetifyTransform
Transforming lifecycle-process-2.7.0.aar (androidx.lifecycle:lifecycle-process:2.7.0) with AarToClassTransform
Transforming lifecycle-livedata-core-ktx-2.7.0.aar (androidx.lifecycle:lifecycle-livedata-core-ktx:2.7.0) with JetifyTransform
Transforming lifecycle-livedata-core-ktx-2.7.0.aar (androidx.lifecycle:lifecycle-livedata-core-ktx:2.7.0) with AarToClassTransform
Transforming lifecycle-livedata-2.7.0.aar (androidx.lifecycle:lifecycle-livedata:2.7.0) with JetifyTransform
Transforming lifecycle-livedata-2.7.0.aar (androidx.lifecycle:lifecycle-livedata:2.7.0) with AarToClassTransform
Transforming lifecycle-viewmodel-ktx-2.7.0.aar (androidx.lifecycle:lifecycle-viewmodel-ktx:2.7.0) with JetifyTransform
Transforming lifecycle-viewmodel-ktx-2.7.0.aar (androidx.lifecycle:lifecycle-viewmodel-ktx:2.7.0) with AarToClassTransform
Transforming lifecycle-common-java8-2.7.0.jar (androidx.lifecycle:lifecycle-common-java8:2.7.0) with JetifyTransform
Transforming lifecycle-common-java8-2.7.0.jar (androidx.lifecycle:lifecycle-common-java8:2.7.0) with IdentityTransform
Transforming lifecycle-livedata-core-2.7.0.aar (androidx.lifecycle:lifecycle-livedata-core:2.7.0) with JetifyTransform
Transforming lifecycle-livedata-core-2.7.0.aar (androidx.lifecycle:lifecycle-livedata-core:2.7.0) with AarToClassTransform
Transforming lifecycle-runtime-2.7.0.aar (androidx.lifecycle:lifecycle-runtime:2.7.0) with JetifyTransform
Transforming lifecycle-runtime-2.7.0.aar (androidx.lifecycle:lifecycle-runtime:2.7.0) with AarToClassTransform
Transforming lifecycle-viewmodel-savedstate-2.7.0.aar (androidx.lifecycle:lifecycle-viewmodel-savedstate:2.7.0) with JetifyTransform
Transforming lifecycle-viewmodel-savedstate-2.7.0.aar (androidx.lifecycle:lifecycle-viewmodel-savedstate:2.7.0) with AarToClassTransform
Transforming lifecycle-viewmodel-2.7.0.aar (androidx.lifecycle:lifecycle-viewmodel:2.7.0) with JetifyTransform
Transforming lifecycle-viewmodel-2.7.0.aar (androidx.lifecycle:lifecycle-viewmodel:2.7.0) with AarToClassTransform
Transforming lifecycle-viewmodel-2.7.0.aar (androidx.lifecycle:lifecycle-viewmodel:2.7.0) with JetifyTransform
Transforming lifecycle-viewmodel-2.7.0.aar (androidx.lifecycle:lifecycle-viewmodel:2.7.0) with AarToClassTransform
Transforming savedstate-ktx-1.2.1.aar (androidx.savedstate:savedstate-ktx:1.2.1) with JetifyTransform
Transforming savedstate-ktx-1.2.1.aar (androidx.savedstate:savedstate-ktx:1.2.1) with AarToClassTransform
Transforming savedstate-1.2.1.aar (androidx.savedstate:savedstate:1.2.1) with JetifyTransform
Transforming savedstate-1.2.1.aar (androidx.savedstate:savedstate:1.2.1) with AarToClassTransform
Transforming lifecycle-common-2.7.0.jar (androidx.lifecycle:lifecycle-common:2.7.0) with JetifyTransform
Transforming lifecycle-common-2.7.0.jar (androidx.lifecycle:lifecycle-common:2.7.0) with IdentityTransform
Transforming lifecycle-runtime-ktx-2.7.0.aar (androidx.lifecycle:lifecycle-runtime-ktx:2.7.0) with JetifyTransform
Transforming lifecycle-runtime-ktx-2.7.0.aar (androidx.lifecycle:lifecycle-runtime-ktx:2.7.0) with AarToClassTransform
Transforming lifecycle-viewmodel-compose-2.7.0.aar (androidx.lifecycle:lifecycle-viewmodel-compose:2.7.0) with JetifyTransform
Transforming lifecycle-viewmodel-compose-2.7.0.aar (androidx.lifecycle:lifecycle-viewmodel-compose:2.7.0) with AarToClassTransform
Transforming ui-release.aar (androidx.compose.ui:ui-android:1.6.5) with JetifyTransform
Transforming ui-release.aar (androidx.compose.ui:ui-android:1.6.5) with AarToClassTransform
Transforming ui-test-manifest-1.6.5.aar (androidx.compose.ui:ui-test-manifest:1.6.5) with JetifyTransform
Transforming ui-test-manifest-1.6.5.aar (androidx.compose.ui:ui-test-manifest:1.6.5) with AarToClassTransform
Transforming ui-text-google-fonts-1.6.5.aar (androidx.compose.ui:ui-text-google-fonts:1.6.5) with JetifyTransform
Transforming ui-text-google-fonts-1.6.5.aar (androidx.compose.ui:ui-text-google-fonts:1.6.5) with AarToClassTransform
Transforming datastore-1.0.0.aar (androidx.datastore:datastore:1.0.0) with JetifyTransform
Transforming datastore-1.0.0.aar (androidx.datastore:datastore:1.0.0) with AarToClassTransform
Transforming datastore-preferences-core-1.0.0.jar (androidx.datastore:datastore-preferences-core:1.0.0) with JetifyTransform
Transforming datastore-preferences-core-1.0.0.jar (androidx.datastore:datastore-preferences-core:1.0.0) with IdentityTransform
Transforming kotlinx-serialization-core-jvm-1.6.3.jar (org.jetbrains.kotlinx:kotlinx-serialization-core-jvm:1.6.3) with JetifyTransform
Transforming kotlinx-serialization-core-jvm-1.6.3.jar (org.jetbrains.kotlinx:kotlinx-serialization-core-jvm:1.6.3) with IdentityTransform
Transforming kotlinx-serialization-json-jvm-1.6.3.jar (org.jetbrains.kotlinx:kotlinx-serialization-json-jvm:1.6.3) with JetifyTransform
Transforming kotlinx-serialization-json-jvm-1.6.3.jar (org.jetbrains.kotlinx:kotlinx-serialization-json-jvm:1.6.3) with IdentityTransform
Transforming datastore-core-1.0.0.jar (androidx.datastore:datastore-core:1.0.0) with JetifyTransform
Transforming datastore-core-1.0.0.jar (androidx.datastore:datastore-core:1.0.0) with IdentityTransform
Transforming runtime-saveable-release.aar (androidx.compose.runtime:runtime-saveable-android:1.6.5) with JetifyTransform
Transforming runtime-saveable-release.aar (androidx.compose.runtime:runtime-saveable-android:1.6.5) with AarToClassTransform
Transforming runtime-release.aar (androidx.compose.runtime:runtime-android:1.6.5) with JetifyTransform
Transforming runtime-release.aar (androidx.compose.runtime:runtime-android:1.6.5) with AarToClassTransform
Transforming kotlinx-coroutines-core-jvm-1.7.3.jar (org.jetbrains.kotlinx:kotlinx-coroutines-core-jvm:1.7.3) with JetifyTransform
Transforming kotlinx-coroutines-core-jvm-1.7.3.jar (org.jetbrains.kotlinx:kotlinx-coroutines-core-jvm:1.7.3) with IdentityTransform
Transforming kotlinx-coroutines-android-1.7.3.jar (org.jetbrains.kotlinx:kotlinx-coroutines-android:1.7.3) with JetifyTransform
Transforming kotlinx-coroutines-android-1.7.3.jar (org.jetbrains.kotlinx:kotlinx-coroutines-android:1.7.3) with IdentityTransform
Transforming kotlin-stdlib-jdk8-1.8.20.jar (org.jetbrains.kotlin:kotlin-stdlib-jdk8:1.8.20) with JetifyTransform
Transforming kotlin-stdlib-jdk8-1.8.20.jar (org.jetbrains.kotlin:kotlin-stdlib-jdk8:1.8.20) with IdentityTransform
Transforming annotation-experimental-1.4.0.aar (androidx.annotation:annotation-experimental:1.4.0) with JetifyTransform
Transforming annotation-experimental-1.4.0.aar (androidx.annotation:annotation-experimental:1.4.0) with AarToClassTransform
Transforming kotlin-stdlib-jdk7-1.8.20.jar (org.jetbrains.kotlin:kotlin-stdlib-jdk7:1.8.20) with JetifyTransform
Transforming kotlin-stdlib-jdk7-1.8.20.jar (org.jetbrains.kotlin:kotlin-stdlib-jdk7:1.8.20) with IdentityTransform
Transforming versionedparcelable-1.1.1.aar (androidx.versionedparcelable:versionedparcelable:1.1.1) with JetifyTransform
Transforming versionedparcelable-1.1.1.aar (androidx.versionedparcelable:versionedparcelable:1.1.1) with AarToClassTransform
Transforming collection-ktx-1.4.0.jar (androidx.collection:collection-ktx:1.4.0) with JetifyTransform
Transforming collection-ktx-1.4.0.jar (androidx.collection:collection-ktx:1.4.0) with IdentityTransform
Transforming collection-jvm-1.4.0.jar (androidx.collection:collection-jvm:1.4.0) with JetifyTransform
Transforming collection-jvm-1.4.0.jar (androidx.collection:collection-jvm:1.4.0) with IdentityTransform
Transforming interpolator-1.0.0.aar (androidx.interpolator:interpolator:1.0.0) with JetifyTransform
Transforming interpolator-1.0.0.aar (androidx.interpolator:interpolator:1.0.0) with AarToClassTransform
Transforming core-runtime-2.2.0.aar (androidx.arch.core:core-runtime:2.2.0) with JetifyTransform
Transforming core-runtime-2.2.0.aar (androidx.arch.core:core-runtime:2.2.0) with AarToClassTransform
Transforming core-common-2.2.0.jar (androidx.arch.core:core-common:2.2.0) with JetifyTransform
Transforming core-common-2.2.0.jar (androidx.arch.core:core-common:2.2.0) with IdentityTransform
Transforming profileinstaller-1.3.0.aar (androidx.profileinstaller:profileinstaller:1.3.0) with JetifyTransform
Transforming profileinstaller-1.3.0.aar (androidx.profileinstaller:profileinstaller:1.3.0) with AarToClassTransform
Transforming startup-runtime-1.1.1.aar (androidx.startup:startup-runtime:1.1.1) with JetifyTransform
Transforming startup-runtime-1.1.1.aar (androidx.startup:startup-runtime:1.1.1) with AarToClassTransform
Transforming tracing-1.0.0.aar (androidx.tracing:tracing:1.0.0) with JetifyTransform
Transforming tracing-1.0.0.aar (androidx.tracing:tracing:1.0.0) with AarToClassTransform
Transforming concurrent-futures-1.1.0.jar (androidx.concurrent:concurrent-futures:1.1.0) with JetifyTransform
Transforming concurrent-futures-1.1.0.jar (androidx.concurrent:concurrent-futures:1.1.0) with IdentityTransform
Transforming annotation-jvm-1.7.0.jar (androidx.annotation:annotation-jvm:1.7.0) with JetifyTransform
Transforming annotation-jvm-1.7.0.jar (androidx.annotation:annotation-jvm:1.7.0) with IdentityTransform
Transforming kotlin-stdlib-1.9.23.jar (org.jetbrains.kotlin:kotlin-stdlib:1.9.23) with JetifyTransform
Transforming kotlin-stdlib-1.9.23.jar (org.jetbrains.kotlin:kotlin-stdlib:1.9.23) with IdentityTransform
Transforming tensorflow-lite-support-0.4.4.aar (org.tensorflow:tensorflow-lite-support:0.4.4) with JetifyTransform
Transforming tensorflow-lite-support-0.4.4.aar (org.tensorflow:tensorflow-lite-support:0.4.4) with AarToClassTransform
Transforming tensorflow-lite-2.14.0.aar (org.tensorflow:tensorflow-lite:2.14.0) with JetifyTransform
Transforming tensorflow-lite-2.14.0.aar (org.tensorflow:tensorflow-lite:2.14.0) with AarToClassTransform
Transforming annotations-23.0.0.jar (org.jetbrains:annotations:23.0.0) with JetifyTransform
Transforming annotations-23.0.0.jar (org.jetbrains:annotations:23.0.0) with IdentityTransform
Transforming hilt-core-2.48.jar (com.google.dagger:hilt-core:2.48) with JetifyTransform
Transforming hilt-core-2.48.jar (com.google.dagger:hilt-core:2.48) with IdentityTransform
Transforming dagger-2.48.jar (com.google.dagger:dagger:2.48) with JetifyTransform
Transforming dagger-2.48.jar (com.google.dagger:dagger:2.48) with IdentityTransform
Transforming dagger-lint-aar-2.48.aar (com.google.dagger:dagger-lint-aar:2.48) with JetifyTransform
Transforming dagger-lint-aar-2.48.aar (com.google.dagger:dagger-lint-aar:2.48) with AarToClassTransform
Transforming jsr305-3.0.2.jar (com.google.code.findbugs:jsr305:3.0.2) with JetifyTransform
Transforming jsr305-3.0.2.jar (com.google.code.findbugs:jsr305:3.0.2) with IdentityTransform
Transforming javax.inject-1.jar (javax.inject:javax.inject:1) with JetifyTransform
Transforming javax.inject-1.jar (javax.inject:javax.inject:1) with IdentityTransform
Transforming tensorflow-lite-support-api-0.4.4.aar (org.tensorflow:tensorflow-lite-support-api:0.4.4) with JetifyTransform
Transforming tensorflow-lite-support-api-0.4.4.aar (org.tensorflow:tensorflow-lite-support-api:0.4.4) with AarToClassTransform
Transforming tensorflow-lite-api-2.14.0.aar (org.tensorflow:tensorflow-lite-api:2.14.0) with JetifyTransform
Transforming tensorflow-lite-api-2.14.0.aar (org.tensorflow:tensorflow-lite-api:2.14.0) with AarToClassTransform
Transforming checker-qual-2.5.8.jar (org.checkerframework:checker-qual:2.5.8) with JetifyTransform
Transforming checker-qual-2.5.8.jar (org.checkerframework:checker-qual:2.5.8) with IdentityTransform
Transforming image-1.0.0-beta1.aar (com.google.android.odml:image:1.0.0-beta1) with JetifyTransform
Transforming image-1.0.0-beta1.aar (com.google.android.odml:image:1.0.0-beta1) with AarToClassTransform
Transforming listenablefuture-1.0.jar (com.google.guava:listenablefuture:1.0) with JetifyTransform
Transforming listenablefuture-1.0.jar (com.google.guava:listenablefuture:1.0) with IdentityTransform
Build cache key for task ':app:transformDebugClassesWithAsm' is bbc260e250051b1b773a37140d223202
Skipping task ':app:transformDebugClassesWithAsm' as it is up-to-date.
Resolve mutations for :app:dexBuilderDebug (Thread[#428,Execution worker Thread 2,5,main]) started.
:app:dexBuilderDebug (Thread[#428,Execution worker Thread 2,5,main]) started.

> Task :app:dexBuilderDebug UP-TO-DATE
Build cache key for task ':app:dexBuilderDebug' is 73abf428ba7dfb2b87b97ef7ad8bdad9
Skipping task ':app:dexBuilderDebug' as it is up-to-date.
Resolve mutations for :app:mergeProjectDexDebug (Thread[#427,Execution worker,5,main]) started.
:app:mergeProjectDexDebug (Thread[#427,Execution worker,5,main]) started.

> Task :app:mergeProjectDexDebug UP-TO-DATE
Build cache key for task ':app:mergeProjectDexDebug' is f2fdc7258ffe7791fe4ab62a914f2b4a
Skipping task ':app:mergeProjectDexDebug' as it is up-to-date.
Resolve mutations for :app:mergeDebugJniLibFolders (Thread[#427,Execution worker,5,main]) started.
:app:mergeDebugJniLibFolders (Thread[#427,Execution worker,5,main]) started.

> Task :app:mergeDebugJniLibFolders UP-TO-DATE
Build cache key for task ':app:mergeDebugJniLibFolders' is 73c840fff767dfd273123e220bc7026b
Skipping task ':app:mergeDebugJniLibFolders' as it is up-to-date.
Resolve mutations for :app:mergeDebugNativeLibs (Thread[#427,Execution worker,5,main]) started.
:app:mergeDebugNativeLibs (Thread[#427,Execution worker,5,main]) started.

> Task :app:mergeDebugNativeLibs UP-TO-DATE
Transforming hilt-navigation-compose-1.1.0.aar (androidx.hilt:hilt-navigation-compose:1.1.0) with JetifyTransform
Transforming hilt-navigation-compose-1.1.0.aar (androidx.hilt:hilt-navigation-compose:1.1.0) with ExtractAarTransform
Transforming hilt-navigation-compose-1.1.0.aar (androidx.hilt:hilt-navigation-compose:1.1.0) with AarTransform
Transforming hilt-navigation-1.1.0.aar (androidx.hilt:hilt-navigation:1.1.0) with JetifyTransform
Transforming hilt-navigation-1.1.0.aar (androidx.hilt:hilt-navigation:1.1.0) with ExtractAarTransform
Transforming hilt-navigation-1.1.0.aar (androidx.hilt:hilt-navigation:1.1.0) with AarTransform
Transforming navigation-common-2.7.7.aar (androidx.navigation:navigation-common:2.7.7) with JetifyTransform
Transforming navigation-common-2.7.7.aar (androidx.navigation:navigation-common:2.7.7) with ExtractAarTransform
Transforming navigation-common-2.7.7.aar (androidx.navigation:navigation-common:2.7.7) with AarTransform
Transforming navigation-runtime-2.7.7.aar (androidx.navigation:navigation-runtime:2.7.7) with JetifyTransform
Transforming navigation-runtime-2.7.7.aar (androidx.navigation:navigation-runtime:2.7.7) with ExtractAarTransform
Transforming navigation-runtime-2.7.7.aar (androidx.navigation:navigation-runtime:2.7.7) with AarTransform
Transforming navigation-common-ktx-2.7.7.aar (androidx.navigation:navigation-common-ktx:2.7.7) with JetifyTransform
Transforming navigation-common-ktx-2.7.7.aar (androidx.navigation:navigation-common-ktx:2.7.7) with ExtractAarTransform
Transforming navigation-common-ktx-2.7.7.aar (androidx.navigation:navigation-common-ktx:2.7.7) with AarTransform
Transforming navigation-runtime-ktx-2.7.7.aar (androidx.navigation:navigation-runtime-ktx:2.7.7) with JetifyTransform
Transforming navigation-runtime-ktx-2.7.7.aar (androidx.navigation:navigation-runtime-ktx:2.7.7) with ExtractAarTransform
Transforming navigation-runtime-ktx-2.7.7.aar (androidx.navigation:navigation-runtime-ktx:2.7.7) with AarTransform
Transforming navigation-compose-2.7.7.aar (androidx.navigation:navigation-compose:2.7.7) with JetifyTransform
Transforming navigation-compose-2.7.7.aar (androidx.navigation:navigation-compose:2.7.7) with ExtractAarTransform
Transforming navigation-compose-2.7.7.aar (androidx.navigation:navigation-compose:2.7.7) with AarTransform
Transforming hilt-android-2.48.aar (com.google.dagger:hilt-android:2.48) with JetifyTransform
Transforming hilt-android-2.48.aar (com.google.dagger:hilt-android:2.48) with ExtractAarTransform
Transforming hilt-android-2.48.aar (com.google.dagger:hilt-android:2.48) with AarTransform
Transforming datastore-preferences-1.0.0.aar (androidx.datastore:datastore-preferences:1.0.0) with JetifyTransform
Transforming datastore-preferences-1.0.0.aar (androidx.datastore:datastore-preferences:1.0.0) with ExtractAarTransform
Transforming datastore-preferences-1.0.0.aar (androidx.datastore:datastore-preferences:1.0.0) with AarTransform
Transforming fragment-1.5.1.aar (androidx.fragment:fragment:1.5.1) with JetifyTransform
Transforming fragment-1.5.1.aar (androidx.fragment:fragment:1.5.1) with ExtractAarTransform
Transforming fragment-1.5.1.aar (androidx.fragment:fragment:1.5.1) with AarTransform
Transforming activity-ktx-1.8.1.aar (androidx.activity:activity-ktx:1.8.1) with JetifyTransform
Transforming activity-ktx-1.8.1.aar (androidx.activity:activity-ktx:1.8.1) with ExtractAarTransform
Transforming activity-ktx-1.8.1.aar (androidx.activity:activity-ktx:1.8.1) with AarTransform
Transforming activity-1.8.1.aar (androidx.activity:activity:1.8.1) with JetifyTransform
Transforming activity-1.8.1.aar (androidx.activity:activity:1.8.1) with ExtractAarTransform
Transforming activity-1.8.1.aar (androidx.activity:activity:1.8.1) with AarTransform
Transforming material3-release.aar (androidx.compose.material3:material3-android:1.2.1) with JetifyTransform
Transforming material3-release.aar (androidx.compose.material3:material3-android:1.2.1) with ExtractAarTransform
Transforming material3-release.aar (androidx.compose.material3:material3-android:1.2.1) with AarTransform
Transforming material-release.aar (androidx.compose.material:material-android:1.6.4) with JetifyTransform
Transforming material-release.aar (androidx.compose.material:material-android:1.6.4) with ExtractAarTransform
Transforming material-release.aar (androidx.compose.material:material-android:1.6.4) with AarTransform
Transforming material-icons-core-release.aar (androidx.compose.material:material-icons-core-android:1.6.4) with JetifyTransform
Transforming material-icons-core-release.aar (androidx.compose.material:material-icons-core-android:1.6.4) with ExtractAarTransform
Transforming material-icons-core-release.aar (androidx.compose.material:material-icons-core-android:1.6.4) with AarTransform
Transforming material-icons-extended-release.aar (androidx.compose.material:material-icons-extended-android:1.6.4) with JetifyTransform
Transforming material-icons-extended-release.aar (androidx.compose.material:material-icons-extended-android:1.6.4) with ExtractAarTransform
Transforming material-icons-extended-release.aar (androidx.compose.material:material-icons-extended-android:1.6.4) with AarTransform
Transforming material-ripple-release.aar (androidx.compose.material:material-ripple-android:1.6.4) with JetifyTransform
Transforming material-ripple-release.aar (androidx.compose.material:material-ripple-android:1.6.4) with ExtractAarTransform
Transforming material-ripple-release.aar (androidx.compose.material:material-ripple-android:1.6.4) with AarTransform
Transforming ui-tooling-data-release.aar (androidx.compose.ui:ui-tooling-data-android:1.6.5) with JetifyTransform
Transforming ui-tooling-data-release.aar (androidx.compose.ui:ui-tooling-data-android:1.6.5) with ExtractAarTransform
Transforming ui-tooling-data-release.aar (androidx.compose.ui:ui-tooling-data-android:1.6.5) with AarTransform
Transforming foundation-layout-release.aar (androidx.compose.foundation:foundation-layout-android:1.6.5) with JetifyTransform
Transforming foundation-layout-release.aar (androidx.compose.foundation:foundation-layout-android:1.6.5) with ExtractAarTransform
Transforming foundation-layout-release.aar (androidx.compose.foundation:foundation-layout-android:1.6.5) with AarTransform
Transforming foundation-release.aar (androidx.compose.foundation:foundation-android:1.6.5) with JetifyTransform
Transforming foundation-release.aar (androidx.compose.foundation:foundation-android:1.6.5) with ExtractAarTransform
Transforming foundation-release.aar (androidx.compose.foundation:foundation-android:1.6.5) with AarTransform
Transforming animation-release.aar (androidx.compose.animation:animation-android:1.6.5) with JetifyTransform
Transforming animation-release.aar (androidx.compose.animation:animation-android:1.6.5) with ExtractAarTransform
Transforming animation-release.aar (androidx.compose.animation:animation-android:1.6.5) with AarTransform
Transforming animation-core-release.aar (androidx.compose.animation:animation-core-android:1.6.5) with JetifyTransform
Transforming animation-core-release.aar (androidx.compose.animation:animation-core-android:1.6.5) with ExtractAarTransform
Transforming animation-core-release.aar (androidx.compose.animation:animation-core-android:1.6.5) with AarTransform
Transforming ui-unit-release.aar (androidx.compose.ui:ui-unit-android:1.6.5) with JetifyTransform
Transforming ui-unit-release.aar (androidx.compose.ui:ui-unit-android:1.6.5) with ExtractAarTransform
Transforming ui-unit-release.aar (androidx.compose.ui:ui-unit-android:1.6.5) with AarTransform
Transforming ui-geometry-release.aar (androidx.compose.ui:ui-geometry-android:1.6.5) with JetifyTransform
Transforming ui-geometry-release.aar (androidx.compose.ui:ui-geometry-android:1.6.5) with ExtractAarTransform
Transforming ui-geometry-release.aar (androidx.compose.ui:ui-geometry-android:1.6.5) with AarTransform
Transforming ui-util-release.aar (androidx.compose.ui:ui-util-android:1.6.5) with JetifyTransform
Transforming ui-util-release.aar (androidx.compose.ui:ui-util-android:1.6.5) with ExtractAarTransform
Transforming ui-util-release.aar (androidx.compose.ui:ui-util-android:1.6.5) with AarTransform
Transforming ui-text-release.aar (androidx.compose.ui:ui-text-android:1.6.5) with JetifyTransform
Transforming ui-text-release.aar (androidx.compose.ui:ui-text-android:1.6.5) with ExtractAarTransform
Transforming ui-text-release.aar (androidx.compose.ui:ui-text-android:1.6.5) with AarTransform
Transforming ui-tooling-preview-release.aar (androidx.compose.ui:ui-tooling-preview-android:1.6.5) with JetifyTransform
Transforming ui-tooling-preview-release.aar (androidx.compose.ui:ui-tooling-preview-android:1.6.5) with ExtractAarTransform
Transforming ui-tooling-preview-release.aar (androidx.compose.ui:ui-tooling-preview-android:1.6.5) with AarTransform
Transforming ui-graphics-release.aar (androidx.compose.ui:ui-graphics-android:1.6.5) with JetifyTransform
Transforming ui-graphics-release.aar (androidx.compose.ui:ui-graphics-android:1.6.5) with ExtractAarTransform
Transforming ui-graphics-release.aar (androidx.compose.ui:ui-graphics-android:1.6.5) with AarTransform
Transforming ui-tooling-release.aar (androidx.compose.ui:ui-tooling-android:1.6.5) with JetifyTransform
Transforming ui-tooling-release.aar (androidx.compose.ui:ui-tooling-android:1.6.5) with ExtractAarTransform
Transforming ui-tooling-release.aar (androidx.compose.ui:ui-tooling-android:1.6.5) with AarTransform
Transforming activity-compose-1.8.1.aar (androidx.activity:activity-compose:1.8.1) with JetifyTransform
Transforming activity-compose-1.8.1.aar (androidx.activity:activity-compose:1.8.1) with ExtractAarTransform
Transforming activity-compose-1.8.1.aar (androidx.activity:activity-compose:1.8.1) with AarTransform
Transforming customview-poolingcontainer-1.0.0.aar (androidx.customview:customview-poolingcontainer:1.0.0) with JetifyTransform
Transforming customview-poolingcontainer-1.0.0.aar (androidx.customview:customview-poolingcontainer:1.0.0) with ExtractAarTransform
Transforming customview-poolingcontainer-1.0.0.aar (androidx.customview:customview-poolingcontainer:1.0.0) with AarTransform
Transforming core-ktx-1.12.0.aar (androidx.core:core-ktx:1.12.0) with JetifyTransform
Transforming core-ktx-1.12.0.aar (androidx.core:core-ktx:1.12.0) with ExtractAarTransform
Transforming core-ktx-1.12.0.aar (androidx.core:core-ktx:1.12.0) with AarTransform
Transforming loader-1.0.0.aar (androidx.loader:loader:1.0.0) with JetifyTransform
Transforming loader-1.0.0.aar (androidx.loader:loader:1.0.0) with ExtractAarTransform
Transforming loader-1.0.0.aar (androidx.loader:loader:1.0.0) with AarTransform
Transforming viewpager-1.0.0.aar (androidx.viewpager:viewpager:1.0.0) with JetifyTransform
Transforming viewpager-1.0.0.aar (androidx.viewpager:viewpager:1.0.0) with ExtractAarTransform
Transforming viewpager-1.0.0.aar (androidx.viewpager:viewpager:1.0.0) with AarTransform
Transforming customview-1.0.0.aar (androidx.customview:customview:1.0.0) with JetifyTransform
Transforming customview-1.0.0.aar (androidx.customview:customview:1.0.0) with ExtractAarTransform
Transforming customview-1.0.0.aar (androidx.customview:customview:1.0.0) with AarTransform
Transforming autofill-1.0.0.aar (androidx.autofill:autofill:1.0.0) with JetifyTransform
Transforming autofill-1.0.0.aar (androidx.autofill:autofill:1.0.0) with ExtractAarTransform
Transforming autofill-1.0.0.aar (androidx.autofill:autofill:1.0.0) with AarTransform
Transforming emoji2-1.3.0.aar (androidx.emoji2:emoji2:1.3.0) with JetifyTransform
Transforming emoji2-1.3.0.aar (androidx.emoji2:emoji2:1.3.0) with ExtractAarTransform
Transforming emoji2-1.3.0.aar (androidx.emoji2:emoji2:1.3.0) with AarTransform
Transforming core-1.12.0.aar (androidx.core:core:1.12.0) with JetifyTransform
Transforming core-1.12.0.aar (androidx.core:core:1.12.0) with ExtractAarTransform
Transforming core-1.12.0.aar (androidx.core:core:1.12.0) with AarTransform
Transforming core-1.12.0.aar (androidx.core:core:1.12.0) with JetifyTransform
Transforming core-1.12.0.aar (androidx.core:core:1.12.0) with ExtractAarTransform
Transforming core-1.12.0.aar (androidx.core:core:1.12.0) with AarTransform
Transforming lifecycle-process-2.7.0.aar (androidx.lifecycle:lifecycle-process:2.7.0) with JetifyTransform
Transforming lifecycle-process-2.7.0.aar (androidx.lifecycle:lifecycle-process:2.7.0) with ExtractAarTransform
Transforming lifecycle-process-2.7.0.aar (androidx.lifecycle:lifecycle-process:2.7.0) with AarTransform
Transforming lifecycle-livedata-core-ktx-2.7.0.aar (androidx.lifecycle:lifecycle-livedata-core-ktx:2.7.0) with JetifyTransform
Transforming lifecycle-livedata-core-ktx-2.7.0.aar (androidx.lifecycle:lifecycle-livedata-core-ktx:2.7.0) with ExtractAarTransform
Transforming lifecycle-livedata-core-ktx-2.7.0.aar (androidx.lifecycle:lifecycle-livedata-core-ktx:2.7.0) with AarTransform
Transforming lifecycle-livedata-2.7.0.aar (androidx.lifecycle:lifecycle-livedata:2.7.0) with JetifyTransform
Transforming lifecycle-livedata-2.7.0.aar (androidx.lifecycle:lifecycle-livedata:2.7.0) with ExtractAarTransform
Transforming lifecycle-livedata-2.7.0.aar (androidx.lifecycle:lifecycle-livedata:2.7.0) with AarTransform
Transforming lifecycle-viewmodel-ktx-2.7.0.aar (androidx.lifecycle:lifecycle-viewmodel-ktx:2.7.0) with JetifyTransform
Transforming lifecycle-viewmodel-ktx-2.7.0.aar (androidx.lifecycle:lifecycle-viewmodel-ktx:2.7.0) with ExtractAarTransform
Transforming lifecycle-viewmodel-ktx-2.7.0.aar (androidx.lifecycle:lifecycle-viewmodel-ktx:2.7.0) with AarTransform
Transforming lifecycle-common-java8-2.7.0.jar (androidx.lifecycle:lifecycle-common-java8:2.7.0) with JetifyTransform
Transforming lifecycle-common-java8-2.7.0.jar (androidx.lifecycle:lifecycle-common-java8:2.7.0) with ExtractJniTransform
Transforming lifecycle-livedata-core-2.7.0.aar (androidx.lifecycle:lifecycle-livedata-core:2.7.0) with JetifyTransform
Transforming lifecycle-livedata-core-2.7.0.aar (androidx.lifecycle:lifecycle-livedata-core:2.7.0) with ExtractAarTransform
Transforming lifecycle-livedata-core-2.7.0.aar (androidx.lifecycle:lifecycle-livedata-core:2.7.0) with AarTransform
Transforming lifecycle-runtime-2.7.0.aar (androidx.lifecycle:lifecycle-runtime:2.7.0) with JetifyTransform
Transforming lifecycle-runtime-2.7.0.aar (androidx.lifecycle:lifecycle-runtime:2.7.0) with ExtractAarTransform
Transforming lifecycle-runtime-2.7.0.aar (androidx.lifecycle:lifecycle-runtime:2.7.0) with AarTransform
Transforming lifecycle-viewmodel-savedstate-2.7.0.aar (androidx.lifecycle:lifecycle-viewmodel-savedstate:2.7.0) with JetifyTransform
Transforming lifecycle-viewmodel-savedstate-2.7.0.aar (androidx.lifecycle:lifecycle-viewmodel-savedstate:2.7.0) with ExtractAarTransform
Transforming lifecycle-viewmodel-savedstate-2.7.0.aar (androidx.lifecycle:lifecycle-viewmodel-savedstate:2.7.0) with AarTransform
Transforming lifecycle-viewmodel-2.7.0.aar (androidx.lifecycle:lifecycle-viewmodel:2.7.0) with JetifyTransform
Transforming lifecycle-viewmodel-2.7.0.aar (androidx.lifecycle:lifecycle-viewmodel:2.7.0) with ExtractAarTransform
Transforming lifecycle-viewmodel-2.7.0.aar (androidx.lifecycle:lifecycle-viewmodel:2.7.0) with AarTransform
Transforming lifecycle-viewmodel-2.7.0.aar (androidx.lifecycle:lifecycle-viewmodel:2.7.0) with JetifyTransform
Transforming lifecycle-viewmodel-2.7.0.aar (androidx.lifecycle:lifecycle-viewmodel:2.7.0) with ExtractAarTransform
Transforming lifecycle-viewmodel-2.7.0.aar (androidx.lifecycle:lifecycle-viewmodel:2.7.0) with AarTransform
Transforming savedstate-ktx-1.2.1.aar (androidx.savedstate:savedstate-ktx:1.2.1) with JetifyTransform
Transforming savedstate-ktx-1.2.1.aar (androidx.savedstate:savedstate-ktx:1.2.1) with ExtractAarTransform
Transforming savedstate-ktx-1.2.1.aar (androidx.savedstate:savedstate-ktx:1.2.1) with AarTransform
Transforming savedstate-1.2.1.aar (androidx.savedstate:savedstate:1.2.1) with JetifyTransform
Transforming savedstate-1.2.1.aar (androidx.savedstate:savedstate:1.2.1) with ExtractAarTransform
Transforming savedstate-1.2.1.aar (androidx.savedstate:savedstate:1.2.1) with AarTransform
Transforming lifecycle-common-2.7.0.jar (androidx.lifecycle:lifecycle-common:2.7.0) with JetifyTransform
Transforming lifecycle-common-2.7.0.jar (androidx.lifecycle:lifecycle-common:2.7.0) with ExtractJniTransform
Transforming lifecycle-runtime-ktx-2.7.0.aar (androidx.lifecycle:lifecycle-runtime-ktx:2.7.0) with JetifyTransform
Transforming lifecycle-runtime-ktx-2.7.0.aar (androidx.lifecycle:lifecycle-runtime-ktx:2.7.0) with ExtractAarTransform
Transforming lifecycle-runtime-ktx-2.7.0.aar (androidx.lifecycle:lifecycle-runtime-ktx:2.7.0) with AarTransform
Transforming lifecycle-viewmodel-compose-2.7.0.aar (androidx.lifecycle:lifecycle-viewmodel-compose:2.7.0) with JetifyTransform
Transforming lifecycle-viewmodel-compose-2.7.0.aar (androidx.lifecycle:lifecycle-viewmodel-compose:2.7.0) with ExtractAarTransform
Transforming lifecycle-viewmodel-compose-2.7.0.aar (androidx.lifecycle:lifecycle-viewmodel-compose:2.7.0) with AarTransform
Transforming ui-release.aar (androidx.compose.ui:ui-android:1.6.5) with JetifyTransform
Transforming ui-release.aar (androidx.compose.ui:ui-android:1.6.5) with ExtractAarTransform
Transforming ui-release.aar (androidx.compose.ui:ui-android:1.6.5) with AarTransform
Transforming ui-test-manifest-1.6.5.aar (androidx.compose.ui:ui-test-manifest:1.6.5) with JetifyTransform
Transforming ui-test-manifest-1.6.5.aar (androidx.compose.ui:ui-test-manifest:1.6.5) with ExtractAarTransform
Transforming ui-test-manifest-1.6.5.aar (androidx.compose.ui:ui-test-manifest:1.6.5) with AarTransform
Transforming ui-text-google-fonts-1.6.5.aar (androidx.compose.ui:ui-text-google-fonts:1.6.5) with JetifyTransform
Transforming ui-text-google-fonts-1.6.5.aar (androidx.compose.ui:ui-text-google-fonts:1.6.5) with ExtractAarTransform
Transforming ui-text-google-fonts-1.6.5.aar (androidx.compose.ui:ui-text-google-fonts:1.6.5) with AarTransform
Transforming datastore-1.0.0.aar (androidx.datastore:datastore:1.0.0) with JetifyTransform
Transforming datastore-1.0.0.aar (androidx.datastore:datastore:1.0.0) with ExtractAarTransform
Transforming datastore-1.0.0.aar (androidx.datastore:datastore:1.0.0) with AarTransform
Transforming datastore-preferences-core-1.0.0.jar (androidx.datastore:datastore-preferences-core:1.0.0) with JetifyTransform
Transforming datastore-preferences-core-1.0.0.jar (androidx.datastore:datastore-preferences-core:1.0.0) with ExtractJniTransform
Transforming kotlinx-serialization-core-jvm-1.6.3.jar (org.jetbrains.kotlinx:kotlinx-serialization-core-jvm:1.6.3) with JetifyTransform
Transforming kotlinx-serialization-core-jvm-1.6.3.jar (org.jetbrains.kotlinx:kotlinx-serialization-core-jvm:1.6.3) with ExtractJniTransform
Transforming kotlinx-serialization-json-jvm-1.6.3.jar (org.jetbrains.kotlinx:kotlinx-serialization-json-jvm:1.6.3) with JetifyTransform
Transforming kotlinx-serialization-json-jvm-1.6.3.jar (org.jetbrains.kotlinx:kotlinx-serialization-json-jvm:1.6.3) with ExtractJniTransform
Transforming datastore-core-1.0.0.jar (androidx.datastore:datastore-core:1.0.0) with JetifyTransform
Transforming datastore-core-1.0.0.jar (androidx.datastore:datastore-core:1.0.0) with ExtractJniTransform
Transforming runtime-saveable-release.aar (androidx.compose.runtime:runtime-saveable-android:1.6.5) with JetifyTransform
Transforming runtime-saveable-release.aar (androidx.compose.runtime:runtime-saveable-android:1.6.5) with ExtractAarTransform
Transforming runtime-saveable-release.aar (androidx.compose.runtime:runtime-saveable-android:1.6.5) with AarTransform
Transforming runtime-release.aar (androidx.compose.runtime:runtime-android:1.6.5) with JetifyTransform
Transforming runtime-release.aar (androidx.compose.runtime:runtime-android:1.6.5) with ExtractAarTransform
Transforming runtime-release.aar (androidx.compose.runtime:runtime-android:1.6.5) with AarTransform
Transforming kotlinx-coroutines-core-jvm-1.7.3.jar (org.jetbrains.kotlinx:kotlinx-coroutines-core-jvm:1.7.3) with JetifyTransform
Transforming kotlinx-coroutines-core-jvm-1.7.3.jar (org.jetbrains.kotlinx:kotlinx-coroutines-core-jvm:1.7.3) with ExtractJniTransform
Transforming kotlinx-coroutines-android-1.7.3.jar (org.jetbrains.kotlinx:kotlinx-coroutines-android:1.7.3) with JetifyTransform
Transforming kotlinx-coroutines-android-1.7.3.jar (org.jetbrains.kotlinx:kotlinx-coroutines-android:1.7.3) with ExtractJniTransform
Transforming kotlin-stdlib-jdk8-1.8.20.jar (org.jetbrains.kotlin:kotlin-stdlib-jdk8:1.8.20) with JetifyTransform
Transforming kotlin-stdlib-jdk8-1.8.20.jar (org.jetbrains.kotlin:kotlin-stdlib-jdk8:1.8.20) with ExtractJniTransform
Transforming annotation-experimental-1.4.0.aar (androidx.annotation:annotation-experimental:1.4.0) with JetifyTransform
Transforming annotation-experimental-1.4.0.aar (androidx.annotation:annotation-experimental:1.4.0) with ExtractAarTransform
Transforming annotation-experimental-1.4.0.aar (androidx.annotation:annotation-experimental:1.4.0) with AarTransform
Transforming kotlin-stdlib-jdk7-1.8.20.jar (org.jetbrains.kotlin:kotlin-stdlib-jdk7:1.8.20) with JetifyTransform
Transforming kotlin-stdlib-jdk7-1.8.20.jar (org.jetbrains.kotlin:kotlin-stdlib-jdk7:1.8.20) with ExtractJniTransform
Transforming versionedparcelable-1.1.1.aar (androidx.versionedparcelable:versionedparcelable:1.1.1) with JetifyTransform
Transforming versionedparcelable-1.1.1.aar (androidx.versionedparcelable:versionedparcelable:1.1.1) with ExtractAarTransform
Transforming versionedparcelable-1.1.1.aar (androidx.versionedparcelable:versionedparcelable:1.1.1) with AarTransform
Transforming collection-ktx-1.4.0.jar (androidx.collection:collection-ktx:1.4.0) with JetifyTransform
Transforming collection-ktx-1.4.0.jar (androidx.collection:collection-ktx:1.4.0) with ExtractJniTransform
Transforming collection-jvm-1.4.0.jar (androidx.collection:collection-jvm:1.4.0) with JetifyTransform
Transforming collection-jvm-1.4.0.jar (androidx.collection:collection-jvm:1.4.0) with ExtractJniTransform
Transforming interpolator-1.0.0.aar (androidx.interpolator:interpolator:1.0.0) with JetifyTransform
Transforming interpolator-1.0.0.aar (androidx.interpolator:interpolator:1.0.0) with ExtractAarTransform
Transforming interpolator-1.0.0.aar (androidx.interpolator:interpolator:1.0.0) with AarTransform
Transforming core-runtime-2.2.0.aar (androidx.arch.core:core-runtime:2.2.0) with JetifyTransform
Transforming core-runtime-2.2.0.aar (androidx.arch.core:core-runtime:2.2.0) with ExtractAarTransform
Transforming core-runtime-2.2.0.aar (androidx.arch.core:core-runtime:2.2.0) with AarTransform
Transforming core-common-2.2.0.jar (androidx.arch.core:core-common:2.2.0) with JetifyTransform
Transforming core-common-2.2.0.jar (androidx.arch.core:core-common:2.2.0) with ExtractJniTransform
Transforming profileinstaller-1.3.0.aar (androidx.profileinstaller:profileinstaller:1.3.0) with JetifyTransform
Transforming profileinstaller-1.3.0.aar (androidx.profileinstaller:profileinstaller:1.3.0) with ExtractAarTransform
Transforming profileinstaller-1.3.0.aar (androidx.profileinstaller:profileinstaller:1.3.0) with AarTransform
Transforming startup-runtime-1.1.1.aar (androidx.startup:startup-runtime:1.1.1) with JetifyTransform
Transforming startup-runtime-1.1.1.aar (androidx.startup:startup-runtime:1.1.1) with ExtractAarTransform
Transforming startup-runtime-1.1.1.aar (androidx.startup:startup-runtime:1.1.1) with AarTransform
Transforming tracing-1.0.0.aar (androidx.tracing:tracing:1.0.0) with JetifyTransform
Transforming tracing-1.0.0.aar (androidx.tracing:tracing:1.0.0) with ExtractAarTransform
Transforming tracing-1.0.0.aar (androidx.tracing:tracing:1.0.0) with AarTransform
Transforming concurrent-futures-1.1.0.jar (androidx.concurrent:concurrent-futures:1.1.0) with JetifyTransform
Transforming concurrent-futures-1.1.0.jar (androidx.concurrent:concurrent-futures:1.1.0) with ExtractJniTransform
Transforming annotation-jvm-1.7.0.jar (androidx.annotation:annotation-jvm:1.7.0) with JetifyTransform
Transforming annotation-jvm-1.7.0.jar (androidx.annotation:annotation-jvm:1.7.0) with ExtractJniTransform
Transforming kotlin-stdlib-1.9.23.jar (org.jetbrains.kotlin:kotlin-stdlib:1.9.23) with JetifyTransform
Transforming kotlin-stdlib-1.9.23.jar (org.jetbrains.kotlin:kotlin-stdlib:1.9.23) with ExtractJniTransform
Transforming tensorflow-lite-support-0.4.4.aar (org.tensorflow:tensorflow-lite-support:0.4.4) with JetifyTransform
Transforming tensorflow-lite-support-0.4.4.aar (org.tensorflow:tensorflow-lite-support:0.4.4) with ExtractAarTransform
Transforming tensorflow-lite-support-0.4.4.aar (org.tensorflow:tensorflow-lite-support:0.4.4) with AarTransform
Transforming tensorflow-lite-2.14.0.aar (org.tensorflow:tensorflow-lite:2.14.0) with JetifyTransform
Transforming tensorflow-lite-2.14.0.aar (org.tensorflow:tensorflow-lite:2.14.0) with ExtractAarTransform
Transforming tensorflow-lite-2.14.0.aar (org.tensorflow:tensorflow-lite:2.14.0) with AarTransform
Transforming annotations-23.0.0.jar (org.jetbrains:annotations:23.0.0) with JetifyTransform
Transforming annotations-23.0.0.jar (org.jetbrains:annotations:23.0.0) with ExtractJniTransform
Transforming hilt-core-2.48.jar (com.google.dagger:hilt-core:2.48) with JetifyTransform
Transforming hilt-core-2.48.jar (com.google.dagger:hilt-core:2.48) with ExtractJniTransform
Transforming dagger-2.48.jar (com.google.dagger:dagger:2.48) with JetifyTransform
Transforming dagger-2.48.jar (com.google.dagger:dagger:2.48) with ExtractJniTransform
Transforming dagger-lint-aar-2.48.aar (com.google.dagger:dagger-lint-aar:2.48) with JetifyTransform
Transforming dagger-lint-aar-2.48.aar (com.google.dagger:dagger-lint-aar:2.48) with ExtractAarTransform
Transforming dagger-lint-aar-2.48.aar (com.google.dagger:dagger-lint-aar:2.48) with AarTransform
Transforming jsr305-3.0.2.jar (com.google.code.findbugs:jsr305:3.0.2) with JetifyTransform
Transforming jsr305-3.0.2.jar (com.google.code.findbugs:jsr305:3.0.2) with ExtractJniTransform
Transforming javax.inject-1.jar (javax.inject:javax.inject:1) with JetifyTransform
Transforming javax.inject-1.jar (javax.inject:javax.inject:1) with ExtractJniTransform
Transforming tensorflow-lite-support-api-0.4.4.aar (org.tensorflow:tensorflow-lite-support-api:0.4.4) with JetifyTransform
Transforming tensorflow-lite-support-api-0.4.4.aar (org.tensorflow:tensorflow-lite-support-api:0.4.4) with ExtractAarTransform
Transforming tensorflow-lite-support-api-0.4.4.aar (org.tensorflow:tensorflow-lite-support-api:0.4.4) with AarTransform
Transforming tensorflow-lite-api-2.14.0.aar (org.tensorflow:tensorflow-lite-api:2.14.0) with JetifyTransform
Transforming tensorflow-lite-api-2.14.0.aar (org.tensorflow:tensorflow-lite-api:2.14.0) with ExtractAarTransform
Transforming tensorflow-lite-api-2.14.0.aar (org.tensorflow:tensorflow-lite-api:2.14.0) with AarTransform
Transforming checker-qual-2.5.8.jar (org.checkerframework:checker-qual:2.5.8) with JetifyTransform
Transforming checker-qual-2.5.8.jar (org.checkerframework:checker-qual:2.5.8) with ExtractJniTransform
Transforming image-1.0.0-beta1.aar (com.google.android.odml:image:1.0.0-beta1) with JetifyTransform
Transforming image-1.0.0-beta1.aar (com.google.android.odml:image:1.0.0-beta1) with ExtractAarTransform
Transforming image-1.0.0-beta1.aar (com.google.android.odml:image:1.0.0-beta1) with AarTransform
Transforming listenablefuture-1.0.jar (com.google.guava:listenablefuture:1.0) with JetifyTransform
Transforming listenablefuture-1.0.jar (com.google.guava:listenablefuture:1.0) with ExtractJniTransform
Caching disabled for task ':app:mergeDebugNativeLibs' because:
  Caching has been disabled for the task
Skipping task ':app:mergeDebugNativeLibs' as it is up-to-date.
Resolve mutations for :app:stripDebugDebugSymbols (Thread[#427,Execution worker,5,main]) started.
:app:stripDebugDebugSymbols (Thread[#427,Execution worker,5,main]) started.

> Task :app:stripDebugDebugSymbols UP-TO-DATE
Caching disabled for task ':app:stripDebugDebugSymbols' because:
  Caching has been disabled for the task
Skipping task ':app:stripDebugDebugSymbols' as it is up-to-date.
Resolve mutations for :app:validateSigningDebug (Thread[#427,Execution worker,5,main]) started.
:app:validateSigningDebug (Thread[#427,Execution worker,5,main]) started.

> Task :app:validateSigningDebug UP-TO-DATE
Caching disabled for task ':app:validateSigningDebug' because:
  Caching has been disabled for the task
Skipping task ':app:validateSigningDebug' as it is up-to-date.
Resolve mutations for :app:writeDebugAppMetadata (Thread[#427,Execution worker,5,main]) started.
:app:writeDebugAppMetadata (Thread[#427,Execution worker,5,main]) started.

> Task :app:writeDebugAppMetadata UP-TO-DATE
Caching disabled for task ':app:writeDebugAppMetadata' because:
  Caching has been disabled for the task
Skipping task ':app:writeDebugAppMetadata' as it is up-to-date.
Resolve mutations for :app:writeDebugSigningConfigVersions (Thread[#427,Execution worker,5,main]) started.
:app:writeDebugSigningConfigVersions (Thread[#427,Execution worker,5,main]) started.

> Task :app:writeDebugSigningConfigVersions UP-TO-DATE
Caching disabled for task ':app:writeDebugSigningConfigVersions' because:
  Caching has been disabled for the task
Skipping task ':app:writeDebugSigningConfigVersions' as it is up-to-date.
Resolve mutations for :app:packageDebug (Thread[#428,Execution worker Thread 2,5,main]) started.
:app:packageDebug (Thread[#428,Execution worker Thread 2,5,main]) started.

> Task :app:packageDebug UP-TO-DATE
Custom actions are attached to task ':app:packageDebug'.
Caching disabled for task ':app:packageDebug' because:
  Caching has been disabled for the task
Skipping task ':app:packageDebug' as it is up-to-date.
Resolve mutations for :app:createDebugApkListingFileRedirect (Thread[#428,Execution worker Thread 2,5,main]) started.
:app:createDebugApkListingFileRedirect (Thread[#428,Execution worker Thread 2,5,main]) started.

> Task :app:createDebugApkListingFileRedirect UP-TO-DATE
Caching disabled for task ':app:createDebugApkListingFileRedirect' because:
  Caching has been disabled for the task
Skipping task ':app:createDebugApkListingFileRedirect' as it is up-to-date.
Resolve mutations for :app:installDebug (Thread[#428,Execution worker Thread 2,5,main]) started.
:app:installDebug (Thread[#428,Execution worker Thread 2,5,main]) started.

> Task :app:installDebug
Caching disabled for task ':app:installDebug' because:
  Caching has been disabled for the task
Task ':app:installDebug' is not up-to-date because:
  Task.upToDateWhen is false.
Installing APK 'app-debug.apk' on 'SM-A736B - 15' for :app:debug
Installed on 1 device.

BUILD SUCCESSFUL in 23s
42 actionable tasks: 2 executed, 40 up-to-date
Watched directory hierarchies: [C:\Users\hameed\Documents\GitHub\owlen]

See the profiling report at: file:///C:/Users/hameed/Documents/GitHub/owlen/build/reports/profile/profile-2026-07-16-18-07-32.html
A fine-grained performance profile is available: use the --scan option.
Build time: 00:38.517
BUILD SUCCEEDED ✅
Finished: 2026-07-16 18:08:08
